INSERT INTO `shopnc_activity` (`activity_id`,`activity_title`,`activity_type`,`activity_banner`,`activity_style`,`activity_desc`,`activity_start_date`,`activity_end_date`,`activity_sort`,`activity_state`) VALUES('1','运动专场','1','','default_style','运动专场','1330099200','1356883200','255','1');

INSERT INTO `shopnc_activity_detail` (`activity_detail_id`,`activity_id`,`item_id`,`item_name`,`store_id`,`store_name`,`activity_detail_state`,`activity_detail_sort`) VALUES('1','1','52','LINING 李宁服装 男圆领短袖T恤【演示数据】','2','极限运动基地','1','255');
INSERT INTO `shopnc_activity_detail` (`activity_detail_id`,`activity_id`,`item_id`,`item_name`,`store_id`,`store_name`,`activity_detail_state`,`activity_detail_sort`) VALUES('2','1','55','Lining/李宁服装 男短袖翻领Polo衫【演示数据】','2','极限运动基地','1','255');
INSERT INTO `shopnc_activity_detail` (`activity_detail_id`,`activity_id`,`item_id`,`item_name`,`store_id`,`store_name`,`activity_detail_state`,`activity_detail_sort`) VALUES('3','1','58','正品 LINING/李宁服装 女短袖翻领POLO衫【演示数据】','2','极限运动基地','1','255');
INSERT INTO `shopnc_activity_detail` (`activity_detail_id`,`activity_id`,`item_id`,`item_name`,`store_id`,`store_name`,`activity_detail_state`,`activity_detail_sort`) VALUES('4','1','60','专柜正品/李宁服装 男短袖翻领POLO衫【演示数据】','2','极限运动基地','1','255');
INSERT INTO `shopnc_activity_detail` (`activity_detail_id`,`activity_id`,`item_id`,`item_name`,`store_id`,`store_name`,`activity_detail_state`,`activity_detail_sort`) VALUES('5','1','61','New BalaNew Balance/新百伦服装 女短袖圆领T恤【演示数据】','2','极限运动基地','1','255');
INSERT INTO `shopnc_activity_detail` (`activity_detail_id`,`activity_id`,`item_id`,`item_name`,`store_id`,`store_name`,`activity_detail_state`,`activity_detail_sort`) VALUES('6','1','62','New Balance/新百伦服装 男式短袖圆领T恤【演示数据】','2','极限运动基地','1','255');
INSERT INTO `shopnc_activity_detail` (`activity_detail_id`,`activity_id`,`item_id`,`item_name`,`store_id`,`store_name`,`activity_detail_state`,`activity_detail_sort`) VALUES('7','1','63','正品 LINING 李宁服装 女无袖圆领背心【演示数据】','2','极限运动基地','1','255');
INSERT INTO `shopnc_activity_detail` (`activity_detail_id`,`activity_id`,`item_id`,`item_name`,`store_id`,`store_name`,`activity_detail_state`,`activity_detail_sort`) VALUES('8','1','64','新百伦 new balance 专柜正品 跑步鞋 男式运动鞋【演示数据】','2','极限运动基地','1','255');
INSERT INTO `shopnc_activity_detail` (`activity_detail_id`,`activity_id`,`item_id`,`item_name`,`store_id`,`store_name`,`activity_detail_state`,`activity_detail_sort`) VALUES('9','1','66','李宁 lining 专柜正品 足球鞋 女式运动鞋 【演示数据】','2','极限运动基地','1','255');
INSERT INTO `shopnc_activity_detail` (`activity_detail_id`,`activity_id`,`item_id`,`item_name`,`store_id`,`store_name`,`activity_detail_state`,`activity_detail_sort`) VALUES('10','1','70','三叶草 adidas SUPERSTAR II CQ 正品男式运动鞋 【演示数据】','2','极限运动基地','1','255');
INSERT INTO `shopnc_admin` (`admin_id`,`admin_permission`,`admin_name`,`admin_password`,`admin_login_time`,`admin_login_num`,`admin_is_super`) VALUES('1','login|setting|region|payment|mailtemplates|admin|goods_class|brand|goods|recommend|groupbuy|goods_stat|store_grade|store_class|store|member|notice|trade|article_class|article|document|link|navigation|db|consulting|adv|share_link|activity|coupon|coupon_class|clear_cache','admin','dc483e80a7a0bd9ef71d8cf973673924','1361935070','3','1');

INSERT INTO `shopnc_adv` (`adv_id`,`ap_id`,`adv_title`,`adv_content`,`adv_start_date`,`adv_end_date`,`slide_sort`,`member_id`,`member_name`,`click_num`,`is_allow`,`buy_style`,`goldpay`) VALUES('1','13','首页幻灯片测试广告1','a:2:{s:13:"adv_slide_pic";s:36:"271b2785f67f6119332213367516a426.jpg";s:13:"adv_slide_url";s:14:"www.shopnc.net";}','1306857600','1622476800','1','0','','0','1','','0');
INSERT INTO `shopnc_adv` (`adv_id`,`ap_id`,`adv_title`,`adv_content`,`adv_start_date`,`adv_end_date`,`slide_sort`,`member_id`,`member_name`,`click_num`,`is_allow`,`buy_style`,`goldpay`) VALUES('2','13','首页幻灯片测试广告2','a:2:{s:13:"adv_slide_pic";s:36:"bd32bd9949a93f96eeb7bf7fdc619361.jpg";s:13:"adv_slide_url";s:14:"www.shopnc.net";}','1306857600','1623772800','2','0','','0','1','','0');
INSERT INTO `shopnc_adv` (`adv_id`,`ap_id`,`adv_title`,`adv_content`,`adv_start_date`,`adv_end_date`,`slide_sort`,`member_id`,`member_name`,`click_num`,`is_allow`,`buy_style`,`goldpay`) VALUES('3','13','首页幻灯片测试广告3','a:2:{s:13:"adv_slide_pic";s:36:"7dbaaa6f5324cd4b7a3531dfc5ca810b.jpg";s:13:"adv_slide_url";s:14:"www.shopnc.net";}','1306857600','1622476800','3','0','','0','1','','0');
INSERT INTO `shopnc_adv` (`adv_id`,`ap_id`,`adv_title`,`adv_content`,`adv_start_date`,`adv_end_date`,`slide_sort`,`member_id`,`member_name`,`click_num`,`is_allow`,`buy_style`,`goldpay`) VALUES('4','13','首页幻灯片测试广告4','a:2:{s:13:"adv_slide_pic";s:36:"1c8f6c1c8192d7fa5d3cc7f30d7db09c.jpg";s:13:"adv_slide_url";s:14:"www.shopnc.net";}','1306857600','1622476800','4','0','','0','1','','0');
INSERT INTO `shopnc_adv` (`adv_id`,`ap_id`,`adv_title`,`adv_content`,`adv_start_date`,`adv_end_date`,`slide_sort`,`member_id`,`member_name`,`click_num`,`is_allow`,`buy_style`,`goldpay`) VALUES('5','13','首页幻灯片测试广告5','a:2:{s:13:"adv_slide_pic";s:36:"33e9d8a94c644cd87ca97f7ced8024af.jpg";s:13:"adv_slide_url";s:14:"www.shopnc.net";}','1306857600','1622476800','5','0','','0','1','','0');
INSERT INTO `shopnc_adv` (`adv_id`,`ap_id`,`adv_title`,`adv_content`,`adv_start_date`,`adv_end_date`,`slide_sort`,`member_id`,`member_name`,`click_num`,`is_allow`,`buy_style`,`goldpay`) VALUES('9','25','两格轮换广告02','a:2:{s:7:"adv_pic";s:36:"5591c0054e33b3d86fbdadb536bb50a5.jpg";s:11:"adv_pic_url";s:14:"www.shopnc.net";}','1321977600','1622476800','0','0','','0','1','','0');
INSERT INTO `shopnc_adv` (`adv_id`,`ap_id`,`adv_title`,`adv_content`,`adv_start_date`,`adv_end_date`,`slide_sort`,`member_id`,`member_name`,`click_num`,`is_allow`,`buy_style`,`goldpay`) VALUES('10','24','两格轮换广告01','a:2:{s:7:"adv_pic";s:36:"97caa4b287891a56f9434af1a5b71c82.jpg";s:11:"adv_pic_url";s:14:"www.shopnc.net";}','1321977600','1622476800','0','0','','0','1','','0');
INSERT INTO `shopnc_adv` (`adv_id`,`ap_id`,`adv_title`,`adv_content`,`adv_start_date`,`adv_end_date`,`slide_sort`,`member_id`,`member_name`,`click_num`,`is_allow`,`buy_style`,`goldpay`) VALUES('11','23','四格轮换广告01','a:2:{s:7:"adv_pic";s:36:"edbbe33a9dd3ca37861f4045e34edd5c.jpg";s:11:"adv_pic_url";s:14:"www.shopnc.net";}','1321977600','1622476800','0','0','','0','1','','0');
INSERT INTO `shopnc_adv` (`adv_id`,`ap_id`,`adv_title`,`adv_content`,`adv_start_date`,`adv_end_date`,`slide_sort`,`member_id`,`member_name`,`click_num`,`is_allow`,`buy_style`,`goldpay`) VALUES('12','22','四格轮换广告02','a:2:{s:7:"adv_pic";s:36:"606a56dfbd9509033358ad8beb8ac631.jpg";s:11:"adv_pic_url";s:14:"www.shopnc.net";}','1321977600','1622476800','0','0','','0','1','','0');
INSERT INTO `shopnc_adv` (`adv_id`,`ap_id`,`adv_title`,`adv_content`,`adv_start_date`,`adv_end_date`,`slide_sort`,`member_id`,`member_name`,`click_num`,`is_allow`,`buy_style`,`goldpay`) VALUES('13','21','四格轮换广告03','a:2:{s:7:"adv_pic";s:36:"7f7c874c8f3a4f3835c8fe0348b96600.jpg";s:11:"adv_pic_url";s:14:"www.shopnc.net";}','1321977600','1622476800','0','0','','0','1','','0');
INSERT INTO `shopnc_adv` (`adv_id`,`ap_id`,`adv_title`,`adv_content`,`adv_start_date`,`adv_end_date`,`slide_sort`,`member_id`,`member_name`,`click_num`,`is_allow`,`buy_style`,`goldpay`) VALUES('14','20','四格轮换广告04','a:2:{s:7:"adv_pic";s:36:"c2d7e0d98aab6f4f4f3c8639fe4b4722.jpg";s:11:"adv_pic_url";s:14:"www.shopnc.net";}','1321977600','1622476800','0','0','','0','1','','0');
INSERT INTO `shopnc_adv` (`adv_id`,`ap_id`,`adv_title`,`adv_content`,`adv_start_date`,`adv_end_date`,`slide_sort`,`member_id`,`member_name`,`click_num`,`is_allow`,`buy_style`,`goldpay`) VALUES('15','314','11','a:2:{s:7:"adv_pic";s:36:"9e6dad27996ae8068deb48e885492a65.jpg";s:11:"adv_pic_url";s:0:"";}','1361894400','1364486400','0','6','liujindi','0','0','buy','100');
INSERT INTO `shopnc_adv_position` (`ap_id`,`ap_name`,`ap_intro`,`ap_class`,`ap_display`,`is_use`,`ap_width`,`ap_height`,`ap_price`,`adv_num`,`click_num`,`default_content`) VALUES('9','首页底部通栏图片广告','位于首页底部的通栏型图片广告','0','2','1','1000','90','100','0','0','84de815edad64024ae2e2c45979dc77e.jpg');
INSERT INTO `shopnc_adv_position` (`ap_id`,`ap_name`,`ap_intro`,`ap_class`,`ap_display`,`is_use`,`ap_width`,`ap_height`,`ap_price`,`adv_num`,`click_num`,`default_content`) VALUES('13','首页幻灯片','首页幻灯片','2','0','1','590','260','100','3','0','8d2b873c7dd4ed47aa907b95d7852e6f.jpg');
INSERT INTO `shopnc_adv_position` (`ap_id`,`ap_name`,`ap_intro`,`ap_class`,`ap_display`,`is_use`,`ap_width`,`ap_height`,`ap_price`,`adv_num`,`click_num`,`default_content`) VALUES('14','首页对联广告左','首页对联广告左','0','2','0','150','240','100','0','0','8d1531247fc8ce90b373360fd0b55fd4.jpg');
INSERT INTO `shopnc_adv_position` (`ap_id`,`ap_name`,`ap_intro`,`ap_class`,`ap_display`,`is_use`,`ap_width`,`ap_height`,`ap_price`,`adv_num`,`click_num`,`default_content`) VALUES('15','首页对联广告右','首页对联广告右','0','2','0','150','240','100','0','0','9a708eade54a7070918643a652cd3d7e.jpg');
INSERT INTO `shopnc_adv_position` (`ap_id`,`ap_name`,`ap_intro`,`ap_class`,`ap_display`,`is_use`,`ap_width`,`ap_height`,`ap_price`,`adv_num`,`click_num`,`default_content`) VALUES('16','购物车广告位1','位于购物车信息页面下方图片广告','0','2','1','240','135','100','0','0','eb1ab09f6eb9fe7517c0612b3c45b503.jpg');
INSERT INTO `shopnc_adv_position` (`ap_id`,`ap_name`,`ap_intro`,`ap_class`,`ap_display`,`is_use`,`ap_width`,`ap_height`,`ap_price`,`adv_num`,`click_num`,`default_content`) VALUES('17','购物车广告位2','位于购物车信息页面下方图片广告','0','2','1','240','135','100','0','0','989d9e7bdefaa9568388c7d155ebb066.jpg');
INSERT INTO `shopnc_adv_position` (`ap_id`,`ap_name`,`ap_intro`,`ap_class`,`ap_display`,`is_use`,`ap_width`,`ap_height`,`ap_price`,`adv_num`,`click_num`,`default_content`) VALUES('18','购物车广告位3','位于购物车信息页面下方图片广告','0','2','1','240','135','100','0','0','8357db899b3ba02b5549702be7c4d17d.jpg');
INSERT INTO `shopnc_adv_position` (`ap_id`,`ap_name`,`ap_intro`,`ap_class`,`ap_display`,`is_use`,`ap_width`,`ap_height`,`ap_price`,`adv_num`,`click_num`,`default_content`) VALUES('19','购物车广告位4','位于购物车信息页面下方图片广告','0','2','1','240','135','100','0','0','96d16971074cbf29cc8fc08d2dcda137.jpg');
INSERT INTO `shopnc_adv_position` (`ap_id`,`ap_name`,`ap_intro`,`ap_class`,`ap_display`,`is_use`,`ap_width`,`ap_height`,`ap_price`,`adv_num`,`click_num`,`default_content`) VALUES('20','首页特别推荐-四格轮换广告位01','商城特别推荐处轮动广告
四格图片连为一组广告展示','0','1','1','117','131','100','1','1','f1414e558d853ebd8835f50bda72fdce.jpg');
INSERT INTO `shopnc_adv_position` (`ap_id`,`ap_name`,`ap_intro`,`ap_class`,`ap_display`,`is_use`,`ap_width`,`ap_height`,`ap_price`,`adv_num`,`click_num`,`default_content`) VALUES('21','首页特别推荐-四格轮换广告位02','商城特别推荐处轮动广告
四格图片连为一组广告展示','0','2','1','117','131','100','0','0','dafee38e6539ffe625f7658033e64bb1.jpg');
INSERT INTO `shopnc_adv_position` (`ap_id`,`ap_name`,`ap_intro`,`ap_class`,`ap_display`,`is_use`,`ap_width`,`ap_height`,`ap_price`,`adv_num`,`click_num`,`default_content`) VALUES('22','首页特别推荐-四格轮换广告位03','商城特别推荐处轮动广告
四格图片连为一组广告展示','0','2','1','117','131','100','0','0','3b489eb71d6d7a760e61803cf191c1b7.jpg');
INSERT INTO `shopnc_adv_position` (`ap_id`,`ap_name`,`ap_intro`,`ap_class`,`ap_display`,`is_use`,`ap_width`,`ap_height`,`ap_price`,`adv_num`,`click_num`,`default_content`) VALUES('23','首页特别推荐-四格轮换广告位04','商城特别推荐处轮动广告
四格图片连为一组广告展示','0','2','1','117','131','100','0','0','290e4cd2096b2b3ab1ce633cf3441401.jpg');
INSERT INTO `shopnc_adv_position` (`ap_id`,`ap_name`,`ap_intro`,`ap_class`,`ap_display`,`is_use`,`ap_width`,`ap_height`,`ap_price`,`adv_num`,`click_num`,`default_content`) VALUES('24','首页特别推荐-两格轮换广告位01','商城特别推荐处轮动广告
两格图片连为一组广告展示','0','2','1','230','115','150','0','0','3067e3fbe549d28e183590463cf9c97d.jpg');
INSERT INTO `shopnc_adv_position` (`ap_id`,`ap_name`,`ap_intro`,`ap_class`,`ap_display`,`is_use`,`ap_width`,`ap_height`,`ap_price`,`adv_num`,`click_num`,`default_content`) VALUES('25','首页特别推荐-两格轮换广告位02','商城特别推荐处轮动广告
两格图片连为一组广告展示','0','2','1','230','115','150','0','0','28d1eff4411f81442c8d4eb3ac255672.jpg');
INSERT INTO `shopnc_adv_position` (`ap_id`,`ap_name`,`ap_intro`,`ap_class`,`ap_display`,`is_use`,`ap_width`,`ap_height`,`ap_price`,`adv_num`,`click_num`,`default_content`) VALUES('35','积分列表页中部广告位','积分列表页中部广告位','0','1','1','780','254','30','0','0','f448e48ee0deb06707480d46a2a360ae.gif');
INSERT INTO `shopnc_adv_position` (`ap_id`,`ap_name`,`ap_intro`,`ap_class`,`ap_display`,`is_use`,`ap_width`,`ap_height`,`ap_price`,`adv_num`,`click_num`,`default_content`) VALUES('37','商品列表页左侧广告位','商品列表页左侧广告位','0','1','1','200','350','100','0','0','7a4832d109ee46fe7677c1d3c30e067f.gif');
INSERT INTO `shopnc_adv_position` (`ap_id`,`ap_name`,`ap_intro`,`ap_class`,`ap_display`,`is_use`,`ap_width`,`ap_height`,`ap_price`,`adv_num`,`click_num`,`default_content`) VALUES('301','首页设置活动广告1','首页设置活动广告1','0','2','1','208','128','100','0','0','adv200-100.jpg');
INSERT INTO `shopnc_adv_position` (`ap_id`,`ap_name`,`ap_intro`,`ap_class`,`ap_display`,`is_use`,`ap_width`,`ap_height`,`ap_price`,`adv_num`,`click_num`,`default_content`) VALUES('302','首页设置活动广告2','首页设置活动广告2','0','2','1','208','128','100','0','0','web-1-13_53bfbfc958cb55a435545033bd075bf3.png');
INSERT INTO `shopnc_adv_position` (`ap_id`,`ap_name`,`ap_intro`,`ap_class`,`ap_display`,`is_use`,`ap_width`,`ap_height`,`ap_price`,`adv_num`,`click_num`,`default_content`) VALUES('311','首页设置图片广告1','首页设置图片广告1','0','2','1','220','100','100','0','0','web-1-18_4c91b4889516f10059e6ccf921542323.gif');
INSERT INTO `shopnc_adv_position` (`ap_id`,`ap_name`,`ap_intro`,`ap_class`,`ap_display`,`is_use`,`ap_width`,`ap_height`,`ap_price`,`adv_num`,`click_num`,`default_content`) VALUES('312','首页设置图片广告2','首页设置图片广告2','0','2','1','220','100','100','0','0','web-2-28_9f2f7dcad3049df7450cecd179e142d8.gif');
INSERT INTO `shopnc_adv_position` (`ap_id`,`ap_name`,`ap_intro`,`ap_class`,`ap_display`,`is_use`,`ap_width`,`ap_height`,`ap_price`,`adv_num`,`click_num`,`default_content`) VALUES('313','首页设置图片广告3','首页设置图片广告3','0','2','1','220','100','100','0','0','web-3-38_ff9bd2d724f7138cec1b1937000f4feb.jpg');
INSERT INTO `shopnc_adv_position` (`ap_id`,`ap_name`,`ap_intro`,`ap_class`,`ap_display`,`is_use`,`ap_width`,`ap_height`,`ap_price`,`adv_num`,`click_num`,`default_content`) VALUES('314','首页设置图片广告4','首页设置图片广告4','0','2','1','220','100','100','0','0','web-4-48_cce6e8b8852046a712028b85f99bfe20.jpg');
INSERT INTO `shopnc_adv_position` (`ap_id`,`ap_name`,`ap_intro`,`ap_class`,`ap_display`,`is_use`,`ap_width`,`ap_height`,`ap_price`,`adv_num`,`click_num`,`default_content`) VALUES('371','卖家中心页右侧广告位','卖家中心页右侧广告位','0','1','1','200','350','100','0','0','adv200-300.gif');
INSERT INTO `shopnc_adv_position` (`ap_id`,`ap_name`,`ap_intro`,`ap_class`,`ap_display`,`is_use`,`ap_width`,`ap_height`,`ap_price`,`adv_num`,`click_num`,`default_content`) VALUES('372','买家中心页右侧广告位','买家中心页右侧广告位','0','1','1','200','350','100','0','0','adv200-300.gif');
INSERT INTO `shopnc_album_class` (`aclass_id`,`aclass_name`,`store_id`,`aclass_des`,`aclass_sort`,`aclass_cover`,`upload_time`,`is_default`) VALUES('1','默认相册','2','','255','','1322038584','1');
INSERT INTO `shopnc_album_class` (`aclass_id`,`aclass_name`,`store_id`,`aclass_des`,`aclass_sort`,`aclass_cover`,`upload_time`,`is_default`) VALUES('2','默认相册','3','','255','','1361940203','1');

INSERT INTO `shopnc_album_pic` (`apic_id`,`apic_name`,`apic_tag`,`aclass_id`,`apic_cover`,`apic_size`,`apic_spec`,`store_id`,`upload_time`) VALUES('1','测试优惠券','','1','16b1d78cb31053de8a4c47d2b0390d63.jpg','56884','640x389','2','1322038601');
INSERT INTO `shopnc_album_pic` (`apic_id`,`apic_name`,`apic_tag`,`aclass_id`,`apic_cover`,`apic_size`,`apic_spec`,`store_id`,`upload_time`) VALUES('2','测试优惠券','','1','ec8fbf0921243cca1be11a227c9a768e.jpg','43182','640x389','2','1322038629');
INSERT INTO `shopnc_album_pic` (`apic_id`,`apic_name`,`apic_tag`,`aclass_id`,`apic_cover`,`apic_size`,`apic_spec`,`store_id`,`upload_time`) VALUES('3','单反相机','','1','f21d22bf35391db6723becfa7ccc5512.jpg','166063','800x600','2','1322112651');
INSERT INTO `shopnc_album_pic` (`apic_id`,`apic_name`,`apic_tag`,`aclass_id`,`apic_cover`,`apic_size`,`apic_spec`,`store_id`,`upload_time`) VALUES('4','3bc0a9b9b75a2e5821843d42ee3c7ae9','','1','ae172bd8804dfc1ff6f002fe39f01ac9.jpg','68690','700x700','2','1322112709');
INSERT INTO `shopnc_album_pic` (`apic_id`,`apic_name`,`apic_tag`,`aclass_id`,`apic_cover`,`apic_size`,`apic_spec`,`store_id`,`upload_time`) VALUES('5','0642ee97b40e8175706412bdb6922032','','1','05e04b481b27a5774fbe34ae4ba452e6.jpg','15931','310x310','2','1322112742');
INSERT INTO `shopnc_album_pic` (`apic_id`,`apic_name`,`apic_tag`,`aclass_id`,`apic_cover`,`apic_size`,`apic_spec`,`store_id`,`upload_time`) VALUES('6','d439d539bd2b9e48ba0953d3334e94ca','','1','51528ce2b1e52c44126461b711efa78f.jpg','49867','490x630','2','1322112813');
INSERT INTO `shopnc_album_pic` (`apic_id`,`apic_name`,`apic_tag`,`aclass_id`,`apic_cover`,`apic_size`,`apic_spec`,`store_id`,`upload_time`) VALUES('7','bd059208b95fe3b780e4ef1438ac47c5','','1','0993ac952e86691c2351d26d6223a386.jpg','323862','1932x1928','2','1322113914');
INSERT INTO `shopnc_album_pic` (`apic_id`,`apic_name`,`apic_tag`,`aclass_id`,`apic_cover`,`apic_size`,`apic_spec`,`store_id`,`upload_time`) VALUES('96','化妆品-5','','1','16ad561a77804f7c76b03462d852f5ef.jpg','313194','700x700','2','1322121809');
INSERT INTO `shopnc_album_pic` (`apic_id`,`apic_name`,`apic_tag`,`aclass_id`,`apic_cover`,`apic_size`,`apic_spec`,`store_id`,`upload_time`) VALUES('9','ea1c1d5952cf2f70ec19915b83ae7667','','1','7270c24985184d87ee18c8f20ea46491.jpg','49290','532x470','2','1322114080');
INSERT INTO `shopnc_album_pic` (`apic_id`,`apic_name`,`apic_tag`,`aclass_id`,`apic_cover`,`apic_size`,`apic_spec`,`store_id`,`upload_time`) VALUES('11','b34ce09a3cbd8528c4dd8f38ab10868c','','1','d65799f6e43cb59841c62783caeef540.jpg','307817','952x960','2','1322114301');
INSERT INTO `shopnc_album_pic` (`apic_id`,`apic_name`,`apic_tag`,`aclass_id`,`apic_cover`,`apic_size`,`apic_spec`,`store_id`,`upload_time`) VALUES('103','化妆品4-2','','1','0390369243d94cc16f9537515dcd384e.jpg','319490','700x700','2','1322122946');
INSERT INTO `shopnc_album_pic` (`apic_id`,`apic_name`,`apic_tag`,`aclass_id`,`apic_cover`,`apic_size`,`apic_spec`,`store_id`,`upload_time`) VALUES('102','化妆品4-1','','1','4881e7d174693f1196e669b86643ddd8.jpg','112302','700x700','2','1322122940');
INSERT INTO `shopnc_album_pic` (`apic_id`,`apic_name`,`apic_tag`,`aclass_id`,`apic_cover`,`apic_size`,`apic_spec`,`store_id`,`upload_time`) VALUES('14','4b8cef2e7917b20d4a25084faf1dc631','','1','50deee70b91ec2c286b468469c336e09.jpg','164292','900x682','2','1322114460');
INSERT INTO `shopnc_album_pic` (`apic_id`,`apic_name`,`apic_tag`,`aclass_id`,`apic_cover`,`apic_size`,`apic_spec`,`store_id`,`upload_time`) VALUES('15','1-1','','1','e5c20350c46a482f64c10c5f6c83486a.jpg','39875','720x720','2','1322114515');
INSERT INTO `shopnc_album_pic` (`apic_id`,`apic_name`,`apic_tag`,`aclass_id`,`apic_cover`,`apic_size`,`apic_spec`,`store_id`,`upload_time`) VALUES('16','1','','1','e953812764730143d073f2a0d89a0226.jpg','33029','615x615','2','1322114552');
INSERT INTO `shopnc_album_pic` (`apic_id`,`apic_name`,`apic_tag`,`aclass_id`,`apic_cover`,`apic_size`,`apic_spec`,`store_id`,`upload_time`) VALUES('17','1-2','','1','a3d219feb7224a822f7336651bdfa84b.jpg','54248','720x720','2','1322114555');
INSERT INTO `shopnc_album_pic` (`apic_id`,`apic_name`,`apic_tag`,`aclass_id`,`apic_cover`,`apic_size`,`apic_spec`,`store_id`,`upload_time`) VALUES('18','1-4','','1','c307d4ddbf659acb1000296588d24266.jpg','42471','720x720','2','1322114557');
INSERT INTO `shopnc_album_pic` (`apic_id`,`apic_name`,`apic_tag`,`aclass_id`,`apic_cover`,`apic_size`,`apic_spec`,`store_id`,`upload_time`) VALUES('19','1-5','','1','b0c9de555eb9ebaf7ea5b195ceec9478.jpg','89478','730x146','2','1322114559');
INSERT INTO `shopnc_album_pic` (`apic_id`,`apic_name`,`apic_tag`,`aclass_id`,`apic_cover`,`apic_size`,`apic_spec`,`store_id`,`upload_time`) VALUES('20','d86628f6d3e8f0d0e09e24caa0fe70f6','','1','3a27926d6a56f04f0943475354a4bac1.jpg','90703','700x700','2','1322114580');
INSERT INTO `shopnc_album_pic` (`apic_id`,`apic_name`,`apic_tag`,`aclass_id`,`apic_cover`,`apic_size`,`apic_spec`,`store_id`,`upload_time`) VALUES('21','6d387c7b98d7a1ac6ac2e6bdb92bac3b','','1','ba04cebcbe4397df5ca8b60b3ebcda08.jpg','23801','500x375','2','1322114656');
INSERT INTO `shopnc_album_pic` (`apic_id`,`apic_name`,`apic_tag`,`aclass_id`,`apic_cover`,`apic_size`,`apic_spec`,`store_id`,`upload_time`) VALUES('22','e5d141418c1751634cf990ff34307bbe','','1','cfd07fdd0288d2528abb93239a143ade.jpg','30890','523x471','2','1322114753');
INSERT INTO `shopnc_album_pic` (`apic_id`,`apic_name`,`apic_tag`,`aclass_id`,`apic_cover`,`apic_size`,`apic_spec`,`store_id`,`upload_time`) VALUES('114','化妆7-1','','1','34af6ee1bf0d5e8e51abb5c3f3022544.jpg','241944','700x700','2','1322123945');
INSERT INTO `shopnc_album_pic` (`apic_id`,`apic_name`,`apic_tag`,`aclass_id`,`apic_cover`,`apic_size`,`apic_spec`,`store_id`,`upload_time`) VALUES('107','面膜-1','','1','1a7aad65f2b3293b34f898d2bc5ff7e2.jpg','56594','499x476','2','1322123554');
INSERT INTO `shopnc_album_pic` (`apic_id`,`apic_name`,`apic_tag`,`aclass_id`,`apic_cover`,`apic_size`,`apic_spec`,`store_id`,`upload_time`) VALUES('25','3e399a4657921015e2c0ae90a22c34d7','','1','aa9c12062f79204a23f395ed01b538f9.jpg','85200','800x600','2','1322114955');
INSERT INTO `shopnc_album_pic` (`apic_id`,`apic_name`,`apic_tag`,`aclass_id`,`apic_cover`,`apic_size`,`apic_spec`,`store_id`,`upload_time`) VALUES('106','面膜-3','','1','81680159995562293f555d74a7472151.jpg','231499','750x515','2','1322123551');
INSERT INTO `shopnc_album_pic` (`apic_id`,`apic_name`,`apic_tag`,`aclass_id`,`apic_cover`,`apic_size`,`apic_spec`,`store_id`,`upload_time`) VALUES('27','7d531d4e20fb07ed088599e4973f03b8','','1','b86adcbf285eccbb62e4bcccabd24836.jpg','58961','458x480','2','1322115043');
INSERT INTO `shopnc_album_pic` (`apic_id`,`apic_name`,`apic_tag`,`aclass_id`,`apic_cover`,`apic_size`,`apic_spec`,`store_id`,`upload_time`) VALUES('28','item-0E77F76C-CA55F63200000000004A3B330800DAD8','','1','0036cc108fd9f490bb434c900bd12985.jpg','189753','1080x1080','2','1322115519');
INSERT INTO `shopnc_album_pic` (`apic_id`,`apic_name`,`apic_tag`,`aclass_id`,`apic_cover`,`apic_size`,`apic_spec`,`store_id`,`upload_time`) VALUES('29','cgi_imgload','','1','ec05940a880c273d27d5bc23c1e36b1c.jpeg','351495','700x467','2','1322115519');
INSERT INTO `shopnc_album_pic` (`apic_id`,`apic_name`,`apic_tag`,`aclass_id`,`apic_cover`,`apic_size`,`apic_spec`,`store_id`,`upload_time`) VALUES('30','item-0E5B0221-60E8D2030000000004010000008DF1BF','','1','0c7258a85d7a43af39a57300169a740a.jpg','118594','800x800','2','1322115789');
INSERT INTO `shopnc_album_pic` (`apic_id`,`apic_name`,`apic_tag`,`aclass_id`,`apic_cover`,`apic_size`,`apic_spec`,`store_id`,`upload_time`) VALUES('31','2-1','','1','3f167760d8640f6c5c11f7f47efcd18d.jpg','35193','720x720','2','1322115891');
INSERT INTO `shopnc_album_pic` (`apic_id`,`apic_name`,`apic_tag`,`aclass_id`,`apic_cover`,`apic_size`,`apic_spec`,`store_id`,`upload_time`) VALUES('32','item-0E82A155-60E8D2030000000004010000022141F0','','1','47de9eb07984702d5f424d1a56286d68.jpg','104037','800x800','2','1322115909');
INSERT INTO `shopnc_album_pic` (`apic_id`,`apic_name`,`apic_tag`,`aclass_id`,`apic_cover`,`apic_size`,`apic_spec`,`store_id`,`upload_time`) VALUES('33','item-0E780C13-CA55F6320000000004010000003F9C01','','1','096bd6588a631f74a343f157d72ce368.jpg','193940','1080x1080','2','1322116168');
INSERT INTO `shopnc_album_pic` (`apic_id`,`apic_name`,`apic_tag`,`aclass_id`,`apic_cover`,`apic_size`,`apic_spec`,`store_id`,`upload_time`) VALUES('34','cgi_imgload','','1','b7adc5cb1ff9955503920165cc22167f.jpeg','293867','700x900','2','1322116180');
INSERT INTO `shopnc_album_pic` (`apic_id`,`apic_name`,`apic_tag`,`aclass_id`,`apic_cover`,`apic_size`,`apic_spec`,`store_id`,`upload_time`) VALUES('35','2-5','','1','c2c8e577956049de1c2be4fc6fca7745.jpg','47228','800x800','2','1322116187');
INSERT INTO `shopnc_album_pic` (`apic_id`,`apic_name`,`apic_tag`,`aclass_id`,`apic_cover`,`apic_size`,`apic_spec`,`store_id`,`upload_time`) VALUES('36','2-2','','1','b5c8b569d50fc45782f930cb5978f2ed.jpg','58840','800x800','2','1322116188');
INSERT INTO `shopnc_album_pic` (`apic_id`,`apic_name`,`apic_tag`,`aclass_id`,`apic_cover`,`apic_size`,`apic_spec`,`store_id`,`upload_time`) VALUES('37','2-3','','1','bc7d905825c408d26339b82ffffc3c63.jpg','51628','800x800','2','1322116190');
INSERT INTO `shopnc_album_pic` (`apic_id`,`apic_name`,`apic_tag`,`aclass_id`,`apic_cover`,`apic_size`,`apic_spec`,`store_id`,`upload_time`) VALUES('38','2-4','','1','9edbb02b5a21368228ec2a1451107ad8.jpg','43791','800x800','2','1322116191');
INSERT INTO `shopnc_album_pic` (`apic_id`,`apic_name`,`apic_tag`,`aclass_id`,`apic_cover`,`apic_size`,`apic_spec`,`store_id`,`upload_time`) VALUES('39','宝贝参数','','1','d7415149a84ec82191ad182b4321073f.jpg','59741','635x448','2','1322116666');
INSERT INTO `shopnc_album_pic` (`apic_id`,`apic_name`,`apic_tag`,`aclass_id`,`apic_cover`,`apic_size`,`apic_spec`,`store_id`,`upload_time`) VALUES('42','c817a82cb1bd340385f0a020f42cc2cb','','1','e786981e63e24b6e3e8f617a54fea4c7.jpg','69108','750x235','2','1322116689');
INSERT INTO `shopnc_album_pic` (`apic_id`,`apic_name`,`apic_tag`,`aclass_id`,`apic_cover`,`apic_size`,`apic_spec`,`store_id`,`upload_time`) VALUES('41','item-0EBF4347-435EF6320000000004010000029558DF','','1','28b00f923fdaafbd9e36241873809d76.jpg','75649','800x800','2','1322116667');
INSERT INTO `shopnc_album_pic` (`apic_id`,`apic_name`,`apic_tag`,`aclass_id`,`apic_cover`,`apic_size`,`apic_spec`,`store_id`,`upload_time`) VALUES('43','3-1','','1','ce8c787d5e0b7e7a4e176d1be80939b9.jpg','32904','600x900','2','1322116783');
INSERT INTO `shopnc_album_pic` (`apic_id`,`apic_name`,`apic_tag`,`aclass_id`,`apic_cover`,`apic_size`,`apic_spec`,`store_id`,`upload_time`) VALUES('44','f76dcec8f60f155ae3ce2953e302aa0a','','1','e9c053b2f4273024dab81dce35bdedec.jpg','16497','310x310','2','1322116875');
INSERT INTO `shopnc_album_pic` (`apic_id`,`apic_name`,`apic_tag`,`aclass_id`,`apic_cover`,`apic_size`,`apic_spec`,`store_id`,`upload_time`) VALUES('123','547b870db4ee617b4daac8f0ec084c54','','1','b9acf401ab3ab0b888316279d7f28ebf.jpg','56466','750x750','2','1322125228');
INSERT INTO `shopnc_album_pic` (`apic_id`,`apic_name`,`apic_tag`,`aclass_id`,`apic_cover`,`apic_size`,`apic_spec`,`store_id`,`upload_time`) VALUES('46','宝贝参数','','1','b3d889905426ee81e56d629c951c72e7.jpg','53157','637x457','2','1322117012');
INSERT INTO `shopnc_album_pic` (`apic_id`,`apic_name`,`apic_tag`,`aclass_id`,`apic_cover`,`apic_size`,`apic_spec`,`store_id`,`upload_time`) VALUES('47','a6b5893ef26747ccf4cfe8830e9d0b1e','','1','ddfcab24bd812c466788eeba587f4057.jpg','93844','700x700','2','1322117084');
INSERT INTO `shopnc_album_pic` (`apic_id`,`apic_name`,`apic_tag`,`aclass_id`,`apic_cover`,`apic_size`,`apic_spec`,`store_id`,`upload_time`) VALUES('48','80d6cbbecb28bb47f57fd3d08bd4b10d','','1','3f81874d594894d19150843c42fb1f8e.jpg','142079','700x700','2','1322117328');
INSERT INTO `shopnc_album_pic` (`apic_id`,`apic_name`,`apic_tag`,`aclass_id`,`apic_cover`,`apic_size`,`apic_spec`,`store_id`,`upload_time`) VALUES('49','472e814cce0bb3f9bd7fdc2c0192d8aa','','1','ea36f7ea0aff6af0a50674b1619f7702.jpg','101363','700x700','2','1322117467');
INSERT INTO `shopnc_album_pic` (`apic_id`,`apic_name`,`apic_tag`,`aclass_id`,`apic_cover`,`apic_size`,`apic_spec`,`store_id`,`upload_time`) VALUES('50','cgi_imgload','','1','c9d06fe0d1bdbbef07b4a68fb6d826b8.jpeg','259059','615x497','2','1322117487');
INSERT INTO `shopnc_album_pic` (`apic_id`,`apic_name`,`apic_tag`,`aclass_id`,`apic_cover`,`apic_size`,`apic_spec`,`store_id`,`upload_time`) VALUES('51','88f76fc30fbcfe7247d6ea3b8c4171c8','','1','ed3755ac3f250e8a7be3c14343c67832.jpg','96652','700x700','2','1322117623');
INSERT INTO `shopnc_album_pic` (`apic_id`,`apic_name`,`apic_tag`,`aclass_id`,`apic_cover`,`apic_size`,`apic_spec`,`store_id`,`upload_time`) VALUES('52','S01336-1','','1','33b3f4eb42b918357ba686119b4cc703.jpg','103145','750x506','2','1322117784');
INSERT INTO `shopnc_album_pic` (`apic_id`,`apic_name`,`apic_tag`,`aclass_id`,`apic_cover`,`apic_size`,`apic_spec`,`store_id`,`upload_time`) VALUES('53','item-0E77F8A9-80784107000000000401000001AC6981','','1','8a0cfade0b152c137a6855c580efeaa9.jpg','175994','1000x1000','2','1322117785');
INSERT INTO `shopnc_album_pic` (`apic_id`,`apic_name`,`apic_tag`,`aclass_id`,`apic_cover`,`apic_size`,`apic_spec`,`store_id`,`upload_time`) VALUES('54','21532f184b7e98a382b673b50cbb3b27','','1','ea64cc34f663159a68fde6872718541c.jpg','15508','310x310','2','1322117830');
INSERT INTO `shopnc_album_pic` (`apic_id`,`apic_name`,`apic_tag`,`aclass_id`,`apic_cover`,`apic_size`,`apic_spec`,`store_id`,`upload_time`) VALUES('55','abc131e4f3f53d1229eb4343c8e3d6ee','','1','04fb225ea46bd1346f330400eedb7ef2.jpg','19611','310x310','2','1322117986');
INSERT INTO `shopnc_album_pic` (`apic_id`,`apic_name`,`apic_tag`,`aclass_id`,`apic_cover`,`apic_size`,`apic_spec`,`store_id`,`upload_time`) VALUES('56','item-0EACF58E-80784107000000000401000004285C91','','1','b3fa422271ee0e974af458a049ca7e77.jpg','96401','1000x667','2','1322118125');
INSERT INTO `shopnc_album_pic` (`apic_id`,`apic_name`,`apic_tag`,`aclass_id`,`apic_cover`,`apic_size`,`apic_spec`,`store_id`,`upload_time`) VALUES('57','0a8c7b9785f7d40304d6406f70d55b1a','','1','e4ae4512e5d2477bfa5fb89669a0df03.jpg','64612','750x750','2','1322118306');
INSERT INTO `shopnc_album_pic` (`apic_id`,`apic_name`,`apic_tag`,`aclass_id`,`apic_cover`,`apic_size`,`apic_spec`,`store_id`,`upload_time`) VALUES('58','4f352acaa4cfd7ddece045b5225cfaf6','','1','118aaa62c6378b8f5d4355b4c3d89636.jpg','77429','750x334','2','1322118321');
INSERT INTO `shopnc_album_pic` (`apic_id`,`apic_name`,`apic_tag`,`aclass_id`,`apic_cover`,`apic_size`,`apic_spec`,`store_id`,`upload_time`) VALUES('59','bd1b083df728a0b85bc534a6da7db268','','1','963260ffdc530dd871f817a99d38119d.jpg','70831','750x750','2','1322118336');
INSERT INTO `shopnc_album_pic` (`apic_id`,`apic_name`,`apic_tag`,`aclass_id`,`apic_cover`,`apic_size`,`apic_spec`,`store_id`,`upload_time`) VALUES('60','9d4d840b32664eaf4ee9decd3eafe7bb','','1','ce68bd3780a968a105834d850cc211cb.jpg','156678','750x749','2','1322118349');
INSERT INTO `shopnc_album_pic` (`apic_id`,`apic_name`,`apic_tag`,`aclass_id`,`apic_cover`,`apic_size`,`apic_spec`,`store_id`,`upload_time`) VALUES('65','item-0DB7D252-807841070000000000003AF3076BCDFF','','1','984600f5e9d1a07163cbe01e7500ad11.jpg','49128','700x700','2','1322118462');
INSERT INTO `shopnc_album_pic` (`apic_id`,`apic_name`,`apic_tag`,`aclass_id`,`apic_cover`,`apic_size`,`apic_spec`,`store_id`,`upload_time`) VALUES('62','25e6a3ebfe92a41c47b8f91bf6ae5691','','1','8cc9076454b3d68475778e4c5b68813a.jpg','65069','750x750','2','1322118374');
INSERT INTO `shopnc_album_pic` (`apic_id`,`apic_name`,`apic_tag`,`aclass_id`,`apic_cover`,`apic_size`,`apic_spec`,`store_id`,`upload_time`) VALUES('63','593dada3d79ca538a0a65ae911a6add1','','1','6454bd0ebdc79d1a445242fd773ac00f.jpg','72307','750x750','2','1322118388');
INSERT INTO `shopnc_album_pic` (`apic_id`,`apic_name`,`apic_tag`,`aclass_id`,`apic_cover`,`apic_size`,`apic_spec`,`store_id`,`upload_time`) VALUES('72','e3e9d82ceb83ef7734cc6898f26a03a1','','1','9422982b8e62a7d5e0c48a79cd1828cb.jpg','254870','740x1135','2','1322118940');
INSERT INTO `shopnc_album_pic` (`apic_id`,`apic_name`,`apic_tag`,`aclass_id`,`apic_cover`,`apic_size`,`apic_spec`,`store_id`,`upload_time`) VALUES('67','6e696dc51929744e4586cd1400463f83','','1','ae3906538ba6506934e9fa67fdbb7cb4.jpg','333952','740x1135','2','1322118678');
INSERT INTO `shopnc_album_pic` (`apic_id`,`apic_name`,`apic_tag`,`aclass_id`,`apic_cover`,`apic_size`,`apic_spec`,`store_id`,`upload_time`) VALUES('68','365d4e7f30ba220475b8dde9af8a8714','','1','d8a8e30ede885c06f9da26d8a75f311b.jpg','68041','750x750','2','1322118689');
INSERT INTO `shopnc_album_pic` (`apic_id`,`apic_name`,`apic_tag`,`aclass_id`,`apic_cover`,`apic_size`,`apic_spec`,`store_id`,`upload_time`) VALUES('69','a56dfda8b202319d8898042b6ba0abf5','','1','7117cae0707acea0dff351c727767416.jpg','88178','750x750','2','1322118705');
INSERT INTO `shopnc_album_pic` (`apic_id`,`apic_name`,`apic_tag`,`aclass_id`,`apic_cover`,`apic_size`,`apic_spec`,`store_id`,`upload_time`) VALUES('70','63d64b9c2c14dcdc4afb9cc2ca310493','','1','a1dcb4e35fe2706532dfe75e9ae1f07e.jpg','157397','740x803','2','1322118746');
INSERT INTO `shopnc_album_pic` (`apic_id`,`apic_name`,`apic_tag`,`aclass_id`,`apic_cover`,`apic_size`,`apic_spec`,`store_id`,`upload_time`) VALUES('71','d571f0ef0162118d9e46bc7b2935d8c0','','1','356ef8679ef2c96d6bfe5f1035904233.jpg','91869','750x750','2','1322118761');
INSERT INTO `shopnc_album_pic` (`apic_id`,`apic_name`,`apic_tag`,`aclass_id`,`apic_cover`,`apic_size`,`apic_spec`,`store_id`,`upload_time`) VALUES('73','http_imgload','','1','70cd400bc29f748ebde074e04f1ad081.jpeg','45127','480x481','2','1322118946');
INSERT INTO `shopnc_album_pic` (`apic_id`,`apic_name`,`apic_tag`,`aclass_id`,`apic_cover`,`apic_size`,`apic_spec`,`store_id`,`upload_time`) VALUES('74','item-0C696EB0-808D980E00000000000039F50689B89F','','1','18aecc7a09884fbf912914e3dddc9dc3.jpg','38026','480x480','2','1322118946');
INSERT INTO `shopnc_album_pic` (`apic_id`,`apic_name`,`apic_tag`,`aclass_id`,`apic_cover`,`apic_size`,`apic_spec`,`store_id`,`upload_time`) VALUES('75','04321343acd8c7510a2167911cdebf7e','','1','6eef4e79cc1cdabbb067e88090b19554.jpg','127141','740x803','2','1322118950');
INSERT INTO `shopnc_album_pic` (`apic_id`,`apic_name`,`apic_tag`,`aclass_id`,`apic_cover`,`apic_size`,`apic_spec`,`store_id`,`upload_time`) VALUES('76','697780d389ab3ec8ce50d522ac93d75e','','1','496d409e03e72c047c207c7ec22394b6.jpg','138303','740x594','2','1322118974');
INSERT INTO `shopnc_album_pic` (`apic_id`,`apic_name`,`apic_tag`,`aclass_id`,`apic_cover`,`apic_size`,`apic_spec`,`store_id`,`upload_time`) VALUES('77','3a29882e0065e46e1e1fddc076ab9c0a','','1','1d71e5144f77c9cc6df27831262e2b12.jpg','54945','750x750','2','1322118983');
INSERT INTO `shopnc_album_pic` (`apic_id`,`apic_name`,`apic_tag`,`aclass_id`,`apic_cover`,`apic_size`,`apic_spec`,`store_id`,`upload_time`) VALUES('78','d8506a82f784bd3c45242c00535bc9d2','','1','436947317661618cae6cc4067eb32046.jpg','56558','750x750','2','1322118990');
INSERT INTO `shopnc_album_pic` (`apic_id`,`apic_name`,`apic_tag`,`aclass_id`,`apic_cover`,`apic_size`,`apic_spec`,`store_id`,`upload_time`) VALUES('79','7233a488c8680bd063b81fca14884141','','1','c78affa09050a1862902173d57d96227.jpg','88350','750x750','2','1322119001');
INSERT INTO `shopnc_album_pic` (`apic_id`,`apic_name`,`apic_tag`,`aclass_id`,`apic_cover`,`apic_size`,`apic_spec`,`store_id`,`upload_time`) VALUES('80','36665f5efd55172fe4364ecd734e0783','','1','99ec3e7d533a2e8341444de4bb7f20ff.jpg','101247','490x630','2','1322119157');
INSERT INTO `shopnc_album_pic` (`apic_id`,`apic_name`,`apic_tag`,`aclass_id`,`apic_cover`,`apic_size`,`apic_spec`,`store_id`,`upload_time`) VALUES('81','52e03df7c3ba3d38b8faef91cd269986','','1','53627d8fd87e695f1408f7ac12f29cac.jpg','164785','490x630','2','1322119177');
INSERT INTO `shopnc_album_pic` (`apic_id`,`apic_name`,`apic_tag`,`aclass_id`,`apic_cover`,`apic_size`,`apic_spec`,`store_id`,`upload_time`) VALUES('82','4b114063e9cbb08b2e0006f3aaf91dcf','','1','4b42fbccd271020c5d430090fa93bdf3.jpg','116570','490x630','2','1322119189');
INSERT INTO `shopnc_album_pic` (`apic_id`,`apic_name`,`apic_tag`,`aclass_id`,`apic_cover`,`apic_size`,`apic_spec`,`store_id`,`upload_time`) VALUES('83','c1d453f1876d49e164d600185d915105','','1','c82b0fb1e16f066387a97f0fa5095fef.jpg','26895','310x310','2','1322119308');
INSERT INTO `shopnc_album_pic` (`apic_id`,`apic_name`,`apic_tag`,`aclass_id`,`apic_cover`,`apic_size`,`apic_spec`,`store_id`,`upload_time`) VALUES('84','fde1e2240e9f64f3bf391b30114d1eec','','1','6565b39799e1b811813300a60f6eca13.jpg','72281','750x334','2','1322119429');
INSERT INTO `shopnc_album_pic` (`apic_id`,`apic_name`,`apic_tag`,`aclass_id`,`apic_cover`,`apic_size`,`apic_spec`,`store_id`,`upload_time`) VALUES('93','化妆品-2','','1','b9ddc65e07934b70196f4e8deac7aa5e.jpg','48329','734x497','2','1322121254');
INSERT INTO `shopnc_album_pic` (`apic_id`,`apic_name`,`apic_tag`,`aclass_id`,`apic_cover`,`apic_size`,`apic_spec`,`store_id`,`upload_time`) VALUES('86','a035df70e9671664b4270ff8ecd7bcce','','1','569824668b45539cc9636f64a9ff0c72.jpg','49936','750x750','2','1322119458');
INSERT INTO `shopnc_album_pic` (`apic_id`,`apic_name`,`apic_tag`,`aclass_id`,`apic_cover`,`apic_size`,`apic_spec`,`store_id`,`upload_time`) VALUES('87','cf2ccdccc3263f85a8241a73760cfd2b','','1','c6a8e1b002eb31b95a8a89b961660d25.jpg','46913','750x750','2','1322119470');
INSERT INTO `shopnc_album_pic` (`apic_id`,`apic_name`,`apic_tag`,`aclass_id`,`apic_cover`,`apic_size`,`apic_spec`,`store_id`,`upload_time`) VALUES('88','c2a612e9715a5e2922c555d311faef66','','1','e391bfb2e3e07a8a0da9bcea3c6d495f.jpg','118843','750x641','2','1322119483');
INSERT INTO `shopnc_album_pic` (`apic_id`,`apic_name`,`apic_tag`,`aclass_id`,`apic_cover`,`apic_size`,`apic_spec`,`store_id`,`upload_time`) VALUES('89','448fa5caaf2754b91badc5899a9117dd','','1','949ae7c1258a2de4ea2886ad4cb37bd0.jpg','54954','750x750','2','1322119497');
INSERT INTO `shopnc_album_pic` (`apic_id`,`apic_name`,`apic_tag`,`aclass_id`,`apic_cover`,`apic_size`,`apic_spec`,`store_id`,`upload_time`) VALUES('90','7c7ebc5bdd80c3ffe90115ff73de20a2','','1','3a60eb598a08530ca7702b00cacdff2d.jpg','26655','750x750','2','1322119531');
INSERT INTO `shopnc_album_pic` (`apic_id`,`apic_name`,`apic_tag`,`aclass_id`,`apic_cover`,`apic_size`,`apic_spec`,`store_id`,`upload_time`) VALUES('94','化妆品-3','','1','4acea7994dd3fe86d93ae19698831b92.jpg','391279','700x700','2','1322121256');
INSERT INTO `shopnc_album_pic` (`apic_id`,`apic_name`,`apic_tag`,`aclass_id`,`apic_cover`,`apic_size`,`apic_spec`,`store_id`,`upload_time`) VALUES('95','化妆品-4','','1','a0db986da7b7a2dc7e4cfb4b65692cbc.jpg','220468','700x700','2','1322121259');
INSERT INTO `shopnc_album_pic` (`apic_id`,`apic_name`,`apic_tag`,`aclass_id`,`apic_cover`,`apic_size`,`apic_spec`,`store_id`,`upload_time`) VALUES('97','化妆品-2','','1','1a4bd0a2447d76b9494e4c5e22f184ea.jpg','288991','700x700','2','1322121811');
INSERT INTO `shopnc_album_pic` (`apic_id`,`apic_name`,`apic_tag`,`aclass_id`,`apic_cover`,`apic_size`,`apic_spec`,`store_id`,`upload_time`) VALUES('98','化妆品-5','','1','85637d64635444a2c7c9c66b310c2803.jpg','46906','739x497','2','1322122341');
INSERT INTO `shopnc_album_pic` (`apic_id`,`apic_name`,`apic_tag`,`aclass_id`,`apic_cover`,`apic_size`,`apic_spec`,`store_id`,`upload_time`) VALUES('104','化妆品5-1','','1','fdde88fceb45f66e35d9da05b23e3e40.jpg','90147','700x700','2','1322123149');
INSERT INTO `shopnc_album_pic` (`apic_id`,`apic_name`,`apic_tag`,`aclass_id`,`apic_cover`,`apic_size`,`apic_spec`,`store_id`,`upload_time`) VALUES('99','化妆品-5','','1','57ec6dae05bcb152e946401f1327c17a.jpg','124978','700x700','2','1322122343');
INSERT INTO `shopnc_album_pic` (`apic_id`,`apic_name`,`apic_tag`,`aclass_id`,`apic_cover`,`apic_size`,`apic_spec`,`store_id`,`upload_time`) VALUES('100','化妆品-2','','1','037b5d5ac64672fe0cdb35d4cc3b0caa.jpg','211105','750x531','2','1322122345');
INSERT INTO `shopnc_album_pic` (`apic_id`,`apic_name`,`apic_tag`,`aclass_id`,`apic_cover`,`apic_size`,`apic_spec`,`store_id`,`upload_time`) VALUES('101','化妆品-4','','1','0123b4b558661879d36aec9c7d12b107.jpg','53084','739x574','2','1322122346');
INSERT INTO `shopnc_album_pic` (`apic_id`,`apic_name`,`apic_tag`,`aclass_id`,`apic_cover`,`apic_size`,`apic_spec`,`store_id`,`upload_time`) VALUES('105','化妆品5-2','','1','69f3110840b378769b0cf87b8fa38bea.jpg','356747','800x800','2','1322123155');
INSERT INTO `shopnc_album_pic` (`apic_id`,`apic_name`,`apic_tag`,`aclass_id`,`apic_cover`,`apic_size`,`apic_spec`,`store_id`,`upload_time`) VALUES('112','面膜-2','','1','911ebbce6dcce91a5855f025eb9d8df7.jpg','32106','738x738','2','1322123734');
INSERT INTO `shopnc_album_pic` (`apic_id`,`apic_name`,`apic_tag`,`aclass_id`,`apic_cover`,`apic_size`,`apic_spec`,`store_id`,`upload_time`) VALUES('115','化妆品8-1','','1','84fcb7c4a35bd01af150ca5c0e068374.jpg','114548','700x700','2','1322124366');
INSERT INTO `shopnc_album_pic` (`apic_id`,`apic_name`,`apic_tag`,`aclass_id`,`apic_cover`,`apic_size`,`apic_spec`,`store_id`,`upload_time`) VALUES('116','T2BLx_XdlXXXXXXXXX_!!379833581','','1','c7965d058c459e663f567f7cadb827f9.jpg','21867','750x750','2','1322124516');
INSERT INTO `shopnc_album_pic` (`apic_id`,`apic_name`,`apic_tag`,`aclass_id`,`apic_cover`,`apic_size`,`apic_spec`,`store_id`,`upload_time`) VALUES('117','T13BCxXbdkXXb0yuA4_052524','','1','f83455c1f08937dd1a8f57f8d1211dea.jpg','113391','800x800','2','1322124732');
INSERT INTO `shopnc_album_pic` (`apic_id`,`apic_name`,`apic_tag`,`aclass_id`,`apic_cover`,`apic_size`,`apic_spec`,`store_id`,`upload_time`) VALUES('118','化妆品9-1','','1','f047591bb2eb594d94849d08a652e184.jpg','103502','700x700','2','1322124786');
INSERT INTO `shopnc_album_pic` (`apic_id`,`apic_name`,`apic_tag`,`aclass_id`,`apic_cover`,`apic_size`,`apic_spec`,`store_id`,`upload_time`) VALUES('119','T1K4B7XmXqXXcQjs','','1','ac241afe1d3741879f113f8070798056.jpg','104949','750x750','2','1322124822');
INSERT INTO `shopnc_album_pic` (`apic_id`,`apic_name`,`apic_tag`,`aclass_id`,`apic_cover`,`apic_size`,`apic_spec`,`store_id`,`upload_time`) VALUES('120','化妆品10-1','','1','4148eb0114cca80333da1f6924856bba.jpg','73948','700x700','2','1322124891');
INSERT INTO `shopnc_album_pic` (`apic_id`,`apic_name`,`apic_tag`,`aclass_id`,`apic_cover`,`apic_size`,`apic_spec`,`store_id`,`upload_time`) VALUES('121','T1Yb1mXatYXXa4STE__110611','','1','e8c60f1c1094163a797ea34ebc3c023e.jpg','95861','600x600','2','1322124939');
INSERT INTO `shopnc_album_pic` (`apic_id`,`apic_name`,`apic_tag`,`aclass_id`,`apic_cover`,`apic_size`,`apic_spec`,`store_id`,`upload_time`) VALUES('122','T125x7XjtfXXaCzp3','','1','daffe84d5bc5d920b2275f84e37c5d2b.jpg','124801','750x750','2','1322125035');
INSERT INTO `shopnc_album_pic` (`apic_id`,`apic_name`,`apic_tag`,`aclass_id`,`apic_cover`,`apic_size`,`apic_spec`,`store_id`,`upload_time`) VALUES('124','7b8f10efef755b1166a88c7681643350','','1','deeda5e5e9ffeaca7c824d5c9087a84e.jpg','173795','740x749','2','1322125241');
INSERT INTO `shopnc_album_pic` (`apic_id`,`apic_name`,`apic_tag`,`aclass_id`,`apic_cover`,`apic_size`,`apic_spec`,`store_id`,`upload_time`) VALUES('125','a4b878981c9835f4ce8751026809bfdc','','1','60ade3674d042f47b1bce40ae42df2c8.jpg','35080','750x750','2','1322125282');
INSERT INTO `shopnc_album_pic` (`apic_id`,`apic_name`,`apic_tag`,`aclass_id`,`apic_cover`,`apic_size`,`apic_spec`,`store_id`,`upload_time`) VALUES('133','aa267f01fd3bb2bf33748202ba9f3c32','','1','9d2bcb0b593ba64e7cbf457e2eaa4ec2.jpg','37746','750x750','2','1322125578');
INSERT INTO `shopnc_album_pic` (`apic_id`,`apic_name`,`apic_tag`,`aclass_id`,`apic_cover`,`apic_size`,`apic_spec`,`store_id`,`upload_time`) VALUES('127','T1j6d7XkxbXXc1EII','','1','ee9489a41d83516edb7a83c58423bed3.jpg','71883','750x750','2','1322125362');
INSERT INTO `shopnc_album_pic` (`apic_id`,`apic_name`,`apic_tag`,`aclass_id`,`apic_cover`,`apic_size`,`apic_spec`,`store_id`,`upload_time`) VALUES('130','5a51a56c820f51d2d622738a53bc61e8','','1','d415f4459e2c3ac6931ebb90800820fb.jpg','133052','740x749','2','1322125480');
INSERT INTO `shopnc_album_pic` (`apic_id`,`apic_name`,`apic_tag`,`aclass_id`,`apic_cover`,`apic_size`,`apic_spec`,`store_id`,`upload_time`) VALUES('129','60d66f8b8eeaff28d9e92add732cd443','','1','9cefcbe37e9c0d4f488e1b8bde91d2ba.jpg','49724','750x750','2','1322125460');
INSERT INTO `shopnc_album_pic` (`apic_id`,`apic_name`,`apic_tag`,`aclass_id`,`apic_cover`,`apic_size`,`apic_spec`,`store_id`,`upload_time`) VALUES('131','T1e6KtXnVoXXap5RA1_042213','','1','e654670072765b2772ca0f40b23ba7f8.jpg','114229','800x800','2','1322125500');
INSERT INTO `shopnc_album_pic` (`apic_id`,`apic_name`,`apic_tag`,`aclass_id`,`apic_cover`,`apic_size`,`apic_spec`,`store_id`,`upload_time`) VALUES('132','e4b627eb69f5c0f197e55bf217a32241','','1','5f191a69ea4ee180a1c7d1d1a6def05e.jpg','82149','750x750','2','1322125541');
INSERT INTO `shopnc_album_pic` (`apic_id`,`apic_name`,`apic_tag`,`aclass_id`,`apic_cover`,`apic_size`,`apic_spec`,`store_id`,`upload_time`) VALUES('134','T2FPt_XXXaXXXXXXXX_!!379833581','','1','1c738a10d1677e694b81e7aab18a5537.jpg','268004','750x1208','2','1322125642');
INSERT INTO `shopnc_album_pic` (`apic_id`,`apic_name`,`apic_tag`,`aclass_id`,`apic_cover`,`apic_size`,`apic_spec`,`store_id`,`upload_time`) VALUES('177','T1R5aiXixFXXcC2crX_114445','','1','52f831e8e55240c3f9d529976b88f8f0.jpg','318223','800x800','2','1322127179');
INSERT INTO `shopnc_album_pic` (`apic_id`,`apic_name`,`apic_tag`,`aclass_id`,`apic_cover`,`apic_size`,`apic_spec`,`store_id`,`upload_time`) VALUES('139','T1ri1aXh0AXXXZQb','','1','bd2d4c5ea3df0ceb8d2737619096fc17.jpg','80415','750x750','2','1322125771');
INSERT INTO `shopnc_album_pic` (`apic_id`,`apic_name`,`apic_tag`,`aclass_id`,`apic_cover`,`apic_size`,`apic_spec`,`store_id`,`upload_time`) VALUES('137','2d446009d4d4552286233ae1e0a6ede7','','1','a490e4e7242f80d4dcf4d7fa55f2b1d5.jpg','59090','750x750','2','1322125736');
INSERT INTO `shopnc_album_pic` (`apic_id`,`apic_name`,`apic_tag`,`aclass_id`,`apic_cover`,`apic_size`,`apic_spec`,`store_id`,`upload_time`) VALUES('138','fe0d443cd91bacfdca991997fe1a1bde','','1','2770b0b7f7abf7c0299568212e356079.jpg','79666','750x750','2','1322125753');
INSERT INTO `shopnc_album_pic` (`apic_id`,`apic_name`,`apic_tag`,`aclass_id`,`apic_cover`,`apic_size`,`apic_spec`,`store_id`,`upload_time`) VALUES('140','T16O47XmxcXXcOwso','','1','35d356949bff630693eacd64cf09eaae.jpg','25744','750x750','2','1322125800');
INSERT INTO `shopnc_album_pic` (`apic_id`,`apic_name`,`apic_tag`,`aclass_id`,`apic_cover`,`apic_size`,`apic_spec`,`store_id`,`upload_time`) VALUES('141','51361303d236b4ad533d01aa18de5932','','1','2dd23ee4eab519f1ab3492306039d888.jpg','71377','750x750','2','1322125846');
INSERT INTO `shopnc_album_pic` (`apic_id`,`apic_name`,`apic_tag`,`aclass_id`,`apic_cover`,`apic_size`,`apic_spec`,`store_id`,`upload_time`) VALUES('142','6897e4c8d0bb8104d38ccfad1fd300d7','','1','dd10cd371bcb4c94e0a6ec64d2fbfe16.jpg','89025','750x750','2','1322125864');
INSERT INTO `shopnc_album_pic` (`apic_id`,`apic_name`,`apic_tag`,`aclass_id`,`apic_cover`,`apic_size`,`apic_spec`,`store_id`,`upload_time`) VALUES('143','5ecd74e65e5eae4fa0cd2163012630ce','','1','408e90099042b141260ee49a3b8571e7.jpg','69198','750x750','2','1322125875');
INSERT INTO `shopnc_album_pic` (`apic_id`,`apic_name`,`apic_tag`,`aclass_id`,`apic_cover`,`apic_size`,`apic_spec`,`store_id`,`upload_time`) VALUES('144','89925cb708e3ddcac7a9b3312a9a37d5','','1','8ae0269eeb4201a422f9096bba2eae55.jpg','171600','740x749','2','1322125887');
INSERT INTO `shopnc_album_pic` (`apic_id`,`apic_name`,`apic_tag`,`aclass_id`,`apic_cover`,`apic_size`,`apic_spec`,`store_id`,`upload_time`) VALUES('145','b603a9cf3c27c370847670bab9b0ca1b','','1','71784ee000d1b1c51179e7799ccf6c24.jpg','40096','750x750','2','1322126011');
INSERT INTO `shopnc_album_pic` (`apic_id`,`apic_name`,`apic_tag`,`aclass_id`,`apic_cover`,`apic_size`,`apic_spec`,`store_id`,`upload_time`) VALUES('146','e3fe380ddf449a4adfbc5d6f8d3d42d5','','1','59d028acc1967206676d47e7bf889813.jpg','87515','750x750','2','1322126022');
INSERT INTO `shopnc_album_pic` (`apic_id`,`apic_name`,`apic_tag`,`aclass_id`,`apic_cover`,`apic_size`,`apic_spec`,`store_id`,`upload_time`) VALUES('147','3a21083cb371a4397dd6c82f42719cf1','','1','372a55a56f00539ba07fb629d6687d87.jpg','110838','740x749','2','1322126035');
INSERT INTO `shopnc_album_pic` (`apic_id`,`apic_name`,`apic_tag`,`aclass_id`,`apic_cover`,`apic_size`,`apic_spec`,`store_id`,`upload_time`) VALUES('148','6be889e4ee1eb746026c3aa863e4c809','','1','822d3f8d9c9330f074a2eb993a92d5c5.jpg','44188','750x750','2','1322126076');
INSERT INTO `shopnc_album_pic` (`apic_id`,`apic_name`,`apic_tag`,`aclass_id`,`apic_cover`,`apic_size`,`apic_spec`,`store_id`,`upload_time`) VALUES('149','d6f6f2556831f1458d559fda1dee072f','','1','b16a7e3f6731b29fbb6bd236d4c9d300.jpg','52288','750x750','2','1322126216');
INSERT INTO `shopnc_album_pic` (`apic_id`,`apic_name`,`apic_tag`,`aclass_id`,`apic_cover`,`apic_size`,`apic_spec`,`store_id`,`upload_time`) VALUES('150','f6aa86a134aa6a046a86148fec4949c2','','1','d58b293dc74985848cc60b6e03becbdc.jpg','40246','750x750','2','1322126238');
INSERT INTO `shopnc_album_pic` (`apic_id`,`apic_name`,`apic_tag`,`aclass_id`,`apic_cover`,`apic_size`,`apic_spec`,`store_id`,`upload_time`) VALUES('155','c10025b5798a0a0cf9915edd4dfbfc2e','','1','a4d3c77c3586028480f9a333fc987886.jpg','55312','750x750','2','1322126430');
INSERT INTO `shopnc_album_pic` (`apic_id`,`apic_name`,`apic_tag`,`aclass_id`,`apic_cover`,`apic_size`,`apic_spec`,`store_id`,`upload_time`) VALUES('154','6d01559175942c21a72a9b344300c5a4','','1','25ac30b73f939eb502d3a5523a41e493.jpg','38832','750x750','2','1322126419');
INSERT INTO `shopnc_album_pic` (`apic_id`,`apic_name`,`apic_tag`,`aclass_id`,`apic_cover`,`apic_size`,`apic_spec`,`store_id`,`upload_time`) VALUES('153','c8a4bfda21fce8488eed681fd235b691','','1','340932cc8e82fd7e62591f0b266ab9c5.jpg','150041','740x749','2','1322126273');
INSERT INTO `shopnc_album_pic` (`apic_id`,`apic_name`,`apic_tag`,`aclass_id`,`apic_cover`,`apic_size`,`apic_spec`,`store_id`,`upload_time`) VALUES('158','96855c4757464a0b0a3b4dafc770516b','','1','10edbe1528c2eef0feb5a956410f5b3b.jpg','288534','750x749','2','1322126585');
INSERT INTO `shopnc_album_pic` (`apic_id`,`apic_name`,`apic_tag`,`aclass_id`,`apic_cover`,`apic_size`,`apic_spec`,`store_id`,`upload_time`) VALUES('157','60533357b86f30b91f94aa3c942b3c4c','','1','5c169228f0f4d8ad2cae5b132c2b269c.jpg','36323','750x750','2','1322126453');
INSERT INTO `shopnc_album_pic` (`apic_id`,`apic_name`,`apic_tag`,`aclass_id`,`apic_cover`,`apic_size`,`apic_spec`,`store_id`,`upload_time`) VALUES('168','T1FBuyXoNNXXcTwH','','1','6f8ff741b6c12a2d6f9cce86eb6cf1ad.jpg','63780','810x810','2','1322126939');
INSERT INTO `shopnc_album_pic` (`apic_id`,`apic_name`,`apic_tag`,`aclass_id`,`apic_cover`,`apic_size`,`apic_spec`,`store_id`,`upload_time`) VALUES('169','7e0d8ef2affaa83b0498eca503d27f0a','','1','82cbaa729a2fcd27725370101be387e2.jpg','104535','750x749','2','1322127028');
INSERT INTO `shopnc_album_pic` (`apic_id`,`apic_name`,`apic_tag`,`aclass_id`,`apic_cover`,`apic_size`,`apic_spec`,`store_id`,`upload_time`) VALUES('161','5224984313864b13114b612650aa1c8a','','1','b6ecbd61c97a508e138c8f04b8fba112.jpg','125123','750x749','2','1322126779');
INSERT INTO `shopnc_album_pic` (`apic_id`,`apic_name`,`apic_tag`,`aclass_id`,`apic_cover`,`apic_size`,`apic_spec`,`store_id`,`upload_time`) VALUES('162','30bab22712be3b956327151bcc499667','','1','a2258c47de1b91c6fa08de36823d6bae.jpg','89719','750x641','2','1322126792');
INSERT INTO `shopnc_album_pic` (`apic_id`,`apic_name`,`apic_tag`,`aclass_id`,`apic_cover`,`apic_size`,`apic_spec`,`store_id`,`upload_time`) VALUES('171','c9536fc15ba414d70eae92c41b6f9d5c','','1','64f064ab87662337cb66615acba079de.jpg','47318','750x750','2','1322127062');
INSERT INTO `shopnc_album_pic` (`apic_id`,`apic_name`,`apic_tag`,`aclass_id`,`apic_cover`,`apic_size`,`apic_spec`,`store_id`,`upload_time`) VALUES('164','T1yROsXdJNXXX4Uo7','','1','c1cb7ee7bc9b9e4a13bb2d7cc488818b.jpg','167768','665x665','2','1322126813');
INSERT INTO `shopnc_album_pic` (`apic_id`,`apic_name`,`apic_tag`,`aclass_id`,`apic_cover`,`apic_size`,`apic_spec`,`store_id`,`upload_time`) VALUES('165','3cd90d5712595abb26ac2a3a4993c46b','','1','1dbc94fa0d60cba3990b89ccb01f82c2.jpg','47877','750x750','2','1322126818');
INSERT INTO `shopnc_album_pic` (`apic_id`,`apic_name`,`apic_tag`,`aclass_id`,`apic_cover`,`apic_size`,`apic_spec`,`store_id`,`upload_time`) VALUES('167','e9054ff12917c08134bc76c556e276ea','','1','ac60c57beac526c76b935c08333eb31a.jpg','44004','750x750','2','1322126856');
INSERT INTO `shopnc_album_pic` (`apic_id`,`apic_name`,`apic_tag`,`aclass_id`,`apic_cover`,`apic_size`,`apic_spec`,`store_id`,`upload_time`) VALUES('172','4d6c0107a05045300e1f5a4e75801777','','1','2824bb216ee85b8068ee00c0cde1d355.jpg','94479','750x641','2','1322127075');
INSERT INTO `shopnc_album_pic` (`apic_id`,`apic_name`,`apic_tag`,`aclass_id`,`apic_cover`,`apic_size`,`apic_spec`,`store_id`,`upload_time`) VALUES('173','11b24349798984e5fb60c3319acae140','','1','307bd37b7d0baebab00fb9fe9833b0a0.jpg','64319','750x334','2','1322127086');
INSERT INTO `shopnc_album_pic` (`apic_id`,`apic_name`,`apic_tag`,`aclass_id`,`apic_cover`,`apic_size`,`apic_spec`,`store_id`,`upload_time`) VALUES('175','T1_NdFXldwXXcMvqQ9','','1','ba1e3b3b70a0c7f96975833adfecacd3.jpeg','74377','591x591','2','1322127111');
INSERT INTO `shopnc_album_pic` (`apic_id`,`apic_name`,`apic_tag`,`aclass_id`,`apic_cover`,`apic_size`,`apic_spec`,`store_id`,`upload_time`) VALUES('176','8b9b560610eaee10adf952ac2616aa0a','','1','49612054bdba0511da6eeb3a474abdee.jpg','51567','750x750','2','1322127123');
INSERT INTO `shopnc_album_pic` (`apic_id`,`apic_name`,`apic_tag`,`aclass_id`,`apic_cover`,`apic_size`,`apic_spec`,`store_id`,`upload_time`) VALUES('179','T1tG4FXbBwXXXL0UA6','','1','6d9d3912f417bb1cd5c77264e35a7431.jpeg','64355','591x591','2','1322127260');
INSERT INTO `shopnc_album_pic` (`apic_id`,`apic_name`,`apic_tag`,`aclass_id`,`apic_cover`,`apic_size`,`apic_spec`,`store_id`,`upload_time`) VALUES('181','tuan_133','','1','878a7a0abe2c08216a3b71599e550727.jpg','68539','585x1018','2','1322128083');
INSERT INTO `shopnc_album_pic` (`apic_id`,`apic_name`,`apic_tag`,`aclass_id`,`apic_cover`,`apic_size`,`apic_spec`,`store_id`,`upload_time`) VALUES('182','T127GaXfRrXXaEl03Z_031753','','1','5ca2a9d6a2745f95d5ef1c481706eec4.jpg','38175','500x500','2','1322129497');
INSERT INTO `shopnc_album_pic` (`apic_id`,`apic_name`,`apic_tag`,`aclass_id`,`apic_cover`,`apic_size`,`apic_spec`,`store_id`,`upload_time`) VALUES('183','T1zRioXhNhXXbEkVk__104859','','1','91331d65f7c0a0d4e107dcd0108e2f43.jpg','103495','500x500','2','1322129575');
INSERT INTO `shopnc_album_pic` (`apic_id`,`apic_name`,`apic_tag`,`aclass_id`,`apic_cover`,`apic_size`,`apic_spec`,`store_id`,`upload_time`) VALUES('184','包1-3','','1','cab18b2cbd6bdc2f71bad484609b4be4.jpg','114637','740x506','2','1322129761');
INSERT INTO `shopnc_album_pic` (`apic_id`,`apic_name`,`apic_tag`,`aclass_id`,`apic_cover`,`apic_size`,`apic_spec`,`store_id`,`upload_time`) VALUES('185','包1-1','','1','f32edceb5b68790d871014aee77c267e.jpg','84134','740x653','2','1322129763');
INSERT INTO `shopnc_album_pic` (`apic_id`,`apic_name`,`apic_tag`,`aclass_id`,`apic_cover`,`apic_size`,`apic_spec`,`store_id`,`upload_time`) VALUES('186','包1-2','','1','789401aac6d5355542e32e123d1c247d.jpg','65756','740x681','2','1322129765');
INSERT INTO `shopnc_album_pic` (`apic_id`,`apic_name`,`apic_tag`,`aclass_id`,`apic_cover`,`apic_size`,`apic_spec`,`store_id`,`upload_time`) VALUES('187','T1R3CnXXBdXXbvHDDa_122416','','1','f415ae8aff2f253ed0344c9aa7e4ea89.jpg','53678','800x800','2','1322129767');
INSERT INTO `shopnc_album_pic` (`apic_id`,`apic_name`,`apic_tag`,`aclass_id`,`apic_cover`,`apic_size`,`apic_spec`,`store_id`,`upload_time`) VALUES('188','T1iuymXbtQXXc1Y9w5_060058','','1','eb26eccc4071b56e4abd1495682af490.jpg','170333','1200x1200','2','1322129827');
INSERT INTO `shopnc_album_pic` (`apic_id`,`apic_name`,`apic_tag`,`aclass_id`,`apic_cover`,`apic_size`,`apic_spec`,`store_id`,`upload_time`) VALUES('189','T18PqvXdFyXXbKkYZ','','1','29278568dd67ead3855205e6793f0395.jpg','57878','800x800','2','1322129961');
INSERT INTO `shopnc_album_pic` (`apic_id`,`apic_name`,`apic_tag`,`aclass_id`,`apic_cover`,`apic_size`,`apic_spec`,`store_id`,`upload_time`) VALUES('190','包2-1','','1','56e80d30a3983258950612dbc0a280db.jpg','42963','740x772','2','1322130150');
INSERT INTO `shopnc_album_pic` (`apic_id`,`apic_name`,`apic_tag`,`aclass_id`,`apic_cover`,`apic_size`,`apic_spec`,`store_id`,`upload_time`) VALUES('191','包2-2','','1','fa743bbde1dc677b22043b6d4d5542fb.jpg','48624','740x760','2','1322130152');
INSERT INTO `shopnc_album_pic` (`apic_id`,`apic_name`,`apic_tag`,`aclass_id`,`apic_cover`,`apic_size`,`apic_spec`,`store_id`,`upload_time`) VALUES('192','包2-3','','1','373a4f09bf5173cc6088ad2053734b2e.jpg','34355','740x655','2','1322130153');
INSERT INTO `shopnc_album_pic` (`apic_id`,`apic_name`,`apic_tag`,`aclass_id`,`apic_cover`,`apic_size`,`apic_spec`,`store_id`,`upload_time`) VALUES('193','包3-2','','1','92a7a0913bf7ba41e9a3a5e46706c35d.jpg','66983','740x864','2','1322130428');
INSERT INTO `shopnc_album_pic` (`apic_id`,`apic_name`,`apic_tag`,`aclass_id`,`apic_cover`,`apic_size`,`apic_spec`,`store_id`,`upload_time`) VALUES('194','包3-1','','1','f49d92932c787fd90b2daf299d95615c.jpg','59373','740x856','2','1322130435');
INSERT INTO `shopnc_album_pic` (`apic_id`,`apic_name`,`apic_tag`,`aclass_id`,`apic_cover`,`apic_size`,`apic_spec`,`store_id`,`upload_time`) VALUES('195','包3-3','','1','266dc555784293114c03fa10492cb490.jpg','39338','740x649','2','1322130441');
INSERT INTO `shopnc_album_pic` (`apic_id`,`apic_name`,`apic_tag`,`aclass_id`,`apic_cover`,`apic_size`,`apic_spec`,`store_id`,`upload_time`) VALUES('196','包4-1','','1','e5186d77fb2c636d2d4858c2755707db.jpg','83101','740x697','2','1322130613');
INSERT INTO `shopnc_album_pic` (`apic_id`,`apic_name`,`apic_tag`,`aclass_id`,`apic_cover`,`apic_size`,`apic_spec`,`store_id`,`upload_time`) VALUES('197','包4-2','','1','a5559a1bdd4f2cb01c790d2fdae806fb.jpg','103903','740x745','2','1322130620');
INSERT INTO `shopnc_album_pic` (`apic_id`,`apic_name`,`apic_tag`,`aclass_id`,`apic_cover`,`apic_size`,`apic_spec`,`store_id`,`upload_time`) VALUES('198','包4-3','','1','02d26fc576d4a1e5aa04c10383b55dc5.jpg','86433','740x514','2','1322130625');
INSERT INTO `shopnc_album_pic` (`apic_id`,`apic_name`,`apic_tag`,`aclass_id`,`apic_cover`,`apic_size`,`apic_spec`,`store_id`,`upload_time`) VALUES('199','包6-1','','1','2cd6bc3e70205057c54f2cd1ed7f7084.jpg','71208','800x800','2','1322131033');
INSERT INTO `shopnc_album_pic` (`apic_id`,`apic_name`,`apic_tag`,`aclass_id`,`apic_cover`,`apic_size`,`apic_spec`,`store_id`,`upload_time`) VALUES('200','包6-2','','1','904c83a95da5380b136bb295d53245b5.jpg','57646','740x619','2','1322131035');
INSERT INTO `shopnc_album_pic` (`apic_id`,`apic_name`,`apic_tag`,`aclass_id`,`apic_cover`,`apic_size`,`apic_spec`,`store_id`,`upload_time`) VALUES('201','包6-3','','1','c3820ec42dde8802b85a8f2c8c190cf2.jpg','83586','740x638','2','1322131038');
INSERT INTO `shopnc_article` (`article_id`,`ac_id`,`article_url`,`article_show`,`article_sort`,`article_title`,`article_content`,`article_time`) VALUES('6','2',NULL,'1','255','如何注册成为会员','<h3 style="margin:15pt 0cm 0pt;"><span style="font-family:宋体;mso-ascii-font-family:Calibri;mso-hansi-font-family:Calibri;"><span style="font-size:24px;color:#003399;font-family:Microsoft YaHei;background-color:#ffffff;"><span style="font-size:18px;">登录商城首页，点击页面右上方“注册”</span></span></span></h3>
<h3 style="margin:15pt 0cm 0pt;"><span style="font-family:宋体;mso-ascii-font-family:Calibri;mso-hansi-font-family:Calibri;"><span style="font-size:small;color:#335a89;"><span lang="EN-US" style="font-size:9pt;color:red;line-height:115%;font-family:Calibri;mso-bidi-font-size:8.0pt;mso-fareast-font-family:宋体;mso-bidi-font-family:Times New Roman;mso-ansi-language:EN-US;mso-fareast-language:ZH-CN;mso-bidi-language:AR-SA;"><?xml:namespace prefix = v ns = "urn:schemas-microsoft-com:vml" /><v:shapetype id="_x0000_t75" coordsize="21600,21600" o:spt="75" o:preferrelative="t" path="m@4@5l@4@11@9@11@9@5xe" stroked="f" filled="f"><span style="font-size:24px;">&nbsp;</span><img alt="" src="./upload/editor/20110128134626_62236.jpg" border="0" /></v:shapetype></span></span></span></h3>
<h3 style="margin:15pt 0cm 0pt;"><span style="font-family:宋体;mso-ascii-font-family:Calibri;mso-hansi-font-family:Calibri;"><span style="font-size:small;color:#335a89;"><span lang="EN-US" style="font-size:9pt;color:red;line-height:115%;font-family:Calibri;mso-bidi-font-size:8.0pt;mso-fareast-font-family:宋体;mso-bidi-font-family:Times New Roman;mso-ansi-language:EN-US;mso-fareast-language:ZH-CN;mso-bidi-language:AR-SA;"><v:shapetype coordsize="21600,21600" o:spt="75" o:preferrelative="t" path="m@4@5l@4@11@9@11@9@5xe" stroked="f" filled="f"><span style="font-size:24px;">&nbsp;</span></h3>
<h3 style="margin:15pt 0cm 0pt;"><span style="font-family:宋体;"><span style="font-size:small;color:#003399;"><span style="font-size:18px;">进入注册页面，填写相关信息并阅读用户服务手册</span></span></span></h3>
<h3 style="margin:15pt 0cm 0pt;">&nbsp;</h3>
<h3 style="margin:15pt 0cm 0pt;"><span style="font-family:宋体;"><span style="font-size:small;color:#335a89;"><img alt="" src="./upload/editor/20110128135022_79350.jpg" border="0" /></span></span></h3>
<h3 style="margin:15pt 0cm 0pt;">&nbsp;</h3>
<h3 style="margin:15pt 0cm 0pt;"><span style="font-family:宋体;"><span style="font-size:small;color:#003399;"><span style="font-size:18px;">相关资料填写完成后点击“免费注册”提交</span></span></span></h3>
<h3 style="margin:15pt 0cm 0pt;"><span style="font-family:宋体;"><span style="font-size:small;color:#003399;"><img alt="" src="./upload/editor/20110128135237_43758.jpg" border="0" /></span></span></h3>
<h3 style="margin:15pt 0cm 0pt;">&nbsp;</h3>
<h3 style="margin:15pt 0cm 0pt;"><span style="font-family:宋体;"><span style="font-size:small;color:#003399;"><span style="font-size:18px;">提示注册成功</span></span></span></h3>
<h3 style="margin:15pt 0cm 0pt;">&nbsp;</h3>
<h3 style="margin:15pt 0cm 0pt;"><span style="font-family:宋体;"><span style="font-size:small;color:#003399;"><img alt="" src="./upload/editor/20110128135406_55835.jpg" border="0" /></span></span></h3>
<h3 style="margin:15pt 0cm 0pt;">&nbsp;</h3>
<h3 style="margin:15pt 0cm 0pt;">&nbsp;</h3>
<h3>&nbsp;</h3>
</v:shapetype></span></span></span>','1294709136');
INSERT INTO `shopnc_article` (`article_id`,`ac_id`,`article_url`,`article_show`,`article_sort`,`article_title`,`article_content`,`article_time`) VALUES('7','2',NULL,'1','255','如何搜索','<h3 style="margin:15pt 0cm 0pt;"><span style="font-family:宋体;mso-ascii-font-family:Calibri;mso-hansi-font-family:Calibri;"><span style="font-size:24px;color:#003399;font-family:Microsoft YaHei;background-color:#ffffff;"><span style="font-size:18px;">登录商城首页，在搜索商品的搜索框内填入要搜索的商品的关键字，点击“搜索”</span></span></span></h3>
<h3 style="margin:15pt 0cm 0pt;"><span style="font-family:宋体;mso-ascii-font-family:Calibri;mso-hansi-font-family:Calibri;"><span style="font-size:24px;color:#003399;font-family:Microsoft YaHei;background-color:#ffffff;"><span style="font-size:18px;"><img alt="" src="./upload/editor/20110208093142_97861.jpg" border="0" /></span></span></span></h3>
<h3 style="margin:15pt 0cm 0pt;">&nbsp;</h3>
<h3 style="margin:15pt 0cm 0pt;"><span style="font-family:宋体;mso-ascii-font-family:Calibri;mso-hansi-font-family:Calibri;"><span style="font-size:24px;color:#003399;font-family:Microsoft YaHei;background-color:#ffffff;"><span style="font-size:18px;">出现含有关键字的商品页面</span></span></span></h3>
<h3 style="margin:15pt 0cm 0pt;"><span style="font-family:宋体;mso-ascii-font-family:Calibri;mso-hansi-font-family:Calibri;"><span style="font-size:24px;color:#003399;font-family:Microsoft YaHei;background-color:#ffffff;"><span style="font-size:18px;"><img alt="" src="./upload/editor/20110208094130_68431.jpg" border="0" width="700px" /></span></span></span></h3>
<h3 style="margin:15pt 0cm 0pt;">&nbsp;</h3>
<h3 style="margin:15pt 0cm 0pt;">&nbsp;</h3>','1294709301');
INSERT INTO `shopnc_article` (`article_id`,`ac_id`,`article_url`,`article_show`,`article_sort`,`article_title`,`article_content`,`article_time`) VALUES('8','2',NULL,'1','255','忘记密码','<span style="font-family:SimSun;"><span style="font-size:18px;"><span style="color:#003399;"> <h3 style="margin:15pt 0cm 0pt;"><span style="font-family:宋体;mso-ascii-font-family:Calibri;mso-hansi-font-family:Calibri;"><span style="font-size:small;color:#335a89;">进入会员登录页面，点击“忘记密码”</span></span></h3>
<h3 style="margin:15pt 0cm 0pt;"><span style="font-family:宋体;mso-ascii-font-family:Calibri;mso-hansi-font-family:Calibri;"><img alt="" src="./upload/editor/20110208095308_38085.jpg" border="0" /></span></h3>
<h3 style="margin:15pt 0cm 0pt;">&nbsp;</h3>
<h3 style="margin:15pt 0cm 0pt;"><span style="font-family:宋体;mso-ascii-font-family:Calibri;mso-hansi-font-family:Calibri;"> <h3 style="margin:15pt 0cm 0pt;"><span style="font-family:宋体;mso-ascii-font-family:Calibri;mso-hansi-font-family:Calibri;"><span style="font-size:small;color:#335a89;">在忘记密码页面中填写用户名、电子邮箱等信息，点击“提交找回”</span></span></h3>
<h3 style="margin:15pt 0cm 0pt;"><span style="font-family:宋体;mso-ascii-font-family:Calibri;mso-hansi-font-family:Calibri;"><img alt="" src="./upload/editor/20110208095715_55839.jpg" border="0" /></span></h3>
<h3 style="margin:15pt 0cm 0pt;"><span style="font-family:宋体;mso-ascii-font-family:Calibri;mso-hansi-font-family:Calibri;"><span style="font-family:宋体;mso-ascii-font-family:Calibri;mso-hansi-font-family:Calibri;"><span style="font-size:x-small;color:#ff0000;">电子邮箱地址要填写注册用户名是的邮箱</span></span></h3>
<h3 style="margin:15pt 0cm 0pt;">
<h3 style="margin:15pt 0cm 0pt;">&nbsp;</h3>
<h3 style="margin:15pt 0cm 0pt;"><span style="font-family:宋体;mso-ascii-font-family:Calibri;mso-hansi-font-family:Calibri;"><span style="font-size:small;color:#335a89;"><span style="color:#003399;">提示电子邮件已发送成功</span></span></span></h3>
<h3 style="margin:15pt 0cm 0pt;"><span style="font-family:宋体;mso-ascii-font-family:Calibri;mso-hansi-font-family:Calibri;"><img alt="" src="./upload/editor/20110208095945_10374.jpg" border="0" /></span></h3>
<h3 style="margin:15pt 0cm 0pt;">&nbsp;</h3>
<h3 style="margin:15pt 0cm 0pt;">&nbsp;</h3>
<h3 style="margin:15pt 0cm 0pt;"><span style="font-family:宋体;mso-ascii-font-family:Calibri;mso-hansi-font-family:Calibri;"><span style="font-size:18px;color:#003399;line-height:115%;font-family:SimSun;mso-ascii-font-family:Calibri;mso-hansi-font-family:Calibri;mso-bidi-font-size:8.0pt;mso-bidi-font-family:Times New Roman;mso-ansi-language:EN-US;mso-fareast-language:ZH-CN;mso-bidi-language:AR-SA;">登录电子邮箱查看，找回密码</span></span></h3>
<h3 style="margin:15pt 0cm 0pt;"><span style="font-family:宋体;mso-ascii-font-family:Calibri;mso-hansi-font-family:Calibri;"><span style="font-size:18px;color:#003399;line-height:115%;font-family:SimSun;mso-ascii-font-family:Calibri;mso-hansi-font-family:Calibri;mso-bidi-font-size:8.0pt;mso-bidi-font-family:Times New Roman;mso-ansi-language:EN-US;mso-fareast-language:ZH-CN;mso-bidi-language:AR-SA;"><img alt="" src="./upload/editor/20110208100610_22468.jpg" border="0" /></span></span></h3>
<h3 style="margin:15pt 0cm 0pt;">&nbsp;</h3>
<h3 style="margin:15pt 0cm 0pt;">&nbsp;</h3>
<h3 style="margin:15pt 0cm 0pt;">&nbsp;</h3>
<h3 style="margin:15pt 0cm 0pt;">&nbsp;</h3>
<h3 style="margin:15pt 0cm 0pt;">&nbsp;</h3>
<h3 style="margin:15pt 0cm 0pt;">&nbsp;</h3>
</span></h3>
</span></h3>
<h3 style="margin:15pt 0cm 0pt;">&nbsp;</h3>
</span></span></span>','1294709313');
INSERT INTO `shopnc_article` (`article_id`,`ac_id`,`article_url`,`article_show`,`article_sort`,`article_title`,`article_content`,`article_time`) VALUES('9','2',NULL,'1','255','我要买','<p><span style="font-family:SimSun;"><span style="font-size:18px;"><span style="color:#003399;">会员登陆商城首页，打开商品信息页面</span></span></span></p>
<p><span style="font-family:SimSun;"><span style="font-size:18px;"><span style="color:#003399;"><img alt="" src="./upload/editor/20110208170115_29919.jpg" border="0" width="700px" /></span></span></span></p>
<p>&nbsp;</p>
<p><span style="font-family:SimSun;"><span style="font-size:18px;"><span style="color:#003399;">填写购买数量，点击“加入购物车”</span></span></span></p>
<p></p>
<p><img alt="" src="./upload/editor/20110209093017_89659.jpg" border="0" /></p>
<p>&nbsp;</p>
<p><span style="font-family:SimSun;"><span style="font-size:18px;"><span style="color:#003399;">点击“查看购物车”</span></span></span></p>
<p><img alt="" src="./upload/editor/20110209093309_99011.jpg" border="0" /></p>
<p>&nbsp;</p>
<p><span style="font-family:SimSun;"><span style="font-size:18px;"><span style="color:#003399;">点击“填写并确认订单”</span></span></span></p>
<p><span style="font-family:SimSun;"><span style="font-size:18px;"><span style="color:#003399;"><img alt="" src="./upload/editor/20110209093721_30123.jpg" border="0" width="700px" /></span></span></span></p>
<p>&nbsp;</p>
<p><span style="font-family:SimSun;"><span style="font-size:18px;"><span style="color:#003399;">填写信息，点击“下单完成并支付”</span></span></span></p>
<p><span style="font-family:SimSun;"><span style="font-size:18px;"><span style="color:#003399;"><img alt="" src="./upload/editor/20110209093819_87401.jpg" border="0" width="700px" /></span></span></span></p>
<p>&nbsp;</p>
<p><span style="font-family:SimSun;"><span style="font-size:18px;"><span style="color:#003399;"><span style="font-family:SimSun;"><span style="font-size:18px;"><span style="color:#003399;">选择支付方式，点击“确认支付”</span></span></span></span></span></span></p>
<p><span style="font-family:SimSun;"><span style="font-size:18px;"><span style="color:#003399;"><span style="font-family:SimSun;"><span style="font-size:18px;"><span style="color:#003399;"><img alt="" src="./upload/editor/20110209094020_49119.jpg" border="0" width="700px" /></span></span></span></span></span></span></p>
<p>&nbsp;</p>
<p><span style="font-family:SimSun;"><span style="font-size:18px;"><span style="color:#003399;"><span style="font-family:SimSun;"><span style="font-size:18px;"><span style="color:#003399;">购买商品成功</span></span></span></span></span></span></p>
<p><span style="font-family:SimSun;"><span style="font-size:18px;"><span style="color:#003399;"><span style="font-family:SimSun;"><span style="font-size:18px;"><span style="color:#003399;"><img alt="" src="./upload/editor/20110209094145_20766.jpg" border="0" width="700px"/></span></span></span></span></span></span></p>
<p>&nbsp;</p>
<p>&nbsp;</p>','1294709365');
INSERT INTO `shopnc_article` (`article_id`,`ac_id`,`article_url`,`article_show`,`article_sort`,`article_title`,`article_content`,`article_time`) VALUES('10','2',NULL,'1','255','查看已购买商品','<p><span style="font-family:SimSun;"><span style="font-size:18px;"><span style="color:#003399;">会员登录商城，进入用户中心</span></span></span></p>
<p><span style="font-family:SimSun;"><span style="font-size:18px;"><span style="color:#003399;"><img alt="" src="./upload/editor/20110209094358_99646.jpg" border="0" /></span></span></span></p>
<p>&nbsp;</p>
<p><span style="font-family:SimSun;"><span style="font-size:18px;"><span style="color:#003399;">在我是买家板块点进“我的订单”进入，则可查看已购买宝贝</span></span></span></p>
<p><span style="font-family:SimSun;"><span style="font-size:18px;"><span style="color:#003399;"><img alt="" src="./upload/editor/20110209094502_62272.jpg" border="0" width="700px"/></span></span></span></p>','1294709380');
INSERT INTO `shopnc_article` (`article_id`,`ac_id`,`article_url`,`article_show`,`article_sort`,`article_title`,`article_content`,`article_time`) VALUES('11','3',NULL,'1','255','如何管理店铺','<p><span style="font-family:SimSun;"><span style="font-size:18px;"><span style="font-size:18px;color:#003399;font-family:SimSun;"><span style="font-size:18px;color:#003399;font-family:SimSun;">&nbsp;</span><span style="font-family:宋体;mso-ascii-font-family:Calibri;mso-hansi-font-family:Calibri;"><span style="font-size:small;color:#335a89;"><span style="font-size:18px;color:#003399;font-family:SimSun;">会员登陆商城进入用户中心，在我是卖家板块找到“店铺设置”点击</span></span></span></span></span></span></p>
<p><span style="font-family:SimSun;"><span style="font-size:18px;"><span style="font-size:18px;color:#003399;font-family:SimSun;"><span style="font-family:宋体;mso-ascii-font-family:Calibri;mso-hansi-font-family:Calibri;"><span style="font-size:small;color:#335a89;"><span style="font-size:18px;color:#003399;font-family:SimSun;"><img alt="" src="./upload/editor/20110209101544_91746.jpg" border="0" /></span></span></span></span></span></span></p>
<span style="font-family:SimSun;"><span style="font-size:18px;"><span style="font-size:18px;color:#003399;font-family:SimSun;"><span style="font-family:宋体;mso-ascii-font-family:Calibri;mso-hansi-font-family:Calibri;"><span style="font-size:small;color:#335a89;"><span style="font-size:18px;color:#003399;font-family:SimSun;"> <p style="margin:15pt 0cm 0pt;"><span style="font-family:宋体;mso-ascii-font-family:Calibri;mso-hansi-font-family:Calibri;"><span style="font-size:small;color:#335a89;"><span style="font-size:18px;color:#003399;font-family:SimSun;">填写店铺信息后点击“提交”</span></span></span></p>
<h3 style="margin:15pt 0cm 0pt;"></h3>
<h3 style="margin:15pt 0cm 0pt;"><img alt="" src="./upload/editor/20110209132805_31517.jpg" border="0" /></h3>
<p style="margin:15pt 0cm 0pt;">&nbsp;</p>
<p style="margin:15pt 0cm 0pt;"><span style="font-family:宋体;mso-ascii-font-family:Calibri;mso-hansi-font-family:Calibri;"><span style="font-size:small;color:#335a89;"><span style="font-size:18px;color:#003399;font-family:SimSun;">点击我的店铺首页可查看设置后的首页</span></span></span></p>
<p style="margin:15pt 0cm 0pt;"><span style="font-family:宋体;mso-ascii-font-family:Calibri;mso-hansi-font-family:Calibri;"><span style="font-size:small;color:#335a89;"><span style="font-size:18px;color:#003399;font-family:SimSun;"><img alt="" src="./upload/editor/20110209133004_49592.jpg" border="0" /></span></span></span></p>
</span></span></span></span></span></span> <p><span style="font-family:SimSun;"><span style="font-size:18px;"><span style="font-size:18px;color:#003399;font-family:SimSun;">&nbsp;</p>
<p class="MsoNormal" style="margin:10pt 0cm;"><span style="font-size:x-small;"><span style="color:#000000;"><span style="font-size:18px;color:#003399;font-family:SimSun;mso-ascii-font-family:Calibri;mso-hansi-font-family:Calibri;"><span lang="EN-US" style="font-size:10pt;line-height:115%;font-family:Calibri;mso-fareast-font-family:宋体;mso-bidi-font-family:Times New Roman;mso-bidi-font-size:10.5pt;mso-ansi-language:EN-US;mso-fareast-language:ZH-CN;mso-bidi-language:AR-SA;"><?xml:namespace prefix = v /><v:shapetype stroked="f" filled="f" path="m@4@5l@4@11@9@11@9@5xe" o:preferrelative="t" o:spt="75" coordsize="21600,21600"></v:shapetype></span></span></span></span>&nbsp;</p>
<p class="MsoNormal" style="margin:10pt 0cm;"><span style="font-size:x-small;"><span style="color:#000000;"><span style="font-size:18px;color:#003399;font-family:SimSun;mso-ascii-font-family:Calibri;mso-hansi-font-family:Calibri;"><span lang="EN-US" style="font-size:10pt;line-height:115%;font-family:Calibri;mso-fareast-font-family:宋体;mso-bidi-font-family:Times New Roman;mso-bidi-font-size:10.5pt;mso-ansi-language:EN-US;mso-fareast-language:ZH-CN;mso-bidi-language:AR-SA;"><v:shapetype stroked="f" filled="f" path="m@4@5l@4@11@9@11@9@5xe" o:preferrelative="t" o:spt="75" coordsize="21600,21600"><span style="color:#000000;"><?xml:namespace prefix = v ns = "urn:schemas-microsoft-com:vml" /><v:stroke joinstyle="miter"></v:stroke></span><v:formulas><v:f eqn="if lineDrawn pixelLineWidth 0"></v:f><v:f eqn="sum @0 1 0"></v:f><v:f eqn="sum 0 0 @1"></v:f><v:f eqn="prod @2 1 2"></v:f><v:f eqn="prod @3 21600 pixelWidth"></v:f><v:f eqn="prod @3 21600 pixelHeight"></v:f><v:f eqn="sum @0 0 1"></v:f><v:f eqn="prod @6 1 2"></v:f><v:f eqn="prod @7 21600 pixelWidth"></v:f><v:f eqn="sum @8 21600 0"></v:f><v:f eqn="prod @7 21600 pixelHeight"></v:f><v:f eqn="sum @10 21600 0"></v:f></v:formulas><v:path o:connecttype="rect" gradientshapeok="t" o:extrusionok="f"></v:path><?xml:namespace prefix = o ns = "urn:schemas-microsoft-com:office:office" /><o:lock aspectratio="t" v:ext="edit"></o:lock></v:shapetype></span></span></span></span>&nbsp;</p>
</span></span></span>','1294709442');
INSERT INTO `shopnc_article` (`article_id`,`ac_id`,`article_url`,`article_show`,`article_sort`,`article_title`,`article_content`,`article_time`) VALUES('12','3',NULL,'1','255','查看售出商品','<span style="font-size:18px;color:#003399;font-family:SimSun;"> <p style="margin:15pt 0cm 0pt;"><span style="font-family:宋体;mso-ascii-font-family:Calibri;mso-hansi-font-family:Calibri;"><span style="font-size:small;color:#335a89;"><span style="font-size:18px;color:#003399;font-family:SimSun;">会员登陆商城进入用户中心，在我是卖家板块找到“订单管理”点击</span></span></span></p>
<p style="margin:15pt 0cm 0pt;"><span style="font-family:宋体;mso-ascii-font-family:Calibri;mso-hansi-font-family:Calibri;"><span style="font-size:small;color:#335a89;"><span style="font-size:18px;color:#003399;font-family:SimSun;"><img alt="" src="./upload/editor/20110209141334_26280.jpg" border="0" /></span></span></span></p>
<p style="margin:15pt 0cm 0pt;">&nbsp;</p>
<p style="margin:15pt 0cm 0pt;"><span style="font-family:宋体;mso-ascii-font-family:Calibri;mso-hansi-font-family:Calibri;"><span style="font-size:small;color:#335a89;"><span style="font-size:18px;color:#003399;font-family:SimSun;">点击“查看订单”</span></span></span></p>
<p style="margin:15pt 0cm 0pt;"><span style="font-family:宋体;mso-ascii-font-family:Calibri;mso-hansi-font-family:Calibri;"><span style="font-size:small;color:#335a89;"><span style="font-size:18px;color:#003399;font-family:SimSun;"><img alt="" src="./upload/editor/20110209143053_56888.jpg" border="0" /></span></span></span></p>
<p style="margin:15pt 0cm 0pt;">&nbsp;</p>
<p style="margin:15pt 0cm 0pt;">&nbsp;</p>
<p style="margin:15pt 0cm 0pt;">&nbsp;</p>
<p style="margin:15pt 0cm 0pt;">&nbsp;</p>
</span>','1294709506');
INSERT INTO `shopnc_article` (`article_id`,`ac_id`,`article_url`,`article_show`,`article_sort`,`article_title`,`article_content`,`article_time`) VALUES('13','3',NULL,'1','255','如何发货','<p style="margin:15pt 0cm 0pt;"><span style="font-family:宋体;mso-ascii-font-family:Calibri;mso-hansi-font-family:Calibri;"><span style="font-size:small;color:#335a89;"><span style="font-size:18px;color:#003399;font-family:SimSun;">在所有订单列表页面，点击“收到货款”</span></span></span></p>
<p style="margin:15pt 0cm 0pt;"><span style="font-family:宋体;mso-ascii-font-family:Calibri;mso-hansi-font-family:Calibri;"><span style="font-size:small;color:#335a89;"><span style="font-size:18px;color:#003399;font-family:SimSun;"><img alt="" src="./upload/editor/20110209144219_67019.jpg" border="0" /></span></span></span></p>
<p style="margin:15pt 0cm 0pt;">&nbsp;</p>
<span style="font-family:宋体;mso-ascii-font-family:Calibri;mso-hansi-font-family:Calibri;"><span style="font-size:small;color:#335a89;"><span style="font-size:18px;color:#003399;font-family:SimSun;"> <p style="margin:15pt 0cm 0pt;"><span style="font-family:SimSun;mso-ascii-font-family:Calibri;mso-hansi-font-family:Calibri;">填写操作描述，点击“确定”</span></p>
<p style="margin:15pt 0cm 0pt;"><span style="font-family:SimSun;mso-ascii-font-family:Calibri;mso-hansi-font-family:Calibri;"><img alt="" src="./upload/editor/20110209144319_11772.jpg" border="0" /></span></p>
<p style="margin:15pt 0cm 0pt;">&nbsp;</p>
<span style="font-family:SimSun;mso-ascii-font-family:Calibri;mso-hansi-font-family:Calibri;"> <p style="margin:15pt 0cm 0pt;"><span style="font-family:宋体;mso-ascii-font-family:Calibri;mso-hansi-font-family:Calibri;"><span style="color:#335a89;font-size:small;">在所有订单列表页面，点击“发货”</span></span></p>
<p style="margin:15pt 0cm 0pt;"><span style="font-family:宋体;mso-ascii-font-family:Calibri;mso-hansi-font-family:Calibri;"><img alt="" src="./upload/editor/20110209150146_55268.jpg" border="0" /></span></p>
<p style="margin:15pt 0cm 0pt;">&nbsp;</p>
<span style="font-family:宋体;mso-ascii-font-family:Calibri;mso-hansi-font-family:Calibri;"> <p style="margin:15pt 0cm 0pt;"><span style="font-family:宋体;mso-ascii-font-family:Calibri;mso-hansi-font-family:Calibri;"><span style="color:#335a89;font-size:small;">填写物流编号以及操作描述，点击“确定”</span></span></p>
<p style="margin:15pt 0cm 0pt;"><span style="font-family:宋体;mso-ascii-font-family:Calibri;mso-hansi-font-family:Calibri;"><img alt="" src="./upload/editor/20110209150256_60581.jpg" border="0" /></span></p>
<p style="margin:15pt 0cm 0pt;">&nbsp;</p>
</span></span> <p style="margin:15pt 0cm 0pt;">&nbsp;</p>
</span></span></span>','1294709579');
INSERT INTO `shopnc_article` (`article_id`,`ac_id`,`article_url`,`article_show`,`article_sort`,`article_title`,`article_content`,`article_time`) VALUES('14','3',NULL,'1','255','商城商品推荐','<p><span style="font-size:18px;color:#003399;line-height:115%;font-family:宋体;mso-bidi-font-size:8.0pt;mso-ascii-font-family:Calibri;mso-hansi-font-family:Calibri;mso-bidi-font-family:Times New Roman;mso-ansi-language:EN-US;mso-fareast-language:ZH-CN;mso-bidi-language:AR-SA;">会员登陆商城进入用户中心，在我是卖家板块找到“商品管理”点击</span></p>
<p><span style="font-size:18px;color:#003399;line-height:115%;font-family:宋体;mso-bidi-font-size:8.0pt;mso-ascii-font-family:Calibri;mso-hansi-font-family:Calibri;mso-bidi-font-family:Times New Roman;mso-ansi-language:EN-US;mso-fareast-language:ZH-CN;mso-bidi-language:AR-SA;"><img alt="" src="./upload/editor/20110209154027_17581.jpg" border="0" /></span></p>
<p>&nbsp;</p>
<span style="font-size:18px;color:#003399;line-height:115%;font-family:宋体;mso-bidi-font-size:8.0pt;mso-ascii-font-family:Calibri;mso-hansi-font-family:Calibri;mso-bidi-font-family:Times New Roman;mso-ansi-language:EN-US;mso-fareast-language:ZH-CN;mso-bidi-language:AR-SA;"> <p style="margin:15pt 0cm 0pt;"><span style="font-family:宋体;mso-ascii-font-family:Calibri;mso-hansi-font-family:Calibri;"><span style="font-size:small;color:#335a89;">在商品列表中点击该商品后的“编辑”</span></span></p>
<p style="margin:15pt 0cm 0pt;"><span style="font-family:宋体;mso-ascii-font-family:Calibri;mso-hansi-font-family:Calibri;"><span style="font-size:small;color:#335a89;"><img alt="" src="./upload/editor/20110209155654_54046.jpg" border="0" /></span></span></p>
<p style="margin:15pt 0cm 0pt;">&nbsp;</p>
<p style="margin:15pt 0cm 0pt;"><span style="font-family:宋体;mso-ascii-font-family:Calibri;mso-hansi-font-family:Calibri;"><span style="font-size:small;color:#335a89;">选择推荐，点击“提交”</span></span></p>
<p style="margin:15pt 0cm 0pt;"><span style="font-family:宋体;mso-ascii-font-family:Calibri;mso-hansi-font-family:Calibri;"><span style="font-size:small;color:#335a89;"><img alt="" src="./upload/editor/20110209160008_38544.jpg" border="0" /></span></span></p>
<p style="margin:15pt 0cm 0pt;"><span style="font-family:宋体;mso-ascii-font-family:Calibri;mso-hansi-font-family:Calibri;"><span style="font-size:small;color:#335a89;"><img alt="" src="./upload/editor/20110209160122_33174.jpg" border="0" /></span></span></p>
<p style="margin:15pt 0cm 0pt;">&nbsp;</p>
<p style="margin:15pt 0cm 0pt;">&nbsp;</p>
<p style="margin:15pt 0cm 0pt;">&nbsp;</p>
</span>','1294709599');
INSERT INTO `shopnc_article` (`article_id`,`ac_id`,`article_url`,`article_show`,`article_sort`,`article_title`,`article_content`,`article_time`) VALUES('15','3',NULL,'1','255','如何申请开店','<p><span style="font-size:18px;color:#003399;font-family:SimSun;mso-bidi-font-size:12.0pt;mso-ascii-font-family:Times New Roman;mso-hansi-font-family:Times New Roman;mso-bidi-font-family:Times New Roman;mso-font-kerning:1.0pt;mso-ansi-language:EN-US;mso-fareast-language:ZH-CN;mso-bidi-language:AR-SA;">登录商城首页，点击右上角“用户中心</span><span lang="EN-US" style="font-size:18px;color:#003399;font-family:SimSun;mso-bidi-font-size:12.0pt;mso-font-kerning:1.0pt;mso-ansi-language:EN-US;mso-fareast-language:ZH-CN;mso-bidi-language:AR-SA;mso-fareast-font-family:宋体;">”</span></p>
<p><span lang="EN-US" style="font-size:18px;color:#003399;font-family:SimSun;mso-bidi-font-size:12.0pt;mso-font-kerning:1.0pt;mso-ansi-language:EN-US;mso-fareast-language:ZH-CN;mso-bidi-language:AR-SA;mso-fareast-font-family:宋体;"><img alt="" src="./upload/editor/20110209162925_19705.jpg" border="0" /></span></p>
<p>&nbsp;</p>
<p>&nbsp;</p>
<p><span lang="EN-US" style="font-size:18px;color:#003399;font-family:SimSun;mso-bidi-font-size:12.0pt;mso-font-kerning:1.0pt;mso-ansi-language:EN-US;mso-fareast-language:ZH-CN;mso-bidi-language:AR-SA;mso-fareast-font-family:宋体;"><span style="color:#000000;"><span style="font-size:18px;color:#003399;font-family:SimSun;mso-bidi-font-size:12.0pt;mso-ascii-font-family:Times New Roman;mso-hansi-font-family:Times New Roman;mso-bidi-font-family:Times New Roman;mso-font-kerning:1.0pt;mso-ansi-language:EN-US;mso-fareast-language:ZH-CN;mso-bidi-language:AR-SA;">会员进入用户中心页面，点击下方</span><span style="font-size:18px;color:#003399;font-family:SimSun;mso-bidi-font-size:12.0pt;mso-ascii-font-family:Times New Roman;mso-hansi-font-family:Times New Roman;mso-bidi-font-family:Times New Roman;mso-font-kerning:1.0pt;mso-ansi-language:EN-US;mso-fareast-language:ZH-CN;mso-bidi-language:AR-SA;">“申请开店”</span></span></span></p>
<p><span lang="EN-US" style="font-size:18px;color:#003399;font-family:SimSun;mso-bidi-font-size:12.0pt;mso-font-kerning:1.0pt;mso-ansi-language:EN-US;mso-fareast-language:ZH-CN;mso-bidi-language:AR-SA;mso-fareast-font-family:宋体;"><span style="color:#000000;"><span style="font-size:18px;color:#003399;font-family:SimSun;mso-bidi-font-size:12.0pt;mso-ascii-font-family:Times New Roman;mso-hansi-font-family:Times New Roman;mso-bidi-font-family:Times New Roman;mso-font-kerning:1.0pt;mso-ansi-language:EN-US;mso-fareast-language:ZH-CN;mso-bidi-language:AR-SA;"><img alt="" src="./upload/editor/20110209163229_20901.jpg" border="0" /></span></span></span></p>
<p>&nbsp;</p>
<p>&nbsp;</p>
<p><span lang="EN-US" style="font-size:18px;color:#003399;font-family:SimSun;mso-bidi-font-size:12.0pt;mso-font-kerning:1.0pt;mso-ansi-language:EN-US;mso-fareast-language:ZH-CN;mso-bidi-language:AR-SA;mso-fareast-font-family:宋体;"><span style="color:#000000;"><span style="font-size:18px;color:#003399;font-family:SimSun;mso-bidi-font-size:12.0pt;mso-ascii-font-family:Times New Roman;mso-hansi-font-family:Times New Roman;mso-bidi-font-family:Times New Roman;mso-font-kerning:1.0pt;mso-ansi-language:EN-US;mso-fareast-language:ZH-CN;mso-bidi-language:AR-SA;"><span style="color:#000000;"><span style="font-size:18px;color:#003399;font-family:宋体;mso-bidi-font-size:12.0pt;mso-ascii-font-family:Times New Roman;mso-hansi-font-family:Times New Roman;mso-bidi-font-family:Times New Roman;mso-font-kerning:1.0pt;mso-ansi-language:EN-US;mso-fareast-language:ZH-CN;mso-bidi-language:AR-SA;">选择店铺类型，收费标准等，点击“立即开店”</span></span></span></span></span></p>
<p><span lang="EN-US" style="font-size:18px;color:#003399;font-family:SimSun;mso-bidi-font-size:12.0pt;mso-font-kerning:1.0pt;mso-ansi-language:EN-US;mso-fareast-language:ZH-CN;mso-bidi-language:AR-SA;mso-fareast-font-family:宋体;"><span style="color:#000000;"><span style="font-size:18px;color:#003399;font-family:SimSun;mso-bidi-font-size:12.0pt;mso-ascii-font-family:Times New Roman;mso-hansi-font-family:Times New Roman;mso-bidi-font-family:Times New Roman;mso-font-kerning:1.0pt;mso-ansi-language:EN-US;mso-fareast-language:ZH-CN;mso-bidi-language:AR-SA;"><span style="color:#000000;"><span style="font-size:18px;color:#003399;font-family:宋体;mso-bidi-font-size:12.0pt;mso-ascii-font-family:Times New Roman;mso-hansi-font-family:Times New Roman;mso-bidi-font-family:Times New Roman;mso-font-kerning:1.0pt;mso-ansi-language:EN-US;mso-fareast-language:ZH-CN;mso-bidi-language:AR-SA;"><img alt="" src="./upload/editor/20110209163457_37558.jpg" border="0" width="700px" /></span></span></span></span></span></p>
<p>&nbsp;</p>
<p>&nbsp;</p>
<p><span lang="EN-US" style="font-size:18px;color:#003399;font-family:SimSun;mso-bidi-font-size:12.0pt;mso-font-kerning:1.0pt;mso-ansi-language:EN-US;mso-fareast-language:ZH-CN;mso-bidi-language:AR-SA;mso-fareast-font-family:宋体;"><span style="color:#000000;"><span style="font-size:18px;color:#003399;font-family:SimSun;mso-bidi-font-size:12.0pt;mso-ascii-font-family:Times New Roman;mso-hansi-font-family:Times New Roman;mso-bidi-font-family:Times New Roman;mso-font-kerning:1.0pt;mso-ansi-language:EN-US;mso-fareast-language:ZH-CN;mso-bidi-language:AR-SA;"><span style="color:#000000;"><span style="font-size:18px;color:#003399;font-family:宋体;mso-bidi-font-size:12.0pt;mso-ascii-font-family:Times New Roman;mso-hansi-font-family:Times New Roman;mso-bidi-font-family:Times New Roman;mso-font-kerning:1.0pt;mso-ansi-language:EN-US;mso-fareast-language:ZH-CN;mso-bidi-language:AR-SA;">填写店主店铺信息，点击“立即开店”</span></span></span></span></span></p>
<p><span lang="EN-US" style="font-size:18px;color:#003399;font-family:SimSun;mso-bidi-font-size:12.0pt;mso-font-kerning:1.0pt;mso-ansi-language:EN-US;mso-fareast-language:ZH-CN;mso-bidi-language:AR-SA;mso-fareast-font-family:宋体;"><span style="color:#000000;"><span style="font-size:18px;color:#003399;font-family:SimSun;mso-bidi-font-size:12.0pt;mso-ascii-font-family:Times New Roman;mso-hansi-font-family:Times New Roman;mso-bidi-font-family:Times New Roman;mso-font-kerning:1.0pt;mso-ansi-language:EN-US;mso-fareast-language:ZH-CN;mso-bidi-language:AR-SA;"><span style="color:#000000;"><span style="font-size:18px;color:#003399;font-family:宋体;mso-bidi-font-size:12.0pt;mso-ascii-font-family:Times New Roman;mso-hansi-font-family:Times New Roman;mso-bidi-font-family:Times New Roman;mso-font-kerning:1.0pt;mso-ansi-language:EN-US;mso-fareast-language:ZH-CN;mso-bidi-language:AR-SA;"><img alt="" src="./upload/editor/20110209164206_43906.jpg" border="0" /></span></span></span></span></span></p>
<p>&nbsp;</p>
<p><span lang="EN-US" style="font-size:18px;color:#003399;font-family:SimSun;mso-bidi-font-size:12.0pt;mso-font-kerning:1.0pt;mso-ansi-language:EN-US;mso-fareast-language:ZH-CN;mso-bidi-language:AR-SA;mso-fareast-font-family:宋体;"><span style="color:#000000;"><span style="font-size:18px;color:#003399;font-family:SimSun;mso-bidi-font-size:12.0pt;mso-ascii-font-family:Times New Roman;mso-hansi-font-family:Times New Roman;mso-bidi-font-family:Times New Roman;mso-font-kerning:1.0pt;mso-ansi-language:EN-US;mso-fareast-language:ZH-CN;mso-bidi-language:AR-SA;"><span style="color:#000000;"><span style="font-size:18px;color:#003399;font-family:宋体;mso-bidi-font-size:12.0pt;mso-ascii-font-family:Times New Roman;mso-hansi-font-family:Times New Roman;mso-bidi-font-family:Times New Roman;mso-font-kerning:1.0pt;mso-ansi-language:EN-US;mso-fareast-language:ZH-CN;mso-bidi-language:AR-SA;">提示申请开店成功</span></span></span></span></span></p>
<p><span lang="EN-US" style="font-size:18px;color:#003399;font-family:SimSun;mso-bidi-font-size:12.0pt;mso-font-kerning:1.0pt;mso-ansi-language:EN-US;mso-fareast-language:ZH-CN;mso-bidi-language:AR-SA;mso-fareast-font-family:宋体;"><span style="color:#000000;"><span style="font-size:18px;color:#003399;font-family:SimSun;mso-bidi-font-size:12.0pt;mso-ascii-font-family:Times New Roman;mso-hansi-font-family:Times New Roman;mso-bidi-font-family:Times New Roman;mso-font-kerning:1.0pt;mso-ansi-language:EN-US;mso-fareast-language:ZH-CN;mso-bidi-language:AR-SA;"><span style="color:#000000;"><span style="font-size:18px;color:#003399;font-family:宋体;mso-bidi-font-size:12.0pt;mso-ascii-font-family:Times New Roman;mso-hansi-font-family:Times New Roman;mso-bidi-font-family:Times New Roman;mso-font-kerning:1.0pt;mso-ansi-language:EN-US;mso-fareast-language:ZH-CN;mso-bidi-language:AR-SA;"><img alt="" src="./upload/editor/20110209164344_55309.jpg" border="0" /></span></span></span></span></span></p>
<p>&nbsp;</p>
<p>&nbsp;</p>
<p>&nbsp;</p>
<p>&nbsp;</p>
<p>&nbsp;</p>
<p>&nbsp;</p>','1294709809');
INSERT INTO `shopnc_article` (`article_id`,`ac_id`,`article_url`,`article_show`,`article_sort`,`article_title`,`article_content`,`article_time`) VALUES('16','4',NULL,'1','255','如何注册支付宝','<p style="margin:15pt 0cm 0pt;"><span style="font-family:宋体;mso-ascii-font-family:Calibri;mso-hansi-font-family:Calibri;"><span style="font-size:small;color:#335a89;"><span style="font-size:18px;color:#003399;font-family:SimSun;">会员登陆商城进入用户中心，在我是卖家板块找到“支付方式管理”点击</span></span></span></p>
<p style="margin:15pt 0cm 0pt;"><span style="font-family:宋体;mso-ascii-font-family:Calibri;mso-hansi-font-family:Calibri;"><span style="font-size:small;color:#335a89;"><span style="font-size:18px;color:#003399;font-family:SimSun;"><img alt="" src="./upload/editor/20110210083402_90837.jpg" border="0" /></span></span></span></p>
<p style="margin:15pt 0cm 0pt;">&nbsp;</p>
<p style="margin:15pt 0cm 0pt;"><span style="font-family:宋体;mso-ascii-font-family:Calibri;mso-hansi-font-family:Calibri;"><span style="font-size:small;color:#335a89;"><span style="font-size:18px;color:#003399;font-family:SimSun;"><span style="font-size:18px;color:#003399;line-height:115%;font-family:宋体;mso-ascii-font-family:Calibri;mso-hansi-font-family:Calibri;mso-bidi-font-size:8.0pt;mso-bidi-font-family:Times New Roman;mso-ansi-language:EN-US;mso-fareast-language:ZH-CN;mso-bidi-language:AR-SA;">点击需要的添加的支付方式后的“安装”</span></span></span></span></p>
<p style="margin:15pt 0cm 0pt;"><span style="font-family:宋体;mso-ascii-font-family:Calibri;mso-hansi-font-family:Calibri;"><span style="font-size:small;color:#335a89;"><span style="font-size:18px;color:#003399;font-family:SimSun;"><span style="font-size:18px;color:#003399;line-height:115%;font-family:宋体;mso-ascii-font-family:Calibri;mso-hansi-font-family:Calibri;mso-bidi-font-size:8.0pt;mso-bidi-font-family:Times New Roman;mso-ansi-language:EN-US;mso-fareast-language:ZH-CN;mso-bidi-language:AR-SA;"><img alt="" src="./upload/editor/20110210084935_79853.jpg" border="0" /></span></span></span></span></p>
<span style="font-family:宋体;mso-ascii-font-family:Calibri;mso-hansi-font-family:Calibri;"><span style="font-size:small;color:#335a89;"><span style="font-size:18px;color:#003399;font-family:SimSun;"><span style="font-size:18px;color:#003399;line-height:115%;font-family:宋体;mso-ascii-font-family:Calibri;mso-hansi-font-family:Calibri;mso-bidi-font-size:8.0pt;mso-bidi-font-family:Times New Roman;mso-ansi-language:EN-US;mso-fareast-language:ZH-CN;mso-bidi-language:AR-SA;"> <h3 style="margin:15pt 0cm 0pt;">&nbsp;</h3>
<p style="margin:15pt 0cm 0pt;"><span style="font-family:宋体;mso-ascii-font-family:Calibri;mso-hansi-font-family:Calibri;"><span style="font-size:small;color:#335a89;">填写相关信息，点击“提交”</span></span></p>
</span></span></span></span> <p style="margin:15pt 0cm 0pt;"><span style="font-family:宋体;mso-ascii-font-family:Calibri;mso-hansi-font-family:Calibri;"><span style="font-size:small;color:#335a89;"><span style="font-size:18px;color:#003399;font-family:SimSun;"><span style="font-size:18px;color:#003399;line-height:115%;font-family:宋体;mso-ascii-font-family:Calibri;mso-hansi-font-family:Calibri;mso-bidi-font-size:8.0pt;mso-bidi-font-family:Times New Roman;mso-ansi-language:EN-US;mso-fareast-language:ZH-CN;mso-bidi-language:AR-SA;"><img alt="" src="./upload/editor/20110210085515_46504.jpg" border="0" /></span></span></span></span></p>
<p style="margin:15pt 0cm 0pt;">&nbsp;</p>
<p style="margin:15pt 0cm 0pt;">&nbsp;</p>
<p style="margin:15pt 0cm 0pt;">&nbsp;</p>
<p style="margin:15pt 0cm 0pt;">&nbsp;</p>
<p style="margin:15pt 0cm 0pt;">&nbsp;</p>
<p style="margin:15pt 0cm 0pt;">&nbsp;</p>','1294709827');
INSERT INTO `shopnc_article` (`article_id`,`ac_id`,`article_url`,`article_show`,`article_sort`,`article_title`,`article_content`,`article_time`) VALUES('17','4',NULL,'1','255','在线支付','在线支付','1294713631');
INSERT INTO `shopnc_article` (`article_id`,`ac_id`,`article_url`,`article_show`,`article_sort`,`article_title`,`article_content`,`article_time`) VALUES('18','6',NULL,'1','255','会员修改密码','<p style="margin:15pt 0cm 0pt;"><span style="font-family:宋体;mso-ascii-font-family:Calibri;mso-hansi-font-family:Calibri;"><span style="font-size:small;color:#335a89;"><span style="font-size:18px;color:#003399;font-family:SimSun;">会员登录商城，点击右上角“用户中心”进入</span></span></span></p>
<p style="margin:15pt 0cm 0pt;"><span style="font-family:宋体;mso-ascii-font-family:Calibri;mso-hansi-font-family:Calibri;"><span style="font-size:small;color:#335a89;"><span style="font-size:18px;color:#003399;font-family:SimSun;"><img alt="" src="./upload/editor/20110210100016_71548.jpg" border="0" width="700px" /></span></span></span></p>
<p style="margin:15pt 0cm 0pt;">&nbsp;</p>
<p style="margin:15pt 0cm 0pt;"><span style="font-family:宋体;mso-ascii-font-family:Calibri;mso-hansi-font-family:Calibri;"><span style="font-size:small;color:#335a89;"><span style="font-size:18px;color:#003399;font-family:SimSun;">在我的账户板块点击“个人资料”进入</span></span></span></p>
<p style="margin:15pt 0cm 0pt;"><span style="font-family:宋体;mso-ascii-font-family:Calibri;mso-hansi-font-family:Calibri;"><span style="font-size:small;color:#335a89;"><span style="font-size:18px;color:#003399;font-family:SimSun;"><img alt="" src="./upload/editor/20110210100143_75461.jpg" border="0" /></span></span></span></p>
<p style="margin:15pt 0cm 0pt;">&nbsp;</p>
<p style="margin:15pt 0cm 0pt;"><span style="font-family:宋体;mso-ascii-font-family:Calibri;mso-hansi-font-family:Calibri;"><span style="font-size:small;color:#335a89;"><span style="font-size:18px;color:#003399;font-family:SimSun;">在个人资料页面点击“修改密码”</span></span></span></p>
<p style="margin:15pt 0cm 0pt;"><span style="font-family:宋体;mso-ascii-font-family:Calibri;mso-hansi-font-family:Calibri;"><span style="font-size:small;color:#335a89;"><span style="font-size:18px;color:#003399;font-family:SimSun;"><img alt="" src="./upload/editor/20110210100354_81369.jpg" border="0" /></span></span></span></p>
<p style="margin:15pt 0cm 0pt;">&nbsp;</p>
<p style="margin:15pt 0cm 0pt;"><span style="font-family:宋体;mso-ascii-font-family:Calibri;mso-hansi-font-family:Calibri;"><span style="font-size:small;color:#335a89;"><span style="font-size:18px;color:#003399;font-family:SimSun;">填写密码口令，点击“提交”</span></span></span></p>
<p style="margin:15pt 0cm 0pt;"><span style="font-family:宋体;mso-ascii-font-family:Calibri;mso-hansi-font-family:Calibri;"><span style="font-size:small;color:#335a89;"><span style="font-size:18px;color:#003399;font-family:SimSun;"><img alt="" src="./upload/editor/20110210100612_16845.jpg" border="0" /></span></span></span></p>
<p style="margin:15pt 0cm 0pt;">&nbsp;</p>
<p style="margin:15pt 0cm 0pt;">&nbsp;</p>
<p style="margin:15pt 0cm 0pt;">&nbsp;</p>','1294713819');
INSERT INTO `shopnc_article` (`article_id`,`ac_id`,`article_url`,`article_show`,`article_sort`,`article_title`,`article_content`,`article_time`) VALUES('19','6',NULL,'1','255','会员修改个人资料','<p><span style="font-size:18px;color:#003399;line-height:115%;font-family:宋体;mso-ascii-font-family:Calibri;mso-hansi-font-family:Calibri;mso-bidi-font-size:8.0pt;mso-bidi-font-family:Times New Roman;mso-ansi-language:EN-US;mso-fareast-language:ZH-CN;mso-bidi-language:AR-SA;">会员登录商城，点击右上角“用户中心”进入</span></p>
<p><span style="font-size:18px;color:#003399;line-height:115%;font-family:宋体;mso-ascii-font-family:Calibri;mso-hansi-font-family:Calibri;mso-bidi-font-size:8.0pt;mso-bidi-font-family:Times New Roman;mso-ansi-language:EN-US;mso-fareast-language:ZH-CN;mso-bidi-language:AR-SA;"><img alt="" src="./upload/editor/20110210100846_23142.jpg" border="0" /></span></p>
<p>&nbsp;</p>
<span style="font-size:18px;color:#003399;line-height:115%;font-family:宋体;mso-ascii-font-family:Calibri;mso-hansi-font-family:Calibri;mso-bidi-font-size:8.0pt;mso-bidi-font-family:Times New Roman;mso-ansi-language:EN-US;mso-fareast-language:ZH-CN;mso-bidi-language:AR-SA;"> <p style="margin:15pt 0cm 0pt;"><span style="font-family:宋体;mso-ascii-font-family:Calibri;mso-hansi-font-family:Calibri;"><span style="font-size:small;color:#335a89;">在用户中心的我的账户板块点击“个人资料”</span></span></p>
<p style="margin:15pt 0cm 0pt;"><span style="font-family:宋体;mso-ascii-font-family:Calibri;mso-hansi-font-family:Calibri;"><img alt="" src="./upload/editor/20110210101042_74191.jpg" border="0" /></span></p>
<p style="margin:15pt 0cm 0pt;">&nbsp;</p>
<span style="font-family:宋体;mso-ascii-font-family:Calibri;mso-hansi-font-family:Calibri;"> <p style="margin:15pt 0cm 0pt;"><span style="font-family:宋体;mso-ascii-font-family:Calibri;mso-hansi-font-family:Calibri;"><span style="font-size:small;color:#335a89;">也可在用户中心默认界面（账户概况）点击“编辑个人资料”</span></span></p>
<p style="margin:15pt 0cm 0pt;"><span style="font-family:宋体;mso-ascii-font-family:Calibri;mso-hansi-font-family:Calibri;"><img alt="" src="./upload/editor/20110210101209_36181.jpg" border="0" /></span></p>
<span style="font-family:宋体;mso-ascii-font-family:Calibri;mso-hansi-font-family:Calibri;"> <p style="margin:15pt 0cm 0pt;">&nbsp;</p>
<p style="margin:15pt 0cm 0pt;"><span style="font-family:宋体;mso-ascii-font-family:Calibri;mso-hansi-font-family:Calibri;"><span style="font-size:small;color:#335a89;">填写个人信息资料，点击“更改头像”</span></span></p>
<p style="margin:15pt 0cm 0pt;"><span style="font-family:宋体;mso-ascii-font-family:Calibri;mso-hansi-font-family:Calibri;"><span style="font-size:small;color:#335a89;"><img alt="" src="./upload/editor/20110210101333_62566.jpg" border="0" /></span></span></p>
<span style="font-family:宋体;mso-ascii-font-family:Calibri;mso-hansi-font-family:Calibri;"><span style="font-size:small;color:#335a89;"> <p style="margin:15pt 0cm 0pt;"><span style="font-family:宋体;mso-ascii-font-family:Calibri;mso-hansi-font-family:Calibri;"><span style="font-size:small;">进行本地上传图片更改头像</span></span></p>
<p style="margin:15pt 0cm 0pt;"><span style="font-family:宋体;mso-ascii-font-family:Calibri;mso-hansi-font-family:Calibri;"><img alt="" src="./upload/editor/20110210101528_80109.jpg" border="0" /></span></p>
<p style="margin:15pt 0cm 0pt;">&nbsp;</p>
<p style="margin:15pt 0cm 0pt;"><span style="font-family:宋体;mso-ascii-font-family:Calibri;mso-hansi-font-family:Calibri;"><span style="font-size:18px;color:#003399;line-height:115%;font-family:宋体;mso-ascii-font-family:Calibri;mso-hansi-font-family:Calibri;mso-bidi-font-size:8.0pt;mso-bidi-font-family:Times New Roman;mso-ansi-language:EN-US;mso-fareast-language:ZH-CN;mso-bidi-language:AR-SA;">修改头像、填写完成个人信息后点击“保存修改”</span></span></p>
<p style="margin:15pt 0cm 0pt;"><span style="font-family:宋体;mso-ascii-font-family:Calibri;mso-hansi-font-family:Calibri;"><span style="font-size:18px;color:#003399;line-height:115%;font-family:宋体;mso-ascii-font-family:Calibri;mso-hansi-font-family:Calibri;mso-bidi-font-size:8.0pt;mso-bidi-font-family:Times New Roman;mso-ansi-language:EN-US;mso-fareast-language:ZH-CN;mso-bidi-language:AR-SA;"><img alt="" src="./upload/editor/20110210101632_31534.jpg" border="0" /></span></span></p>
<p style="margin:15pt 0cm 0pt;">&nbsp;</p>
<span style="font-family:宋体;mso-ascii-font-family:Calibri;mso-hansi-font-family:Calibri;"><span style="font-size:18px;color:#003399;line-height:115%;font-family:宋体;mso-ascii-font-family:Calibri;mso-hansi-font-family:Calibri;mso-bidi-font-size:8.0pt;mso-bidi-font-family:Times New Roman;mso-ansi-language:EN-US;mso-fareast-language:ZH-CN;mso-bidi-language:AR-SA;"> <p style="margin:15pt 0cm 0pt;"><span style="font-family:宋体;mso-ascii-font-family:Calibri;mso-hansi-font-family:Calibri;"><span style="font-size:small;color:#335a89;"><span style="color:#003399;">完成个人信息修改</span></span></span></p>
<p style="margin:15pt 0cm 0pt;"><span style="font-family:宋体;mso-ascii-font-family:Calibri;mso-hansi-font-family:Calibri;"><span style="font-size:small;color:#335a89;"><span style="color:#003399;"><img alt="" src="./upload/editor/20110210101732_37374.jpg" border="0" /></span></span></span></p>
</span></span> <p style="margin:15pt 0cm 0pt;">&nbsp;</p>
</span></span> <p style="margin:15pt 0cm 0pt;">&nbsp;</p>
<p style="margin:15pt 0cm 0pt;">&nbsp;</p>
<p style="margin:15pt 0cm 0pt;">&nbsp;</p>
</span></span></span>','1294713836');
INSERT INTO `shopnc_article` (`article_id`,`ac_id`,`article_url`,`article_show`,`article_sort`,`article_title`,`article_content`,`article_time`) VALUES('20','6',NULL,'1','255','商品发布','<p style="margin:15pt 0cm 0pt;"><span style="font-family:宋体;mso-ascii-font-family:Calibri;mso-hansi-font-family:Calibri;"><span style="font-size:small;color:#335a89;">会员登陆商城进入用户中心，在我是卖家板块找到“商品管理”点击</span></span></p>
<p style="margin:15pt 0cm 0pt;"><span style="font-family:宋体;mso-ascii-font-family:Calibri;mso-hansi-font-family:Calibri;"><img alt="" src="./upload/editor/20110210102523_43795.jpg" border="0" /></span></p>
<p style="margin:15pt 0cm 0pt;">&nbsp;</p>
<span style="font-family:宋体;mso-ascii-font-family:Calibri;mso-hansi-font-family:Calibri;"> <p style="margin:15pt 0cm 0pt;"><span style="font-family:宋体;mso-ascii-font-family:Calibri;mso-hansi-font-family:Calibri;"><span style="font-size:small;color:#335a89;">在商品列表中点击“新增商品”</span></span></p>
<p style="margin:15pt 0cm 0pt;"><span style="font-family:宋体;mso-ascii-font-family:Calibri;mso-hansi-font-family:Calibri;"><img alt="" src="./upload/editor/20110210102626_41732.jpg" border="0" /></span></p>
<p style="margin:15pt 0cm 0pt;">&nbsp;</p>
<span style="font-family:宋体;mso-ascii-font-family:Calibri;mso-hansi-font-family:Calibri;"> <p style="margin:15pt 0cm 0pt;"><span style="font-family:宋体;mso-ascii-font-family:Calibri;mso-hansi-font-family:Calibri;"><span style="font-size:small;color:#335a89;">填写商品的详细信息，点击“提交”发布</span></span></p>
<p style="margin:15pt 0cm 0pt;"><span style="font-family:宋体;mso-ascii-font-family:Calibri;mso-hansi-font-family:Calibri;"><img alt="" src="./upload/editor/20110210102729_99892.jpg" border="0" /></span></p>
<p style="margin:15pt 0cm 0pt;">&nbsp;</p>
<span style="font-family:宋体;mso-ascii-font-family:Calibri;mso-hansi-font-family:Calibri;"> <p style="margin:15pt 0cm 0pt;"><span style="font-family:宋体;mso-ascii-font-family:Calibri;mso-hansi-font-family:Calibri;"><span style="font-size:small;color:#335a89;">提示添加商品成功</span></span></p>
<p style="margin:15pt 0cm 0pt;"><span style="font-family:宋体;mso-ascii-font-family:Calibri;mso-hansi-font-family:Calibri;"><img alt="" src="./upload/editor/20110210102812_84565.jpg" border="0" /></span></p>
</span></span></span>','1294713852');
INSERT INTO `shopnc_article` (`article_id`,`ac_id`,`article_url`,`article_show`,`article_sort`,`article_title`,`article_content`,`article_time`) VALUES('21','6',NULL,'1','255','修改收货地址','<p style="margin:15pt 0cm 0pt;"><span style="font-family:宋体;mso-ascii-font-family:Calibri;mso-hansi-font-family:Calibri;"><span style="font-size:small;color:#335a89;"><span style="font-size:18px;color:#003399;">会员登录商城进入用户中心，在我是买家板块找到“我的地址”点击进入</span></span></span></p>
<p style="margin:15pt 0cm 0pt;"><span style="font-family:宋体;mso-ascii-font-family:Calibri;mso-hansi-font-family:Calibri;"><span style="font-size:small;color:#335a89;"><span style="font-size:18px;color:#003399;"><img alt="" src="./upload/editor/20110210103254_50780.jpg" border="0" /></span></span></span></p>
<p style="margin:15pt 0cm 0pt;">&nbsp;</p>
<p style="margin:15pt 0cm 0pt;"><span style="font-family:宋体;mso-ascii-font-family:Calibri;mso-hansi-font-family:Calibri;"><span style="font-size:small;color:#335a89;"><span style="font-size:18px;color:#003399;"><span style="font-size:18px;color:#003399;line-height:115%;font-family:SimSun;mso-ascii-font-family:Calibri;mso-hansi-font-family:Calibri;mso-bidi-font-size:8.0pt;mso-bidi-font-family:Times New Roman;mso-ansi-language:EN-US;mso-fareast-language:ZH-CN;mso-bidi-language:AR-SA;">在地址列表页面点击该地址后的“编辑”</span></span></span></span></p>
<p style="margin:15pt 0cm 0pt;"><span style="font-family:宋体;mso-ascii-font-family:Calibri;mso-hansi-font-family:Calibri;"><span style="font-size:small;color:#335a89;"><span style="font-size:18px;color:#003399;"><span style="font-size:18px;color:#003399;line-height:115%;font-family:SimSun;mso-ascii-font-family:Calibri;mso-hansi-font-family:Calibri;mso-bidi-font-size:8.0pt;mso-bidi-font-family:Times New Roman;mso-ansi-language:EN-US;mso-fareast-language:ZH-CN;mso-bidi-language:AR-SA;"><img alt="" src="./upload/editor/20110210103509_39444.jpg" border="0" /></span></span></span></span></p>
<p style="margin:15pt 0cm 0pt;">&nbsp;</p>
<span style="font-family:宋体;mso-ascii-font-family:Calibri;mso-hansi-font-family:Calibri;"><span style="font-size:small;color:#335a89;"><span style="font-size:18px;color:#003399;"><span style="font-size:18px;color:#003399;line-height:115%;font-family:SimSun;mso-ascii-font-family:Calibri;mso-hansi-font-family:Calibri;mso-bidi-font-size:8.0pt;mso-bidi-font-family:Times New Roman;mso-ansi-language:EN-US;mso-fareast-language:ZH-CN;mso-bidi-language:AR-SA;"> <p style="margin:15pt 0cm 0pt;"><span style="font-family:宋体;mso-ascii-font-family:Calibri;mso-hansi-font-family:Calibri;">可对该地址的相关信息进行修改后，点击“编辑地址”保存</span></p>
<p style="margin:15pt 0cm 0pt;"><span style="font-family:宋体;mso-ascii-font-family:Calibri;mso-hansi-font-family:Calibri;"><img alt="" src="./upload/editor/20110210103710_47524.jpg" border="0" /></span></p>
<p style="margin:15pt 0cm 0pt;">&nbsp;</p>
<p style="margin:15pt 0cm 0pt;">&nbsp;</p>
</span></span></span></span> <p style="margin:15pt 0cm 0pt;">&nbsp;</p>
<p style="margin:15pt 0cm 0pt;">&nbsp;</p>','1294713910');
INSERT INTO `shopnc_article` (`article_id`,`ac_id`,`article_url`,`article_show`,`article_sort`,`article_title`,`article_content`,`article_time`) VALUES('22','7',NULL,'1','255','关于ShopNC','<p>&nbsp;&nbsp;&nbsp;&nbsp;&nbsp;&nbsp; 天津市网城创想科技有限责任公司位于天津市南开区，是专业从事生产管理信息化领域技术咨询和软件开发的高新技术企业。公司拥有多名技术人才和资深的行业解决方案专家。</p>
<p>&nbsp;&nbsp;&nbsp;&nbsp;&nbsp;&nbsp; 公司拥有一支勇于开拓、具有战略眼光和敏锐市场判断力的市场营销队伍，一批求实敬业，追求卓越的行政管理人才，一个能征善战，技术优秀，经验丰富的开发团队。公司坚持按现代企业制度和市场规律办事，在扩大经营规模的同时，注重企业经济运行质量，在自主产品研发及承接软件项目方面获得了很强的竞争力。 我公司也积极参与国内传统企业的信息化改造，引进国际化产品开发的标准，规范软件开发流程，通过提升各层面的软件开发人才的技术素质，打造国产软件精品，目前已经开发出具有自主知识产权的网络商城软件，还在积极开发基于电子商务平台高效能、高效益的管理系统。为今后进一步开拓国内市场打下坚实的基础。公司致力于构造一个开放、发展的人才平台，积极营造追求卓越、积极奉献的工作氛围，把“以人为本”的理念落实到每一项具体工作中，为那些锋芒内敛，激情无限的业界精英提供充分的发展空间，优雅自信、从容自得的工作环境，事业雄心与生活情趣两相兼顾的生活方式。并通过每个员工不断提升自我，以自己的独特价值观对工作与生活作最准确的判断，使我们每一个员工彰显出他们出色的自我品位，独有的工作个性和卓越的创新风格，让他们时刻保持振奋、不断鼓舞内心深处的梦想，永远走在时代潮流前端。公司发展趋势 励精图治，展望未来。公司把发展产业策略与发掘人才策略紧密结合，广纳社会精英，挖掘创新潜能，以人为本，凝聚人气，努力营造和谐宽松的工作氛围，为优秀人才的脱颖而出提供机遇。公司将在深入发展软件产业的同时，通过不懈的努力，来塑造大型软件公司的辉煌形象。 </p>','1294714215');
INSERT INTO `shopnc_article` (`article_id`,`ac_id`,`article_url`,`article_show`,`article_sort`,`article_title`,`article_content`,`article_time`) VALUES('23','7',NULL,'1','255','联系我们','<p>欢迎您对我们的站点、工作、产品和服务提出自己宝贵的意见或建议。我们将给予您及时答复。同时也欢迎您到我们公司来洽商业务。</p>
<p><br />
<strong>公司名称</strong>： 天津市网城创想科技有限责任公司 <br />
<strong>通信地址</strong>： 天津市南开区红旗路220号慧谷大厦712 <br />
<strong>邮政编码</strong>： 300072 <br />
<strong>电话</strong>： 400-611-5098 <br />
<strong>商务洽谈</strong>： 86-022-87631069 <br />
<strong>传真</strong>： 86-022-87631069 <br />
<strong>软件企业编号</strong>： 120193000029441 <br />
<strong>软件著作权登记号</strong>： 2008SR07843 <br />
<strong>ICP备案号</strong>： 津ICP备08000171号 </p>','1294714228');
INSERT INTO `shopnc_article` (`article_id`,`ac_id`,`article_url`,`article_show`,`article_sort`,`article_title`,`article_content`,`article_time`) VALUES('24','7',NULL,'1','255','招聘英才','<dl> <h3>PHP程序员</h3>
<dt>职位要求： <dd>熟悉PHP5开发语言；<br />
熟悉MySQL5数据库，同时熟悉sqlserver，oracle者优先；<br />
熟悉面向对象思想，MVC三层体系，至少使用过目前已知PHP框架其中一种；<br />
熟悉SERVER2003/Linux操作系统，熟悉常用Linux操作命令；<br />
熟悉Mysql数据库应用开发，了解Mysql的数据库配置管理、性能优化等基本操作技能；<br />
熟悉jquery，smarty等常用开源软件；<br />
具备良好的代码编程习惯及较强的文档编写能力；<br />
具备良好的团队合作能力；<br />
熟悉设计模式者优先；<br />
熟悉java，c++,c#,python其中一种者优先； </dd> <dt>学历要求： <dd>大本 </dd> <dt>工作经验： <dd>一年以上 </dd> <dt>工作地点： <dd>天津 </dd></dl> <dl> <h3>网页设计（2名）</h3>
<dt>岗位职责： <dd>网站UI设计、 切片以及HTML制作。 </dd> <dt>职位要求： <dd>有大型网站设计经验；有网站改版、频道建设经验者优先考虑； <br />
熟练掌握photoshop,fireworks,dreamwaver等设计软件； <br />
熟练运用Div+Css制作网页，符合CSS2.0-W3C标准，并掌握不同浏览器下，不同版本下CSS元素的区别；<br />
熟悉网站制作流程，能运用并修改简单JavaScript类程序； <br />
积极向上，有良好的人际沟通能力，良好的工作协调能力，踏实肯干的工作精神；具有良好的沟通表达能力，<br />
需求判断力，团队协作能力； <br />
请应聘者在简历中提供个人近期作品连接。 </dd> <dt>学历要求： <dd>专科 </dd> <dt>工作经验： <dd>一年以上 </dd> <dt>工作地点： <dd>天津 </dd></dl> <dl> <h3>方案策划（1名）</h3>
<dt>职位要求： <dd>2年以上的文案编辑类相关工作经验，具备一定的文字功底，有极强的语言表达和逻辑思维能力， 能独立完成项目方案的编写，拟草各种协议。熟悉使用办公软件。 </dd> <dt>学历要求： <dd>大专以上 </dd> <dt>工作经验： <dd>一年以上 </dd> <dt>工作地点： <dd>天津 </dd></dl>','1294714240');
INSERT INTO `shopnc_article` (`article_id`,`ac_id`,`article_url`,`article_show`,`article_sort`,`article_title`,`article_content`,`article_time`) VALUES('25','7',NULL,'1','255','合作及洽谈','<p>&nbsp;&nbsp;&nbsp;&nbsp;&nbsp; ShopNC希望与服务代理商、合作伙伴并肩合作，携手开拓日益广阔的网络购物软件市场。如果您拥有好的建议，拥有丰富渠道资源、拥有众多目标客户、拥有相应的市场资源，并希望与ShopNC进行深度业务合作， 欢迎成为ShopNC业务合作伙伴，请联系。</p>
<p>&nbsp;</p>
<p><strong>公司名称</strong>： 天津市网城创想科技有限责任公司 <br />
<strong>通信地址</strong>： 天津市南开区红旗路220号慧谷大厦712 <br />
<strong>邮政编码</strong>： 300072 <br />
<strong>电话</strong>： 400-611-5098 <br />
<strong>商务洽谈</strong>： 86-022-87631069 <br />
<strong>传真</strong>： 86-022-87631069 <br />
</p>','1294714257');
INSERT INTO `shopnc_article` (`article_id`,`ac_id`,`article_url`,`article_show`,`article_sort`,`article_title`,`article_content`,`article_time`) VALUES('26','5',NULL,'1','255','联系卖家','联系卖家','1294714858');
INSERT INTO `shopnc_article` (`article_id`,`ac_id`,`article_url`,`article_show`,`article_sort`,`article_title`,`article_content`,`article_time`) VALUES('28','4',NULL,'1','255','分期付款','分期付款<br />','1309835564');
INSERT INTO `shopnc_article` (`article_id`,`ac_id`,`article_url`,`article_show`,`article_sort`,`article_title`,`article_content`,`article_time`) VALUES('29','4',NULL,'1','255','邮局汇款','邮局汇款<br />','1309835582');
INSERT INTO `shopnc_article` (`article_id`,`ac_id`,`article_url`,`article_show`,`article_sort`,`article_title`,`article_content`,`article_time`) VALUES('30','4',NULL,'1','255','公司转账','公司转账<br />','1309835600');
INSERT INTO `shopnc_article` (`article_id`,`ac_id`,`article_url`,`article_show`,`article_sort`,`article_title`,`article_content`,`article_time`) VALUES('31','5',NULL,'1','255','退换货政策','退换货政策','1309835651');
INSERT INTO `shopnc_article` (`article_id`,`ac_id`,`article_url`,`article_show`,`article_sort`,`article_title`,`article_content`,`article_time`) VALUES('32','5',NULL,'1','255','退换货流程','退换货流程','1309835666');
INSERT INTO `shopnc_article` (`article_id`,`ac_id`,`article_url`,`article_show`,`article_sort`,`article_title`,`article_content`,`article_time`) VALUES('33','5',NULL,'1','255','返修/退换货','返修/退换货','1309835679');
INSERT INTO `shopnc_article` (`article_id`,`ac_id`,`article_url`,`article_show`,`article_sort`,`article_title`,`article_content`,`article_time`) VALUES('34','5',NULL,'1','255','退款申请','退款申请','1309835699');
INSERT INTO `shopnc_article` (`article_id`,`ac_id`,`article_url`,`article_show`,`article_sort`,`article_title`,`article_content`,`article_time`) VALUES('35','1','http://www.shopnc.net/','1','255','2.3版火爆销售中','2.3版火爆销售中<br />','1351302887');
INSERT INTO `shopnc_article` (`article_id`,`ac_id`,`article_url`,`article_show`,`article_sort`,`article_title`,`article_content`,`article_time`) VALUES('38','1',NULL,'1','252','如何利用直通车让站长盈利','<h3 style="font-size:16px;text-align:center;">ShopNC商城系统1.2版本之"直通车"功能说明</h3>
<p style="text-indent:2em;">直通车是我们经过对客户习惯的深入研究而制作的一种让站长轻松盈利的模式。商家（即平台卖家用户）使用直通车进行商品营销。商家通过支付金币使商品加入直通车后能够优先显示在商品列表中商品剩余金币越多排名越靠前，并在商品名称下方显示直通车标志。商品优先显示提高了用户点击和购买机会。站长通过直通车方便了平台的推广并且实现实实在在的盈利。站长更好的为商家服务，及商家之所需，使双方都得到相应的回报。并且直通车平台实现按时间自动扣除直通车金币功能，免除了站长繁杂的操作流程。</p>
<p></p>
<p style="color:red;">注：详细使用方法请参阅安装包内document文件夹中的相关帮助文档</p>','1310203091');
INSERT INTO `shopnc_article` (`article_id`,`ac_id`,`article_url`,`article_show`,`article_sort`,`article_title`,`article_content`,`article_time`) VALUES('36','1',NULL,'1','253','新版“广告管理”功能说明','<h3 style="font-size:16px;text-align:center;">ShopNC商城系统1.2版本之"广告管理"功能说明</h3>
<p style="text-indent:2em;">网站广告是一个站点的主要收入来源，也是站长运营网站的主要目的之一。一个功能强大，灵活自由，方便管理的广告系统是每一个站长迫切需要的。</p>
<p style="text-indent:2em;">ShopNC商城系统1.2版本较之前版本在广告管理这个模块上有了重大的改进，彻底颠覆了之前非常不灵活的广告系统，使站长可以自由地增减广告位，对其定价并放到网站的任何一个地方，系统提供了"幻灯片"、"图片"、"文字"、"Flash"等多种广告形式供站长选择。同时全新的广告系统也具有商户直接在线购买广告的功能（和1.2版本新增"金币"系统配合使用），使网站广告的购买变的非常简单、直接、便利，能极大程度地提高站长的收入。在线生成的广告统计图功能也是ShopNC商城系统1.2版本的一大特色，通过在线即时生成Flash形式的统计图表，广告主及站长可以直观地掌握广告点击率情况（系统提供了"折线图"、"饼形图"、"柱形图"等展示形式），同时站长在后台可以通过广告位点击率排序功能，迅速得知哪些广告位最容易被用户点击，进而调整站点的广告位价格，进一步增加站长的收入。</p>
<p></p>
<p style="color:red;">注：详细使用方法请参阅安装包内document文件夹中的相关帮助文档</p>','1310198494');
INSERT INTO `shopnc_article` (`article_id`,`ac_id`,`article_url`,`article_show`,`article_sort`,`article_title`,`article_content`,`article_time`) VALUES('37','1',NULL,'1','251','如何扩充水印字体库','<h3 style="font-size:16px;text-align:center;">扩充水印功能字体库支持详解</h3>
<p style="text-indent:2em;"><b>使用方法：</b>将您下载的字体库上传到网站目录"网站根目录\\resource\\font\\"这个文件夹内，同时需要修改此文件夹下的font.info.php文件。例如：您下载了一个"宋体"字库simsun.ttf，将其放置于前面所述文件夹内，使用代码编辑工具（如EditPlus）打开font.info.php文件在其中的$fontInfo = array(''arial''=&gt;''Arial'')数组后面添加宋体字库信息，"=&gt;"符号左边是文件名，右边是您想在网站上显示的文字信息。</p>
<p style="text-indent:2em;">添加后的样子如：array(''arial''=&gt;''Arial'',''simsun''=&gt;''宋体'')，所示。</p>
<p></p>
<p style="text-indent:2em;">您可以在ShopNC官方网站下载字体库文件，下载地址：<a href="http://www.shopnc.net/downloads/product/multishop/fonts.zip">字体库文件[fonts.zip]</a>。</p>
<p></p>
<p style="color:red;">注：详细使用方法也可参阅安装包内upload文件夹中的readme文档</p>','1310200272');
INSERT INTO `shopnc_article` (`article_id`,`ac_id`,`article_url`,`article_show`,`article_sort`,`article_title`,`article_content`,`article_time`) VALUES('40','1',NULL,'1','254','ShopNC官方使用提示信息','<p style="text-indent:2em;"><b>官方提示：</b>ShopNC商城系统可供站长们免费下载使用，具体安装使用协议详见安装过程中的授权协议文档。如需获得更多帮助或更多使用权限，请联系官方购买授权。</p>
<p style="text-indent:2em;">ShopNC开发团队力争做最适合站长运营的社区化电子商城系统，欢迎各位站长与官方联系提出您的宝贵需求建议。您的需要就是我们的动力，您的回报正是我们所做的考虑。</p>
<ul style="line-height:150%;">
<li>官方网址：<a href="http://www.shopnc.net">http://www.shopnc.net</a></li>
<li>官方论坛：<a href="http://bbs.shopnc.net">http://bbs.shopnc.net</a></li>
<li>在线咨询QQ：1045269763 、921362895</li>
<li>免费咨询电话：<b>400-611-5098</b></li>
</ul>','1310268647');
INSERT INTO `shopnc_article` (`article_id`,`ac_id`,`article_url`,`article_show`,`article_sort`,`article_title`,`article_content`,`article_time`) VALUES('39','1',NULL,'1','254','UCenter整合说明','<h3 style="font-size:16px;text-align:center;">ShopNC商城系统1.2版本之"Ucenter整合"功能说明</h3>
<p style="text-indent:2em;">平台之间的会员互通是站长们的一大需求，会员的互通方便站长多种不同模式的平台共同进行运营，利用各种平台之间的微妙联系增强整体平台的用户粘度和商业价值。</p>
<p style="text-indent:2em;">ShopNC商城系统1.2版很好的与UCenter进行了整合，实现会员的互通，方便站长进行多种模式的系统进行协调运营。在进行UCenter整合的时候需要注意以下几点：</p>
<ul>
<li>如果Ucenter使用的是utf8，则商城的也要用utf8的，如果用gbk版的就会出问题。</li>
<li>建议在使用前就整合，因为整合成功后，原系统中的会员将不能再登录，都以Ucenter的为主。</li>
<li>在商城填完信息后就能在Ucenter中看到"通信成功"提示，说明整合完成。</li>
<li>如果出现了不能同步登录问题，可以在论坛的后台更新缓存。</li>
</ul>
<p></p>
<p style="color:red;">注：详细使用方法请参阅安装包内document文件夹中的相关帮助文档</p>','1310262555');
INSERT INTO `shopnc_article` (`article_id`,`ac_id`,`article_url`,`article_show`,`article_sort`,`article_title`,`article_content`,`article_time`) VALUES('41','2',NULL,'1','255','积分细则','积分细则积分细则','1322621203');
INSERT INTO `shopnc_article` (`article_id`,`ac_id`,`article_url`,`article_show`,`article_sort`,`article_title`,`article_content`,`article_time`) VALUES('42','2',NULL,'1','255','积分兑换说明','积分兑换说明积分兑换说明<br />','1322621243');
INSERT INTO `shopnc_article` (`article_id`,`ac_id`,`article_url`,`article_show`,`article_sort`,`article_title`,`article_content`,`article_time`) VALUES('43','1',NULL,'1','254','新功能使用说明','<p>&nbsp;&nbsp;&nbsp; 新浪账号登录需要申请开通后才能在后台设置开启。</p>
<p>&nbsp;&nbsp;&nbsp; 积分兑换、预存款、代金劵的使用在网站设置中可以选择是否开通相应功能。</p>
<p>&nbsp;&nbsp;&nbsp; 其它的详细说明请参考安装包内document文件夹中的相关帮助文档。</p>','1322789334');
INSERT INTO `shopnc_article` (`article_id`,`ac_id`,`article_url`,`article_show`,`article_sort`,`article_title`,`article_content`,`article_time`) VALUES('44','1',NULL,'1','255','促销功能限时折扣使用说明','<p>
	一、<span style="font-size:10.5000pt;font-family:''宋体'';">卖家进入用户中心 <span>-&gt; </span><span>卖家 </span><span>-&gt; </span><span>促销管理 </span><span>-&gt; </span><span>商品促销 </span><span>-&gt; </span><span>限时折扣，如果当前没有可用套餐，系统会提示卖家首先购买套餐。</span></span><span style="font-size:10.5pt;font-family:''宋体'';"></span> 
</p>
<p>
	<img src="./upload/editor/20120504022113_65206.png" alt="" /> 
</p>
<p>
	二、<span style="font-size:10.5000pt;font-family:''宋体'';">卖家点击购买套餐按钮，进入套餐购买界面，填写要购买的数量，点击提交按钮完成套餐购买申请。</span><span style="font-size:10.5000pt;font-family:''宋体'';"></span> 
</p>
<p>
	<img src="./upload/editor/20120504022155_70768.png" alt="" /> 
</p>
<p>
	三、<span style="font-size:10.5000pt;font-family:''宋体'';">套餐申请后，在平台没有审核通过前，系统会提示卖家已经购买套餐但是没有通过审核。</span><span style="font-size:10.5000pt;font-family:''宋体'';"></span> 
</p>
<p>
	<img src="./upload/editor/20120504022223_45601.png" alt="" /> 
</p>
<p>
	四、<span style="font-size:10.5000pt;font-family:''宋体'';">套餐申请通过后，卖家可以发布限时折扣活动。点击添加活动按钮进入活动添加页面。点击套餐列表链接可以查看套餐记录。</span><span style="font-size:10.5000pt;font-family:''宋体'';"></span><br />
<span style="font-size:10.5000pt;font-family:''宋体'';"></span> 
</p>
<p>
	<img src="./upload/editor/20120504022253_29124.png" alt="" /> 
</p>
<p>
	五、<span style="font-size:10.5000pt;font-family:''宋体'';">卖家填写活动名称、开始时间、结束时间和默认折扣，点击提交按钮进入商品选择页面。</span><span style="font-size:10.5000pt;font-family:''宋体'';"></span> 
</p>
<p>
	<img src="./upload/editor/20120504022317_65502.png" alt="" /> 
</p>
<p>
	六、<span style="font-size:10.5000pt;font-family:''宋体'';">点击添加商品按钮选择，想要参加活动的商品。</span><span style="font-size:10.5000pt;font-family:''宋体'';"></span> 
</p>
<p>
	<img src="./upload/editor/20120504022344_86225.png" alt="" /> 
</p>
<p>
	七、<span style="font-size:10.5000pt;font-family:''宋体'';">点击商品后边的添加按钮，把所选商品添加到当前活动中。商品选择完毕后点击下方的返回活动管理按钮，回到活动管理页面。</span><span style="font-size:10.5000pt;font-family:''宋体'';"></span> 
</p>
<p>
	<img src="./upload/editor/20120504022411_71122.png" alt="" /> 
</p>
<p>
	八、<span style="font-size:10.5pt;font-family:''宋体'';">在活动管理页面可以单独设置每个商品的折扣率，在确认无误后点击发布活动按钮完成限时折扣活动的发布。</span> 
</p>
<p>
	<span style="font-size:10.5pt;font-family:''宋体'';"><img src="./upload/editor/20120504022440_49064.png" alt="" /></span> 
</p>
<p>
	<span style="font-size:10.5000pt;font-family:''宋体'';">九、限时折扣商品会优先显示在商品列表中，在商品列表页还可以对限时折扣商品进行筛选。进入商品详细页面后会出现限时折扣标识，点击立刻购买按钮即可以限时折扣价购买商品。</span><span style="font-size:10.5000pt;font-family:''宋体'';"></span><span style="font-size:10.5pt;font-family:''宋体'';"></span> 
</p>
<p>
	<span style="font-size:10.5pt;font-family:''宋体'';"><img src="./upload/editor/20120504022517_84608.png" alt="" /></span> 
</p>
<p>
	<span style="font-size:10.5000pt;font-family:''宋体'';"><img src="./upload/editor/20120504022542_81820.png" alt="" /></span> 
</p>
<br />','1336098353');
INSERT INTO `shopnc_article` (`article_id`,`ac_id`,`article_url`,`article_show`,`article_sort`,`article_title`,`article_content`,`article_time`) VALUES('45','1',NULL,'1','255','促销功能满即送使用说明','<p>
	一、<span style="font-size:10.5000pt;font-family:''宋体'';">卖家进入用户中心&nbsp;<span>-&gt;&nbsp;</span><span>卖家&nbsp;</span><span>-&gt;&nbsp;</span><span>促销管理&nbsp;</span><span>-&gt;&nbsp;</span><span>商品促销&nbsp;</span><span>-&gt;&nbsp;</span><span>满即送，如果当前没有可用套餐，系统会提示卖家首先购买套餐。</span></span><span style="font-size:10.5pt;font-family:''宋体'';"></span>
</p>
<p>
	<img src="./upload/editor/20120504025039_83457.png" alt="" />
</p>
<p>
	二、<span style="font-size:10.5000pt;font-family:''宋体'';">卖家点击购买套餐按钮，进入套餐购买界面，填写要购买的数量，点击提交按钮完成套餐购买申请。</span><span style="font-size:10.5000pt;font-family:''宋体'';"></span>
</p>
<p>
	<img src="./upload/editor/20120504025105_16849.png" alt="" />
</p>
<p>
	三、<span style="font-size:10.5000pt;font-family:''宋体'';">套餐申请后，在平台没有审核通过前，系统会提示卖家已经购买套餐但是没有通过审核。</span><span style="font-size:10.5000pt;font-family:''宋体'';"></span>
</p>
<p>
	<img src="./upload/editor/20120504025127_50866.png" alt="" />
</p>
<p>
	四、<span style="font-size:10.5000pt;font-family:''宋体'';">套餐申请通过后，卖家可以发布满即送活动。点击添加活动按钮进入活动添加页面。点击套餐列表链接可以查看套餐记录。</span>
</p>
<p>
	<img src="./upload/editor/20120504025157_78499.png" alt="" />
</p>
<p>
	五、<span style="font-size:10.5000pt;font-family:''宋体'';">首先填写活动名称、开始时间和结束时间</span><span style="font-size:10.5000pt;font-family:''宋体'';"></span><br />
<span style="font-size:10.5000pt;font-family:''宋体'';"></span>
</p>
<p>
	<img src="./upload/editor/20120504025227_23504.png" alt="" />
</p>
<p>
	六、<span style="font-size:10.5000pt;font-family:''宋体'';">满即送活动最多可以设置三个级别，每个级别可以分别选择参加减现金、包邮和赠送礼品等形式。点击新增级别可以设置下一个级别。</span><span style="font-size:10.5000pt;font-family:''宋体'';"></span>
</p>
<p>
	<img src="./upload/editor/20120504025246_12664.png" alt="" />
</p>
<p>
	<img src="./upload/editor/20120504025255_72740.png" alt="" />
</p>
<p>
	<img src="./upload/editor/20120504025305_38366.png" alt="" />
</p>
<p>
	七、<span style="font-size:10.5000pt;font-family:''宋体'';">满即送规则设置完成后，填写备注信息，点击提交按钮完成满即送活动的发布。</span><span style="font-size:10.5000pt;font-family:''宋体'';"></span>
</p>
<p>
	<img src="./upload/editor/20120504025316_42126.png" alt="" />
</p>
<p>
	八、<span style="font-size:10.5000pt;font-family:''宋体'';">进入商品详细页面后参加满即送活动的店铺会出现满即送标识。购物车结算时如果符合满即送规则将按照满即送活动进行返利。</span><span style="font-size:10.5000pt;font-family:''宋体'';"></span>
</p>
<p>
	<img src="./upload/editor/20120504025440_23068.png" alt="" />
</p>
<p>
	<img src="./upload/editor/20120504025453_64906.png" alt="" />
</p>
<p>
	<img src="./upload/editor/20120504025501_90167.png" alt="" />
</p>
<br />','1336100107');
INSERT INTO `shopnc_article_class` (`ac_id`,`ac_code`,`ac_name`,`ac_parent_id`,`ac_sort`) VALUES('1','notice','商城公告','0','255');
INSERT INTO `shopnc_article_class` (`ac_id`,`ac_code`,`ac_name`,`ac_parent_id`,`ac_sort`) VALUES('2','member','帮助中心','0','255');
INSERT INTO `shopnc_article_class` (`ac_id`,`ac_code`,`ac_name`,`ac_parent_id`,`ac_sort`) VALUES('3','store','店主之家','0','255');
INSERT INTO `shopnc_article_class` (`ac_id`,`ac_code`,`ac_name`,`ac_parent_id`,`ac_sort`) VALUES('4','payment','支付方式','0','255');
INSERT INTO `shopnc_article_class` (`ac_id`,`ac_code`,`ac_name`,`ac_parent_id`,`ac_sort`) VALUES('5','sold','售后服务','0','255');
INSERT INTO `shopnc_article_class` (`ac_id`,`ac_code`,`ac_name`,`ac_parent_id`,`ac_sort`) VALUES('6','service','客服中心','0','255');
INSERT INTO `shopnc_article_class` (`ac_id`,`ac_code`,`ac_name`,`ac_parent_id`,`ac_sort`) VALUES('7','about','关于我们','0','255');

INSERT INTO `shopnc_attribute` (`attr_id`,`attr_name`,`type_id`,`attr_value`,`attr_show`,`attr_sort`) VALUES('1','款式','1','长袖,短袖,七分/五分袖,无袖,两件套,宽松','1','1');
INSERT INTO `shopnc_attribute` (`attr_id`,`attr_name`,`type_id`,`attr_value`,`attr_show`,`attr_sort`) VALUES('2','材质','1','纯棉,真丝,聚酯,棉+氨伦,氨伦（卡莱）,人造棉,其他','1','2');
INSERT INTO `shopnc_attribute` (`attr_id`,`attr_name`,`type_id`,`attr_value`,`attr_show`,`attr_sort`) VALUES('3','衣长','1','短款（衣长35-50CM）,中长款（衣长50-70CM）,长款（衣长70-100CM）','1','3');
INSERT INTO `shopnc_attribute` (`attr_id`,`attr_name`,`type_id`,`attr_value`,`attr_show`,`attr_sort`) VALUES('4','质地','3','PU,牛皮,帆布,羊皮,尼龙,牛津布','1','0');
INSERT INTO `shopnc_attribute` (`attr_id`,`attr_name`,`type_id`,`attr_value`,`attr_show`,`attr_sort`) VALUES('5','箱包外形','3','横款方形,竖款方形,水饺形,圆桶形,箱形,枕头形','1','1');
INSERT INTO `shopnc_attribute` (`attr_id`,`attr_name`,`type_id`,`attr_value`,`attr_show`,`attr_sort`) VALUES('6','类型','4','整套功夫茶具,茶杯,茶壶','1','0');
INSERT INTO `shopnc_attribute` (`attr_id`,`attr_name`,`type_id`,`attr_value`,`attr_show`,`attr_sort`) VALUES('7','材质','4','紫砂,瓷,陶 , 45%以上骨粉骨瓷 ,36%以上骨粉骨瓷','1','1');
INSERT INTO `shopnc_attribute` (`attr_id`,`attr_name`,`type_id`,`attr_value`,`attr_show`,`attr_sort`) VALUES('8','像素','5','1400万,1600万,1800万','1','1');
INSERT INTO `shopnc_attribute` (`attr_id`,`attr_name`,`type_id`,`attr_value`,`attr_show`,`attr_sort`) VALUES('9','售后服务','5','全国联保,店铺三包','1','2');
INSERT INTO `shopnc_attribute` (`attr_id`,`attr_name`,`type_id`,`attr_value`,`attr_show`,`attr_sort`) VALUES('10','价格区间','4','49.9元以下,50元-99.9元,100元-149元,150元-199元,200元-299元,300元-499元,500元以上','1','2');
INSERT INTO `shopnc_attribute` (`attr_id`,`attr_name`,`type_id`,`attr_value`,`attr_show`,`attr_sort`) VALUES('11','推荐使用人数','4','2人,3人,4人,5人,6人,7-9人','1','0');
INSERT INTO `shopnc_attribute_value` (`attr_value_id`,`attr_value_name`,`attr_id`,`attr_value_sort`) VALUES('1','长袖','1','0');
INSERT INTO `shopnc_attribute_value` (`attr_value_id`,`attr_value_name`,`attr_id`,`attr_value_sort`) VALUES('2','短袖','1','0');
INSERT INTO `shopnc_attribute_value` (`attr_value_id`,`attr_value_name`,`attr_id`,`attr_value_sort`) VALUES('3','七分/五分袖','1','0');
INSERT INTO `shopnc_attribute_value` (`attr_value_id`,`attr_value_name`,`attr_id`,`attr_value_sort`) VALUES('4','无袖','1','0');
INSERT INTO `shopnc_attribute_value` (`attr_value_id`,`attr_value_name`,`attr_id`,`attr_value_sort`) VALUES('5','两件套','1','0');
INSERT INTO `shopnc_attribute_value` (`attr_value_id`,`attr_value_name`,`attr_id`,`attr_value_sort`) VALUES('6','宽松','1','0');
INSERT INTO `shopnc_attribute_value` (`attr_value_id`,`attr_value_name`,`attr_id`,`attr_value_sort`) VALUES('7','纯棉','2','0');
INSERT INTO `shopnc_attribute_value` (`attr_value_id`,`attr_value_name`,`attr_id`,`attr_value_sort`) VALUES('8','真丝','2','0');
INSERT INTO `shopnc_attribute_value` (`attr_value_id`,`attr_value_name`,`attr_id`,`attr_value_sort`) VALUES('9','聚酯','2','0');
INSERT INTO `shopnc_attribute_value` (`attr_value_id`,`attr_value_name`,`attr_id`,`attr_value_sort`) VALUES('10','棉+氨伦','2','0');
INSERT INTO `shopnc_attribute_value` (`attr_value_id`,`attr_value_name`,`attr_id`,`attr_value_sort`) VALUES('11','氨伦（卡莱）','2','0');
INSERT INTO `shopnc_attribute_value` (`attr_value_id`,`attr_value_name`,`attr_id`,`attr_value_sort`) VALUES('12','人造棉','2','0');
INSERT INTO `shopnc_attribute_value` (`attr_value_id`,`attr_value_name`,`attr_id`,`attr_value_sort`) VALUES('13',' 其他','2','0');
INSERT INTO `shopnc_attribute_value` (`attr_value_id`,`attr_value_name`,`attr_id`,`attr_value_sort`) VALUES('14','短款（衣长35-50CM）','3','0');
INSERT INTO `shopnc_attribute_value` (`attr_value_id`,`attr_value_name`,`attr_id`,`attr_value_sort`) VALUES('15','中长款（衣长50-70CM）','3','0');
INSERT INTO `shopnc_attribute_value` (`attr_value_id`,`attr_value_name`,`attr_id`,`attr_value_sort`) VALUES('16','长款（衣长70-100CM）','3','0');
INSERT INTO `shopnc_attribute_value` (`attr_value_id`,`attr_value_name`,`attr_id`,`attr_value_sort`) VALUES('17','PU','4','0');
INSERT INTO `shopnc_attribute_value` (`attr_value_id`,`attr_value_name`,`attr_id`,`attr_value_sort`) VALUES('18','牛皮','4','0');
INSERT INTO `shopnc_attribute_value` (`attr_value_id`,`attr_value_name`,`attr_id`,`attr_value_sort`) VALUES('19','帆布','4','0');
INSERT INTO `shopnc_attribute_value` (`attr_value_id`,`attr_value_name`,`attr_id`,`attr_value_sort`) VALUES('20','羊皮','4','0');
INSERT INTO `shopnc_attribute_value` (`attr_value_id`,`attr_value_name`,`attr_id`,`attr_value_sort`) VALUES('21','尼龙','4','0');
INSERT INTO `shopnc_attribute_value` (`attr_value_id`,`attr_value_name`,`attr_id`,`attr_value_sort`) VALUES('22','牛津布','4','0');
INSERT INTO `shopnc_attribute_value` (`attr_value_id`,`attr_value_name`,`attr_id`,`attr_value_sort`) VALUES('23','横款方形','5','0');
INSERT INTO `shopnc_attribute_value` (`attr_value_id`,`attr_value_name`,`attr_id`,`attr_value_sort`) VALUES('24','竖款方形','5','0');
INSERT INTO `shopnc_attribute_value` (`attr_value_id`,`attr_value_name`,`attr_id`,`attr_value_sort`) VALUES('25','水饺形','5','0');
INSERT INTO `shopnc_attribute_value` (`attr_value_id`,`attr_value_name`,`attr_id`,`attr_value_sort`) VALUES('26','圆桶形','5','0');
INSERT INTO `shopnc_attribute_value` (`attr_value_id`,`attr_value_name`,`attr_id`,`attr_value_sort`) VALUES('27','箱形','5','0');
INSERT INTO `shopnc_attribute_value` (`attr_value_id`,`attr_value_name`,`attr_id`,`attr_value_sort`) VALUES('28','枕头形','5','0');
INSERT INTO `shopnc_attribute_value` (`attr_value_id`,`attr_value_name`,`attr_id`,`attr_value_sort`) VALUES('29','整套功夫茶具','6','0');
INSERT INTO `shopnc_attribute_value` (`attr_value_id`,`attr_value_name`,`attr_id`,`attr_value_sort`) VALUES('30','茶杯','6','0');
INSERT INTO `shopnc_attribute_value` (`attr_value_id`,`attr_value_name`,`attr_id`,`attr_value_sort`) VALUES('31','茶壶','6','0');
INSERT INTO `shopnc_attribute_value` (`attr_value_id`,`attr_value_name`,`attr_id`,`attr_value_sort`) VALUES('32','紫砂','7','0');
INSERT INTO `shopnc_attribute_value` (`attr_value_id`,`attr_value_name`,`attr_id`,`attr_value_sort`) VALUES('33','瓷','7','0');
INSERT INTO `shopnc_attribute_value` (`attr_value_id`,`attr_value_name`,`attr_id`,`attr_value_sort`) VALUES('34','陶 ','7','0');
INSERT INTO `shopnc_attribute_value` (`attr_value_id`,`attr_value_name`,`attr_id`,`attr_value_sort`) VALUES('35',' 45%以上骨粉骨瓷 ','7','0');
INSERT INTO `shopnc_attribute_value` (`attr_value_id`,`attr_value_name`,`attr_id`,`attr_value_sort`) VALUES('36','36%以上骨粉骨瓷','7','0');
INSERT INTO `shopnc_attribute_value` (`attr_value_id`,`attr_value_name`,`attr_id`,`attr_value_sort`) VALUES('37','1400万','8','0');
INSERT INTO `shopnc_attribute_value` (`attr_value_id`,`attr_value_name`,`attr_id`,`attr_value_sort`) VALUES('38','1600万','8','0');
INSERT INTO `shopnc_attribute_value` (`attr_value_id`,`attr_value_name`,`attr_id`,`attr_value_sort`) VALUES('39','1800万','8','0');
INSERT INTO `shopnc_attribute_value` (`attr_value_id`,`attr_value_name`,`attr_id`,`attr_value_sort`) VALUES('40','全国联保','9','0');
INSERT INTO `shopnc_attribute_value` (`attr_value_id`,`attr_value_name`,`attr_id`,`attr_value_sort`) VALUES('41','店铺三包','9','0');
INSERT INTO `shopnc_attribute_value` (`attr_value_id`,`attr_value_name`,`attr_id`,`attr_value_sort`) VALUES('42','49.9元以下','10','0');
INSERT INTO `shopnc_attribute_value` (`attr_value_id`,`attr_value_name`,`attr_id`,`attr_value_sort`) VALUES('43','50元-99.9元','10','0');
INSERT INTO `shopnc_attribute_value` (`attr_value_id`,`attr_value_name`,`attr_id`,`attr_value_sort`) VALUES('44','100元-149元','10','0');
INSERT INTO `shopnc_attribute_value` (`attr_value_id`,`attr_value_name`,`attr_id`,`attr_value_sort`) VALUES('45','150元-199元','10','0');
INSERT INTO `shopnc_attribute_value` (`attr_value_id`,`attr_value_name`,`attr_id`,`attr_value_sort`) VALUES('46','200元-299元','10','0');
INSERT INTO `shopnc_attribute_value` (`attr_value_id`,`attr_value_name`,`attr_id`,`attr_value_sort`) VALUES('47','300元-499元','10','0');
INSERT INTO `shopnc_attribute_value` (`attr_value_id`,`attr_value_name`,`attr_id`,`attr_value_sort`) VALUES('48','500元以上','10','0');
INSERT INTO `shopnc_attribute_value` (`attr_value_id`,`attr_value_name`,`attr_id`,`attr_value_sort`) VALUES('49','2人','11','0');
INSERT INTO `shopnc_attribute_value` (`attr_value_id`,`attr_value_name`,`attr_id`,`attr_value_sort`) VALUES('50','3人','11','0');
INSERT INTO `shopnc_attribute_value` (`attr_value_id`,`attr_value_name`,`attr_id`,`attr_value_sort`) VALUES('51','4人','11','0');
INSERT INTO `shopnc_attribute_value` (`attr_value_id`,`attr_value_name`,`attr_id`,`attr_value_sort`) VALUES('52','5人','11','0');
INSERT INTO `shopnc_attribute_value` (`attr_value_id`,`attr_value_name`,`attr_id`,`attr_value_sort`) VALUES('53','6人','11','0');
INSERT INTO `shopnc_attribute_value` (`attr_value_id`,`attr_value_name`,`attr_id`,`attr_value_sort`) VALUES('54','7-9人','11','0');
INSERT INTO `shopnc_brand` (`brand_id`,`brand_name`,`brand_class`,`brand_pic`,`brand_sort`,`brand_recommend`,`store_id`,`brand_apply`) VALUES('1','耐克/Nike','运动','1d2dfbead590510046a6522551db8139.gif','1','1','0','1');
INSERT INTO `shopnc_brand` (`brand_id`,`brand_name`,`brand_class`,`brand_pic`,`brand_sort`,`brand_recommend`,`store_id`,`brand_apply`) VALUES('2','阿迪达斯/adidas','运动','b175883eba95e793affb1b1ebbbf85a5.gif','2','1','0','1');
INSERT INTO `shopnc_brand` (`brand_id`,`brand_name`,`brand_class`,`brand_pic`,`brand_sort`,`brand_recommend`,`store_id`,`brand_apply`) VALUES('11','卡帕','运动','354b80528d2fbeefbab33c563532517e.gif',NULL,'1','0','1');
INSERT INTO `shopnc_brand` (`brand_id`,`brand_name`,`brand_class`,`brand_pic`,`brand_sort`,`brand_recommend`,`store_id`,`brand_apply`) VALUES('10','匡威','运动','a0ac8c6d2d3dc1470d5876923182a8e2.gif',NULL,'1','0','1');
INSERT INTO `shopnc_brand` (`brand_id`,`brand_name`,`brand_class`,`brand_pic`,`brand_sort`,`brand_recommend`,`store_id`,`brand_apply`) VALUES('9','安踏','运动','6e61a1c953e5bc8c5f1ffdac36862245.gif',NULL,'1','0','1');
INSERT INTO `shopnc_brand` (`brand_id`,`brand_name`,`brand_class`,`brand_pic`,`brand_sort`,`brand_recommend`,`store_id`,`brand_apply`) VALUES('8','李宁/LINING','运动','209abd835cd2ce2208f2dc42ba10efb4.gif','3','1','0','1');
INSERT INTO `shopnc_brand` (`brand_id`,`brand_name`,`brand_class`,`brand_pic`,`brand_sort`,`brand_recommend`,`store_id`,`brand_apply`) VALUES('12','新百伦/new balance','运动','9c5dee77a6ecdafd9e152fed8c6a4e90.gif',NULL,'1','0','1');
INSERT INTO `shopnc_brand` (`brand_id`,`brand_name`,`brand_class`,`brand_pic`,`brand_sort`,`brand_recommend`,`store_id`,`brand_apply`) VALUES('13','彪马/PUMA','运动','c820846e7f95b467a4c5f86140b26c28.gif',NULL,'1','0','1');
INSERT INTO `shopnc_brand` (`brand_id`,`brand_name`,`brand_class`,`brand_pic`,`brand_sort`,`brand_recommend`,`store_id`,`brand_apply`) VALUES('14','锐步','运动','912ee9c27439242a1410680b8e6593d0.gif',NULL,'1','0','1');
INSERT INTO `shopnc_brand` (`brand_id`,`brand_name`,`brand_class`,`brand_pic`,`brand_sort`,`brand_recommend`,`store_id`,`brand_apply`) VALUES('15','茵宝','运动','26247430b09daa1b441b46008bfb6e6e.gif',NULL,'1','0','1');
INSERT INTO `shopnc_cache_store` (`store_id`,`num_sales`,`num_selling`,`num_storage`,`num_wg`,`num_ordering`,`num_accused`,`num_sales_jq`,`num_collect`,`goods_str1`) VALUES('2','0','82','0','0','0','0','0','0','1,10,9,8,7,6,4,3');
INSERT INTO `shopnc_cache_store` (`store_id`,`num_sales`,`num_selling`,`num_storage`,`num_wg`,`num_ordering`,`num_accused`,`num_sales_jq`,`num_collect`,`goods_str1`) VALUES('3','0','0','0','0','0','0','0','0','');

INSERT INTO `shopnc_complain_subject` (`complain_subject_id`,`complain_subject_content`,`complain_subject_desc`,`complain_subject_type`,`complain_subject_state`) VALUES('7','未收到货','交易成功，未收到货，钱已经付给卖家，可进行维权。','1','1');
INSERT INTO `shopnc_complain_subject` (`complain_subject_id`,`complain_subject_content`,`complain_subject_desc`,`complain_subject_type`,`complain_subject_state`) VALUES('8','售后保障服务','交易完成后30天内，在使用商品过程中，发现商品有质量问题或无法正常使用，可进行维权。','1','1');
INSERT INTO `shopnc_complain_subject` (`complain_subject_id`,`complain_subject_content`,`complain_subject_desc`,`complain_subject_type`,`complain_subject_state`) VALUES('9','未收到货款','货物已经发出，未收到货款，商品已经寄给买家，可进行维权。','2','1');

INSERT INTO `shopnc_coupon` (`coupon_id`,`coupon_title`,`coupon_type`,`coupon_pic`,`coupon_desc`,`coupon_start_date`,`coupon_end_date`,`coupon_price`,`coupon_limit`,`store_id`,`coupon_state`,`coupon_storage`,`coupon_usage`,`coupon_lock`,`coupon_add_date`,`coupon_class_id`,`coupon_click`,`coupon_print_style`,`coupon_recommend`,`coupon_allowstate`,`coupon_allowremark`) VALUES('1','测试优惠券',NULL,'upload/store/goods/2/16b1d78cb31053de8a4c47d2b0390d63.jpg','','1333123200','1356883200','10.00','0.00','2','1','0','1','1','1333123200','1','11','','1','1',NULL);
INSERT INTO `shopnc_coupon` (`coupon_id`,`coupon_title`,`coupon_type`,`coupon_pic`,`coupon_desc`,`coupon_start_date`,`coupon_end_date`,`coupon_price`,`coupon_limit`,`store_id`,`coupon_state`,`coupon_storage`,`coupon_usage`,`coupon_lock`,`coupon_add_date`,`coupon_class_id`,`coupon_click`,`coupon_print_style`,`coupon_recommend`,`coupon_allowstate`,`coupon_allowremark`) VALUES('2','测试优惠券',NULL,'upload/store/goods/2/ec8fbf0921243cca1be11a227c9a768e.jpg','','1333123200','1356883200','11.00','0.00','2','1','0','0','1','1333123200','1','3','','1','1',NULL);

INSERT INTO `shopnc_coupon_class` (`class_id`,`class_parent_id`,`class_name`,`class_sort`,`class_show`) VALUES('1','0','测试分类','99','1');

INSERT INTO `shopnc_document` (`doc_id`,`doc_code`,`doc_title`,`doc_content`,`doc_time`) VALUES('1','agreement','用户服务协议','<p>特别提醒用户认真阅读本《用户服务协议》(下称《协议》) 中各条款。除非您接受本《协议》条款，否则您无权使用本网站提供的相关服务。您的使用行为将视为对本《协议》的接受，并同意接受本《协议》各项条款的约束。 <br /> <br /> <strong>一、定义</strong><br /></p>
<ol>
<li>"用户"指符合本协议所规定的条件，同意遵守本网站各种规则、条款（包括但不限于本协议），并使用本网站的个人或机构。</li>
<li>"卖家"是指在本网站上出售物品的用户。"买家"是指在本网站购买物品的用户。</li>
<li>"成交"指买家根据卖家所刊登的交易要求，在特定时间内提出最优的交易条件，因而取得依其提出的条件购买该交易物品的权利。</li>
</ol>
<p><br /> <br /> <strong>二、用户资格</strong><br /> <br /> 只有符合下列条件之一的人员或实体才能申请成为本网站用户，可以使用本网站的服务。</p>
<ol>
<li>年满十八岁，并具有民事权利能力和民事行为能力的自然人；</li>
<li>未满十八岁，但监护人（包括但不仅限于父母）予以书面同意的自然人；</li>
<li>根据中国法律或设立地法律、法规和/或规章成立并合法存在的公司、企事业单位、社团组织和其他组织。</li>
</ol>
<p><br /> 无民事行为能力人、限制民事行为能力人以及无经营或特定经营资格的组织不当注册为本网站用户或超过其民事权利或行为能力范围从事交易的，其与本网站之间的协议自始无效，本网站一经发现，有权立即注销该用户，并追究其使用本网站"服务"的一切法律责任。<br /> <br /> <strong>三.用户的权利和义务</strong><br /></p>
<ol>
<li>用户有权根据本协议的规定及本网站发布的相关规则，利用本网站网上交易平台登录物品、发布交易信息、查询物品信息、购买物品、与其他用户订立物品买卖合同、在本网站社区发帖、参加本网站的有关活动及有权享受本网站提供的其他的有关资讯及信息服务。</li>
<li>用户有权根据需要更改密码和交易密码。用户应对以该用户名进行的所有活动和事件负全部责任。</li>
<li>用户有义务确保向本网站提供的任何资料、注册信息真实准确，包括但不限于真实姓名、身份证号、联系电话、地址、邮政编码等。保证本网站及其他用户可以通过上述联系方式与自己进行联系。同时，用户也有义务在相关资料实际变更时及时更新有关注册资料。</li>
<li>用户不得以任何形式擅自转让或授权他人使用自己在本网站的用户帐号。</li>
<li>用户有义务确保在本网站网上交易平台上登录物品、发布的交易信息真实、准确，无误导性。</li>
<li>用户不得在本网站网上交易平台买卖国家禁止销售的或限制销售的物品、不得买卖侵犯他人知识产权或其他合法权益的物品，也不得买卖违背社会公共利益或公共道德的物品。</li>
<li>用户不得在本网站发布各类违法或违规信息。包括但不限于物品信息、交易信息、社区帖子、物品留言，店铺留言，评价内容等。</li>
<li>用户在本网站交易中应当遵守诚实信用原则，不得以干预或操纵物品价格等不正当竞争方式扰乱网上交易秩序，不得从事与网上交易无关的不当行为，不得在交易平台上发布任何违法信息。</li>
<li>用户不应采取不正当手段（包括但不限于虚假交易、互换好评等方式）提高自身或他人信用度，或采用不正当手段恶意评价其他用户，降低其他用户信用度。</li>
<li>用户承诺自己在使用本网站网上交易平台实施的所有行为遵守国家法律、法规和本网站的相关规定以及各种社会公共利益或公共道德。对于任何法律后果的发生，用户将以自己的名义独立承担所有相应的法律责任。</li>
<li>用户在本网站网上交易过程中如与其他用户因交易产生纠纷，可以请求本网站从中予以协调。用户如发现其他用户有违法或违反本协议的行为，可以向本网站举报。如用户因网上交易与其他用户产生诉讼的，用户有权通过司法部门要求本网站提供相关资料。</li>
<li>用户应自行承担因交易产生的相关费用，并依法纳税。</li>
<li>未经本网站书面允许，用户不得将本网站资料以及在交易平台上所展示的任何信息以复制、修改、翻译等形式制作衍生作品、分发或公开展示。</li>
<li>用户同意接收来自本网站的信息，包括但不限于活动信息、交易信息、促销信息等。</li>
</ol>
<p><br /> <br /> <strong>四、 本网站的权利和义务</strong><br /></p>
<ol>
<li>本网站不是传统意义上的"拍卖商"，仅为用户提供一个信息交流、进行物品买卖的平台，充当买卖双方之间的交流媒介，而非买主或卖主的代理商、合伙  人、雇员或雇主等经营关系人。公布在本网站上的交易物品是用户自行上传进行交易的物品，并非本网站所有。对于用户刊登物品、提供的信息或参与竞标的过程，  本网站均不加以监视或控制，亦不介入物品的交易过程，包括运送、付款、退款、瑕疵担保及其它交易事项，且不承担因交易物品存在品质、权利上的瑕疵以及交易  方履行交易协议的能力而产生的任何责任，对于出现在拍卖上的物品品质、安全性或合法性，本网站均不予保证。</li>
<li>本网站有义务在现有技术水平的基础上努力确保整个网上交易平台的正常运行，尽力避免服务中断或将中断时间限制在最短时间内，保证用户网上交易活动的顺利进行。</li>
<li>本网站有义务对用户在注册使用本网站网上交易平台中所遇到的问题及反映的情况及时作出回复。 </li>
<li>本网站有权对用户的注册资料进行查阅，对存在任何问题或怀疑的注册资料，本网站有权发出通知询问用户并要求用户做出解释、改正，或直接做出处罚、删除等处理。</li>
<li>用  户因在本网站网上交易与其他用户产生纠纷的，用户通过司法部门或行政部门依照法定程序要求本网站提供相关资料，本网站将积极配合并提供有关资料；用户将纠  纷告知本网站，或本网站知悉纠纷情况的，经审核后，本网站有权通过电子邮件及电话联系向纠纷双方了解纠纷情况，并将所了解的情况通过电子邮件互相通知对  方。 </li>
<li>因网上交易平台的特殊性，本网站没有义务对所有用户的注册资料、所有的交易行为以及与交易有关的其他事项进行事先审查，但如发生以下情形，本网站有权限制用户的活动、向用户核实有关资料、发出警告通知、暂时中止、无限期地中止及拒绝向该用户提供服务：         
<ul>
<li>用户违反本协议或因被提及而纳入本协议的文件；</li>
<li>存在用户或其他第三方通知本网站，认为某个用户或具体交易事项存在违法或不当行为，并提供相关证据，而本网站无法联系到该用户核证或验证该用户向本网站提供的任何资料；</li>
<li>存在用户或其他第三方通知本网站，认为某个用户或具体交易事项存在违法或不当行为，并提供相关证据。本网站以普通非专业交易者的知识水平标准对相关内容进行判别，可以明显认为这些内容或行为可能对本网站用户或本网站造成财务损失或法律责任。 </li>
</ul>
</li>
<li>在反网络欺诈行动中，本着保护广大用户利益的原则，当用户举报自己交易可能存在欺诈而产生交易争议时，本网站有权通过表面判断暂时冻结相关用户账号，并有权核对当事人身份资料及要求提供交易相关证明材料。</li>
<li>根据国家法律法规、本协议的内容和本网站所掌握的事实依据，可以认定用户存在违法或违反本协议行为以及在本网站交易平台上的其他不当行为，本网站有权在本网站交易平台及所在网站上以网络发布形式公布用户的违法行为，并有权随时作出删除相关信息，而无须征得用户的同意。</li>
<li>本  网站有权在不通知用户的前提下删除或采取其他限制性措施处理下列信息：包括但不限于以规避费用为目的；以炒作信用为目的；存在欺诈等恶意或虚假内容；与网  上交易无关或不是以交易为目的；存在恶意竞价或其他试图扰乱正常交易秩序因素；该信息违反公共利益或可能严重损害本网站和其他用户合法利益的。</li>
<li>用  户授予本网站独家的、全球通用的、永久的、免费的信息许可使用权利，本网站有权对该权利进行再授权，依此授权本网站有权(全部或部份地)  使用、复制、修订、改写、发布、翻译、分发、执行和展示用户公示于网站的各类信息或制作其派生作品，以现在已知或日后开发的任何形式、媒体或技术，将上述  信息纳入其他作品内。</li>
</ol>
<p><br /> <br /> <strong>五、服务的中断和终止</strong><br /></p>
<ol>
<li>在  本网站未向用户收取相关服务费用的情况下，本网站可自行全权决定以任何理由  (包括但不限于本网站认为用户已违反本协议的字面意义和精神，或用户在超过180天内未登录本网站等)  终止对用户的服务，并不再保存用户在本网站的全部资料（包括但不限于用户信息、商品信息、交易信息等）。同时本网站可自行全权决定，在发出通知或不发出通  知的情况下，随时停止提供全部或部分服务。服务终止后，本网站没有义务为用户保留原用户资料或与之相关的任何信息，或转发任何未曾阅读或发送的信息给用户  或第三方。此外，本网站不就终止对用户的服务而对用户或任何第三方承担任何责任。 </li>
<li>如用户向本网站提出注销本网站注册用户身份，需经本网站审核同意，由本网站注销该注册用户，用户即解除与本网站的协议关系，但本网站仍保留下列权利：         
<ul>
<li>用户注销后，本网站有权保留该用户的资料,包括但不限于以前的用户资料、店铺资料、商品资料和交易记录等。 </li>
<li>用户注销后，如用户在注销前在本网站交易平台上存在违法行为或违反本协议的行为，本网站仍可行使本协议所规定的权利。 </li>
</ul>
</li>
<li>如存在下列情况，本网站可以通过注销用户的方式终止服务：         
<ul>
<li>在用户违反本协议相关规定时，本网站有权终止向该用户提供服务。本网站将在中断服务时通知用户。但如该用户在被本网站终止提供服务后，再一次直接或间接或以他人名义注册为本网站用户的，本网站有权再次单方面终止为该用户提供服务；</li>
<li>一旦本网站发现用户注册资料中主要内容是虚假的，本网站有权随时终止为该用户提供服务； </li>
<li>本协议终止或更新时，用户未确认新的协议的。 </li>
<li>其它本网站认为需终止服务的情况。 </li>
</ul>
</li>
<li>因用户违反相关法律法规或者违反本协议规定等原因而致使本网站中断、终止对用户服务的，对于服务中断、终止之前用户交易行为依下列原则处理：         
<ul>
<li>本网站有权决定是否在中断、终止对用户服务前将用户被中断或终止服务的情况和原因通知用户交易关系方，包括但不限于对该交易有意向但尚未达成交易的用户,参与该交易竞价的用户，已达成交易要约用户。</li>
<li>服务中断、终止之前，用户已经上传至本网站的物品尚未交易或交易尚未完成的，本网站有权在中断、终止服务的同时删除此项物品的相关信息。 </li>
<li>服务中断、终止之前，用户已经就其他用户出售的具体物品作出要约，但交易尚未结束，本网站有权在中断或终止服务的同时删除该用户的相关要约和信息。</li>
</ul>
</li>
<li>本网站若因用户的行为（包括但不限于刊登的商品、在本网站社区发帖等）侵害了第三方的权利或违反了相关规定，而受到第三方的追偿或受到主管机关的处分时，用户应赔偿本网站因此所产生的一切损失及费用。</li>
<li>对违反相关法律法规或者违反本协议规定，且情节严重的用户，本网站有权终止该用户的其它服务。</li>
</ol>
<p><br /> <br /> <strong>六、协议的修订</strong><br /> <br /> 本协议可由本网站随时修订，并将修订后的协议公告于本网站之上，修订后的条款内容自公告时起生效，并成为本协议的一部分。用户若在本协议修改之后，仍继续使用本网站，则视为用户接受和自愿遵守修订后的协议。本网站行使修改或中断服务时，不需对任何第三方负责。<br /> <br /> <strong>七、 本网站的责任范围 </strong><br /> <br /> 当用户接受该协议时，用户应明确了解并同意∶</p>
<ol>
<li>是否经由本网站下载或取得任何资料，由用户自行考虑、衡量并且自负风险，因下载任何资料而导致用户电脑系统的任何损坏或资料流失，用户应负完全责任。</li>
<li>用户经由本网站取得的建议和资讯，无论其形式或表现，绝不构成本协议未明示规定的任何保证。</li>
<li>基于以下原因而造成的利润、商誉、使用、资料损失或其它无形损失，本网站不承担任何直接、间接、附带、特别、衍生性或惩罚性赔偿（即使本网站已被告知前款赔偿的可能性）：         
<ul>
<li>本网站的使用或无法使用。</li>
<li>经由或通过本网站购买或取得的任何物品，或接收之信息，或进行交易所随之产生的替代物品及服务的购买成本。</li>
<li>用户的传输或资料遭到未获授权的存取或变更。</li>
<li>本网站中任何第三方之声明或行为。</li>
<li>本网站其它相关事宜。</li>
</ul>
</li>
<li>本网站只是为用户提供一个交易的平台，对于用户所刊登的交易物品的合法性、真实性及其品质，以及用户履行交易的能力等，本网站一律不负任何担保责任。用户如果因使用本网站，或因购买刊登于本网站的任何物品，而受有损害时，本网站不负任何补偿或赔偿责任。</li>
<li>本  网站提供与其它互联网上的网站或资源的链接，用户可能会因此连结至其它运营商经营的网站，但不表示本网站与这些运营商有任何关系。其它运营商经营的网站均  由各经营者自行负责，不属于本网站控制及负责范围之内。对于存在或来源于此类网站或资源的任何内容、广告、产品或其它资料，本网站亦不予保证或负责。因使  用或依赖任何此类网站或资源发布的或经由此类网站或资源获得的任何内容、物品或服务所产生的任何损害或损失，本网站不负任何直接或间接的责任。</li>
</ol>
<p><br /> <br /> <strong>八.、不可抗力</strong><br /> <br /> 因不可抗力或者其他意外事件，使得本协议的履行不可能、不必要或者无意义的，双方均不承担责任。本合同所称之不可抗力意指不能预见、不能避免并不能克服的  客观情况，包括但不限于战争、台风、水灾、火灾、雷击或地震、罢工、暴动、法定疾病、黑客攻击、网络病毒、电信部门技术管制、政府行为或任何其它自然或人  为造成的灾难等客观情况。<br /> <br /> <strong>九、争议解决方式</strong><br /></p>
<ol>
<li>本协议及其修订本的有效性、履行和与本协议及其修订本效力有关的所有事宜，将受中华人民共和国法律管辖，任何争议仅适用中华人民共和国法律。</li>
<li>因  使用本网站服务所引起与本网站的任何争议，均应提交深圳仲裁委员会按照该会届时有效的仲裁规则进行仲裁。相关争议应单独仲裁，不得与任何其它方的争议在任  何仲裁中合并处理，该仲裁裁决是终局，对各方均有约束力。如果所涉及的争议不适于仲裁解决，用户同意一切争议由人民法院管辖。</li>
</ol>','1293773586');
INSERT INTO `shopnc_document` (`doc_id`,`doc_code`,`doc_title`,`doc_content`,`doc_time`) VALUES('2','real_name','什么是实名认证','<p><strong>什么是实名认证？</strong></p>
<p>&ldquo;认证店铺&rdquo;服务是一项对店主身份真实性识别服务。店主可以通过站内PM、电话或管理员EMail的方式 联系并申请该项认证。经过管理员审核确认了店主的真实身份，就可以开通该项认证。</p>
<p>通过该认证，可以说明店主身份的真实有效性，为买家在网络交易的过程中提供一定的信心和保证。</p>
<p><strong>认证申请的方式：</strong></p>
<p>Email：XXXX@XX.com</p>
<p>管理员：XXXXXX</p>','1293773817');
INSERT INTO `shopnc_document` (`doc_id`,`doc_code`,`doc_title`,`doc_content`,`doc_time`) VALUES('3','real_store','什么是实体店铺认证','<p><strong>什么是实体店铺认证？</strong></p>
<p>&ldquo;认证店铺&rdquo;服务是一项对店主身份真实性识别服务。店主可以通过站内PM、电话或管理员EMail的方式 联系并申请该项认证。经过管理员审核确认了店主的真实身份，就可以开通该项认证。</p>
<p>通过该认证，可以说明店主身份的真实有效性，为买家在网络交易的过程中提供一定的信心和保证。</p>
<p><strong>认证申请的方式：</strong></p>
<p>Email：XXXX@XX.com</p>
<p>管理员：XXXXXX</p>','1293773875');
INSERT INTO `shopnc_document` (`doc_id`,`doc_code`,`doc_title`,`doc_content`,`doc_time`) VALUES('4','open_store','开店协议','<p>使用本公司服务所须遵守的条款和条件。<br /><br />1.用户资格<br />本公司的服务仅向适用法律下能够签订具有法律约束力的合同的个人提供并仅由其使用。在不限制前述规定的前提下，本公司的服务不向18周岁以下或被临时或无限期中止的用户提供。如您不合资格，请勿使用本公司的服务。此外，您的帐户（包括信用评价）和用户名不得向其他方转让或出售。另外，本公司保留根据其意愿中止或终止您的帐户的权利。<br /><br />2.您的资料（包括但不限于所添加的任何商品）不得：<br />*具有欺诈性、虚假、不准确或具误导性；<br />*侵犯任何第三方著作权、专利权、商标权、商业秘密或其他专有权利或发表权或隐私权；<br />*违反任何适用的法律或法规（包括但不限于有关出口管制、消费者保护、不正当竞争、刑法、反歧视或贸易惯例/公平贸易法律的法律或法规）；<br />*有侮辱或者诽谤他人，侵害他人合法权益的内容；<br />*有淫秽、色情、赌博、暴力、凶杀、恐怖或者教唆犯罪的内容；<br />*包含可能破坏、改变、删除、不利影响、秘密截取、未经授权而接触或征用任何系统、数据或个人资料的任何病毒、特洛依木马、蠕虫、定时炸弹、删除蝇、复活节彩蛋、间谍软件或其他电脑程序；<br /><br />3.违约<br />如发生以下情形，本公司可能限制您的活动、立即删除您的商品、向本公司社区发出有关您的行为的警告、发出警告通知、暂时中止、无限期地中止或终止您的用户资格及拒绝向您提供服务：<br />(a)您违反本协议或纳入本协议的文件；<br />(b)本公司无法核证或验证您向本公司提供的任何资料；<br />(c)本公司相信您的行为可能对您、本公司用户或本公司造成损失或法律责任。<br /><br />4.责任限制<br />本公司、本公司的关联公司和相关实体或本公司的供应商在任何情况下均不就因本公司的网站、本公司的服务或本协议而产生或与之有关的利润损失或任何特别、间接或后果性的损害（无论以何种方式产生，包括疏忽）承担任何责任。您同意您就您自身行为之合法性单独承担责任。您同意，本公司和本公司的所有关联公司和相关实体对本公司用户的行为的合法性及产生的任何结果不承担责任。<br /><br />5.无代理关系<br />用户和本公司是独立的合同方，本协议无意建立也没有创立任何代理、合伙、合营、雇员与雇主或特许经营关系。本公司也不对任何用户及其网上交易行为做出明示或默许的推荐、承诺或担保。<br /><br />6.一般规定<br />本协议在所有方面均受中华人民共和国法律管辖。本协议的规定是可分割的，如本协议任何规定被裁定为无效或不可执行，该规定可被删除而其余条款应予以执行。</p>','1293773901');
INSERT INTO `shopnc_document` (`doc_id`,`doc_code`,`doc_title`,`doc_content`,`doc_time`) VALUES('5','groupbuy','团购活动协议','<p>
	一、团购的所有权和运作权归本公司。
</p>
<p>
	二、本公司有权在必要时修改本协议，本协议一旦发生变更，将会在相关页面上公布。如果您不同意所改动的内容，您应主动停止使用团购服务。如果您继续使用服务，则视为接受本协议的变更。
</p>
<p>
	三、如发生下列任何一种情形，本公司有权中断或终止向您提供的服务而无需通知您：
</p>
1、 您提供的个人资料不真实；<br />
2、您违反本协议的规定；<br />
3、 按照政府主管部门的监管要求；<br />
4、本公司认为您的行为违反团购服务性质或需求的特殊情形。
<p>
	四、尽管本协议可能另有其他规定，本公司仍然可以随时终止本协议。
</p>
<p>
	五、本公司终止本协议的权利不会妨害本公司可能拥有的在本协议终止前因您违反本协议或本公司本应享有的任何其他权利。
</p>
<p>
	六、您理解并完全接受，本公司有权自行对团购资源作下线处理。
</p>','1328580944');

INSERT INTO `shopnc_express` (`id`,`e_name`,`e_state`,`e_code`,`e_letter`,`e_order`,`e_url`) VALUES('1','安信达','0','anxindakuaixi','A','2','http://www.anxinda.com');
INSERT INTO `shopnc_express` (`id`,`e_name`,`e_state`,`e_code`,`e_letter`,`e_order`,`e_url`) VALUES('2','包裹平邮','1','youzhengguonei','B','2','http://yjcx.chinapost.com.cn');
INSERT INTO `shopnc_express` (`id`,`e_name`,`e_state`,`e_code`,`e_letter`,`e_order`,`e_url`) VALUES('3','CCES','1','cces','C','2','http://www.cces.com.cn');
INSERT INTO `shopnc_express` (`id`,`e_name`,`e_state`,`e_code`,`e_letter`,`e_order`,`e_url`) VALUES('4','传喜物流','1','chuanxiwuliu','C','2','http://www.cxcod.com');
INSERT INTO `shopnc_express` (`id`,`e_name`,`e_state`,`e_code`,`e_letter`,`e_order`,`e_url`) VALUES('5','DHL快递','1','dhl','D','2','http://www.cn.dhl.com');
INSERT INTO `shopnc_express` (`id`,`e_name`,`e_state`,`e_code`,`e_letter`,`e_order`,`e_url`) VALUES('6','大田物流','1','datianwuliu','D','2','http://www.dtw.com.cn');
INSERT INTO `shopnc_express` (`id`,`e_name`,`e_state`,`e_code`,`e_letter`,`e_order`,`e_url`) VALUES('7','德邦物流','1','debangwuliu','D','2','http://www.deppon.com');
INSERT INTO `shopnc_express` (`id`,`e_name`,`e_state`,`e_code`,`e_letter`,`e_order`,`e_url`) VALUES('8','EMS','1','ems','E','2','http://www.ems.com.cn');
INSERT INTO `shopnc_express` (`id`,`e_name`,`e_state`,`e_code`,`e_letter`,`e_order`,`e_url`) VALUES('9','EMS国际','1','emsguoji','E','2','###');
INSERT INTO `shopnc_express` (`id`,`e_name`,`e_state`,`e_code`,`e_letter`,`e_order`,`e_url`) VALUES('10','飞康达','1','feikangda','F','2','http://www.fkd.com.cn');
INSERT INTO `shopnc_express` (`id`,`e_name`,`e_state`,`e_code`,`e_letter`,`e_order`,`e_url`) VALUES('11','FedEx(国际)','1','fedex','F','2','http://fedex.com/cn');
INSERT INTO `shopnc_express` (`id`,`e_name`,`e_state`,`e_code`,`e_letter`,`e_order`,`e_url`) VALUES('12','凡客如风达','1','rufengda','F','2','http://www.rufengda.com');
INSERT INTO `shopnc_express` (`id`,`e_name`,`e_state`,`e_code`,`e_letter`,`e_order`,`e_url`) VALUES('13','港中能达','1','ganzhongnengda','G','2','http://www.nd56.com');
INSERT INTO `shopnc_express` (`id`,`e_name`,`e_state`,`e_code`,`e_letter`,`e_order`,`e_url`) VALUES('14','挂号信','1','youzhengguonei','G','2','http://yjcx.chinapost.com.cn');
INSERT INTO `shopnc_express` (`id`,`e_name`,`e_state`,`e_code`,`e_letter`,`e_order`,`e_url`) VALUES('15','共速达','1','gongsuda','G','2','http://www.gongsuda.com/mall/Search.aspx');
INSERT INTO `shopnc_express` (`id`,`e_name`,`e_state`,`e_code`,`e_letter`,`e_order`,`e_url`) VALUES('16','汇通快递','1','huitongkuaidi','H','2','http://www.htky365.com');
INSERT INTO `shopnc_express` (`id`,`e_name`,`e_state`,`e_code`,`e_letter`,`e_order`,`e_url`) VALUES('17','华宇物流','1','tiandihuayu','H','2','http://www.hoau.net');
INSERT INTO `shopnc_express` (`id`,`e_name`,`e_state`,`e_code`,`e_letter`,`e_order`,`e_url`) VALUES('18','佳吉快运','1','jiajiwuliu','J','2','http://www.jiaji.com');
INSERT INTO `shopnc_express` (`id`,`e_name`,`e_state`,`e_code`,`e_letter`,`e_order`,`e_url`) VALUES('19','佳怡物流','1','jiayiwuliu','J','2','http://www.jiayi56.com');
INSERT INTO `shopnc_express` (`id`,`e_name`,`e_state`,`e_code`,`e_letter`,`e_order`,`e_url`) VALUES('20','急先达','1','jixianda','J','2','http://www.joust.cn');
INSERT INTO `shopnc_express` (`id`,`e_name`,`e_state`,`e_code`,`e_letter`,`e_order`,`e_url`) VALUES('21','快捷速递','1','kuaijiesudi','K','2','http://www.fastexpress.com.cn');
INSERT INTO `shopnc_express` (`id`,`e_name`,`e_state`,`e_code`,`e_letter`,`e_order`,`e_url`) VALUES('22','龙邦快递','1','longbanwuliu','L','2','http://www.lbex.com.cn');
INSERT INTO `shopnc_express` (`id`,`e_name`,`e_state`,`e_code`,`e_letter`,`e_order`,`e_url`) VALUES('23','联邦快递','1','lianbangkuaidi','L','2','http://cndxp.apac.fedex.com/dxp.html');
INSERT INTO `shopnc_express` (`id`,`e_name`,`e_state`,`e_code`,`e_letter`,`e_order`,`e_url`) VALUES('24','联昊通','1','lianhaowuliu','L','2','http://www.lhtex.com.cn');
INSERT INTO `shopnc_express` (`id`,`e_name`,`e_state`,`e_code`,`e_letter`,`e_order`,`e_url`) VALUES('25','全一快递','1','quanyikuaidi','Q','2','http://www.apex100.com');
INSERT INTO `shopnc_express` (`id`,`e_name`,`e_state`,`e_code`,`e_letter`,`e_order`,`e_url`) VALUES('26','全峰快递','1','quanfengkuaidi','Q','2','http://www.qfkd.com.cn');
INSERT INTO `shopnc_express` (`id`,`e_name`,`e_state`,`e_code`,`e_letter`,`e_order`,`e_url`) VALUES('27','全日通','1','quanritongkuaidi','Q','2','http://www.at-express.com');
INSERT INTO `shopnc_express` (`id`,`e_name`,`e_state`,`e_code`,`e_letter`,`e_order`,`e_url`) VALUES('28','申通快递','1','shentong','S','2','http://www.sto.cn');
INSERT INTO `shopnc_express` (`id`,`e_name`,`e_state`,`e_code`,`e_letter`,`e_order`,`e_url`) VALUES('29','顺丰快递','1','shunfeng','S','1','http://www.sf-express.com');
INSERT INTO `shopnc_express` (`id`,`e_name`,`e_state`,`e_code`,`e_letter`,`e_order`,`e_url`) VALUES('30','速尔快递','1','suer','S','2','http://www.sure56.com');
INSERT INTO `shopnc_express` (`id`,`e_name`,`e_state`,`e_code`,`e_letter`,`e_order`,`e_url`) VALUES('31','TNT快递','1','tnt','T','2','http://www.tnt.com.cn');
INSERT INTO `shopnc_express` (`id`,`e_name`,`e_state`,`e_code`,`e_letter`,`e_order`,`e_url`) VALUES('32','天天快递','1','tiantian','T','2','http://www.ttkdex.com');
INSERT INTO `shopnc_express` (`id`,`e_name`,`e_state`,`e_code`,`e_letter`,`e_order`,`e_url`) VALUES('33','天地华宇','1','tiandihuayu','T','2','http://www.hoau.net');
INSERT INTO `shopnc_express` (`id`,`e_name`,`e_state`,`e_code`,`e_letter`,`e_order`,`e_url`) VALUES('34','UPS快递','1','ups','U','2','http://www.ups.com/cn');
INSERT INTO `shopnc_express` (`id`,`e_name`,`e_state`,`e_code`,`e_letter`,`e_order`,`e_url`) VALUES('35','USPS','1','usps','U','2','http://www.kuaidi100.com/all/usps.shtml');
INSERT INTO `shopnc_express` (`id`,`e_name`,`e_state`,`e_code`,`e_letter`,`e_order`,`e_url`) VALUES('36','新邦物流','1','xinbangwuliu','X','2','http://www.xbwl.cn');
INSERT INTO `shopnc_express` (`id`,`e_name`,`e_state`,`e_code`,`e_letter`,`e_order`,`e_url`) VALUES('37','信丰物流','1','xinfengwuliu','X','2','http://www.xf-express.com.cn');
INSERT INTO `shopnc_express` (`id`,`e_name`,`e_state`,`e_code`,`e_letter`,`e_order`,`e_url`) VALUES('38','希伊艾斯','1','cces','X','2','http://www.cces.com.cn');
INSERT INTO `shopnc_express` (`id`,`e_name`,`e_state`,`e_code`,`e_letter`,`e_order`,`e_url`) VALUES('39','新蛋物流','1','neweggozzo','X','2','http://www.ozzo.com.cn');
INSERT INTO `shopnc_express` (`id`,`e_name`,`e_state`,`e_code`,`e_letter`,`e_order`,`e_url`) VALUES('40','圆通快递','1','yuantong','Y','1','http://www.yto.net.cn');
INSERT INTO `shopnc_express` (`id`,`e_name`,`e_state`,`e_code`,`e_letter`,`e_order`,`e_url`) VALUES('41','韵达快递','1','yunda','Y','1','http://www.yundaex.com');
INSERT INTO `shopnc_express` (`id`,`e_name`,`e_state`,`e_code`,`e_letter`,`e_order`,`e_url`) VALUES('42','邮政包裹','1','youzhengguonei','Y','2','http://yjcx.chinapost.com.cn');
INSERT INTO `shopnc_express` (`id`,`e_name`,`e_state`,`e_code`,`e_letter`,`e_order`,`e_url`) VALUES('43','优速快递','1','youshuwuliu','Y','2','http://www.uc56.com');
INSERT INTO `shopnc_express` (`id`,`e_name`,`e_state`,`e_code`,`e_letter`,`e_order`,`e_url`) VALUES('44','中通快递','1','zhongtong','Z','1','http://www.zto.cn');
INSERT INTO `shopnc_express` (`id`,`e_name`,`e_state`,`e_code`,`e_letter`,`e_order`,`e_url`) VALUES('45','中铁快运','1','zhongtiewuliu','Z','2','http://www.cre.cn');
INSERT INTO `shopnc_express` (`id`,`e_name`,`e_state`,`e_code`,`e_letter`,`e_order`,`e_url`) VALUES('46','宅急送','1','zhaijisong','Z','2','http://www.zjs.com.cn');
INSERT INTO `shopnc_express` (`id`,`e_name`,`e_state`,`e_code`,`e_letter`,`e_order`,`e_url`) VALUES('47','中邮物流','1','zhongyouwuliu','Z','2','http://www.cnpl.com.cn');
INSERT INTO `shopnc_flowstat_1` (`date`,`clicknum`,`store_id`,`type`,`goods_id`) VALUES('20130227','2','2','sum','0');
INSERT INTO `shopnc_flowstat_1` (`date`,`clicknum`,`store_id`,`type`,`goods_id`) VALUES('20130227','1','2','goods','77');
INSERT INTO `shopnc_flowstat_1` (`date`,`clicknum`,`store_id`,`type`,`goods_id`) VALUES('20130227','1','2','goods','67');

INSERT INTO `shopnc_gold_buy` (`gbuy_id`,`gbuy_mid`,`gbuy_membername`,`gbuy_storeid`,`gbuy_storename`,`gbuy_num`,`gbuy_price`,`gbuy_addtime`,`gbuy_ispay`,`gbuy_adminid`,`gbuy_sys_remark`,`gbuy_user_remark`,`gbuy_check_type`) VALUES('1','6','liujindi','3','轻轻店铺','1000000','100000.00','1361942394','1',NULL,NULL,NULL,'predeposit');

INSERT INTO `shopnc_gold_log` (`glog_id`,`glog_memberid`,`glog_membername`,`glog_storeid`,`glog_storename`,`glog_adminid`,`glog_adminname`,`glog_goldnum`,`glog_method`,`glog_addtime`,`glog_desc`,`glog_stage`) VALUES('1','6','liujindi','3','轻轻店铺','0','system','1000000','1','1361942412','金币购买的确认支付添加金币','system');
INSERT INTO `shopnc_gold_log` (`glog_id`,`glog_memberid`,`glog_membername`,`glog_storeid`,`glog_storename`,`glog_adminid`,`glog_adminname`,`glog_goldnum`,`glog_method`,`glog_addtime`,`glog_desc`,`glog_stage`) VALUES('2','6','liujindi','3','轻轻店铺','0','','100','2','1361942447','购买站内广告','adv_buy');

INSERT INTO `shopnc_gold_payment` (`payment_id`,`payment_code`,`payment_name`,`payment_info`,`payment_config`,`payment_online`,`payment_state`,`payment_sort`) VALUES('1','offline','线下支付','线下支付描述','a:1:{s:0:"";s:0:"";}',NULL,'1','3');
INSERT INTO `shopnc_gold_payment` (`payment_id`,`payment_code`,`payment_name`,`payment_info`,`payment_config`,`payment_online`,`payment_state`,`payment_sort`) VALUES('2','alipay','支付宝',NULL,'a:1:{s:0:"";s:0:"";}','1','1','3');
INSERT INTO `shopnc_gold_payment` (`payment_id`,`payment_code`,`payment_name`,`payment_info`,`payment_config`,`payment_online`,`payment_state`,`payment_sort`) VALUES('3','tenpay','财付通',NULL,'a:2:{s:14:"tenpay_account";s:10:"1215486001";s:10:"tenpay_key";s:32:"admin15805993170admin15805993170";}','1','1','3');
INSERT INTO `shopnc_gold_payment` (`payment_id`,`payment_code`,`payment_name`,`payment_info`,`payment_config`,`payment_online`,`payment_state`,`payment_sort`) VALUES('4','chinabank','网银在线',NULL,'a:2:{s:17:"chinabank_account";s:4:"1001";s:13:"chinabank_key";s:4:"test";}','1','1','3');
INSERT INTO `shopnc_gold_payment` (`payment_id`,`payment_code`,`payment_name`,`payment_info`,`payment_config`,`payment_online`,`payment_state`,`payment_sort`) VALUES('5','predeposit','预存款',NULL,NULL,'1','1','3');

INSERT INTO `shopnc_goods` (`goods_id`,`goods_name`,`gc_id`,`gc_name`,`brand_id`,`type_id`,`store_id`,`spec_open`,`spec_id`,`spec_name`,`goods_image`,`goods_image_more`,`goods_store_price`,`goods_store_price_interval`,`goods_serial`,`goods_show`,`goods_click`,`goods_state`,`goods_commend`,`goods_add_time`,`goods_keywords`,`goods_description`,`goods_body`,`goods_attr`,`goods_spec`,`goods_col_img`,`goods_indate`,`goods_starttime`,`goods_endtime`,`goods_form`,`transport_id`,`py_price`,`kd_price`,`es_price`,`city_id`,`province_id`,`goods_close_reason`,`goods_store_state`,`commentnum`,`salenum`,`goods_collect`,`goods_goldnum`,`goods_isztc`,`goods_ztcstate`,`goods_ztcstartdate`,`goods_ztclastdate`,`group_flag`,`group_price`,`xianshi_flag`,`xianshi_discount`,`goods_transfee_charge`) VALUES('1','索尼高性价比入门单反 A580 单反相机【演示数据】','174','数码家电 &gt; 相机 &gt; 单反','0','5','2','0','1','N;','f21d22bf35391db6723becfa7ccc5512.jpg_small.jpg','f21d22bf35391db6723becfa7ccc5512.jpg_tiny.jpg,,,,','4999.00','','YWUHJH','1','20','0','0','1322112701','','','<p>
	<br />
</p>
<p class="clear">
	<br />
</p>
<p>
	<strong><br />
</strong>
</p>
<p>
	<strong>服务承诺：</strong> ShopNC商城向您保证所售商品均为正品行货，自带机打发票，与商品一起寄送。凭质保证书及ShopNC商城发票，可享受全国联保服务，与您亲临商场选购的商品享受相同的质量保证。
</p>
<p>
	ShopNC商城还为您提供具有竞争力的商品价格，请您放心购买！
</p>
<p>
	<img src="upload/store/goods/2/f21d22bf35391db6723becfa7ccc5512.jpg" />
</p>','a:2:{i:8;a:2:{s:4:"name";s:6:"像素";i:37;s:7:"1400万";}i:9;a:2:{s:4:"name";s:12:"售后服务";i:40;s:12:"全国联保";}}','N;',NULL,'7','1361905659','1362510459','1',NULL,'0.00','0.00','0.00',NULL,NULL,NULL,'0','0','10','0','0','0','1','0',NULL,NULL,'0.00','0','0.00','1');
INSERT INTO `shopnc_goods` (`goods_id`,`goods_name`,`gc_id`,`gc_name`,`brand_id`,`type_id`,`store_id`,`spec_open`,`spec_id`,`spec_name`,`goods_image`,`goods_image_more`,`goods_store_price`,`goods_store_price_interval`,`goods_serial`,`goods_show`,`goods_click`,`goods_state`,`goods_commend`,`goods_add_time`,`goods_keywords`,`goods_description`,`goods_body`,`goods_attr`,`goods_spec`,`goods_col_img`,`goods_indate`,`goods_starttime`,`goods_endtime`,`goods_form`,`transport_id`,`py_price`,`kd_price`,`es_price`,`city_id`,`province_id`,`goods_close_reason`,`goods_store_state`,`commentnum`,`salenum`,`goods_collect`,`goods_goldnum`,`goods_isztc`,`goods_ztcstate`,`goods_ztcstartdate`,`goods_ztclastdate`,`group_flag`,`group_price`,`xianshi_flag`,`xianshi_discount`,`goods_transfee_charge`) VALUES('2','专柜正品女装时尚舒适风衣【演示数据】','16','男女服装 &gt; 女装 &gt; 棉衣','1','1','2','1','173','a:2:{i:1;s:6:"颜色";i:2;s:6:"尺码";}','51528ce2b1e52c44126461b711efa78f.jpg_small.jpg','51528ce2b1e52c44126461b711efa78f.jpg_tiny.jpg,05e04b481b27a5774fbe34ae4ba452e6.jpg_tiny.jpg,ae172bd8804dfc1ff6f002fe39f01ac9.jpg_tiny.jpg,,','600.00','','','1','12','0','0','1322113664','','','<p>
	<table class="ke-zeroborder" bgcolor="#fff" border="0" cellpadding="0" cellspacing="0" height="66" width="100%">
		<tbody>
			<tr bgcolor="#fdfdfd" height="22" align="center">
				<td style="font-size:12.0px;" width="42%" align="left">
					<strong>品牌名称：</strong>ESPRIT
				</td>
				<td width="58%" align="left">
					<strong>适合季节：</strong>冬
				</td>
			</tr>
			<tr bgcolor="#fdfdfd" height="22" align="center">
				<td style="font-size:12.0px;" align="left">
					<strong>商品名称：</strong>时尚舒适风衣
				</td>
				<td align="left">
					<strong>商品货号：</strong>ESP-LC1883C-2010-L
				</td>
			</tr>
			<tr bgcolor="#fdfdfd" height="22" align="center">
				<td style="font-size:12.0px;" align="left">
					<strong>商品原价：</strong>1395
				</td>
				<td align="left">
					<strong>商品材质：</strong>聚酯纤维100%
				</td>
			</tr>
		</tbody>
	</table>
</p>
<p>
	<br />
</p>
<img src="upload/store/goods/2/ae172bd8804dfc1ff6f002fe39f01ac9.jpg" /><img src="upload/store/goods/2/51528ce2b1e52c44126461b711efa78f.jpg" />','a:3:{i:1;a:2:{s:4:"name";s:6:"款式";i:1;s:6:"长袖";}i:2;a:2:{s:4:"name";s:6:"材质";i:7;s:6:"纯棉";}i:3;a:2:{s:4:"name";s:6:"衣长";i:16;s:26:"长款（衣长70-100CM）";}}','a:2:{i:1;a:1:{i:1;s:6:"白色";}i:2;a:3:{i:15;s:1:"S";i:16;s:1:"M";i:17;s:1:"L";}}',NULL,'7','1361905659','1362510459','1',NULL,'0.00','0.00','0.00',NULL,NULL,NULL,'0','0','10','0','0','0','1','0',NULL,NULL,'0.00','0','0.00','1');
INSERT INTO `shopnc_goods` (`goods_id`,`goods_name`,`gc_id`,`gc_name`,`brand_id`,`type_id`,`store_id`,`spec_open`,`spec_id`,`spec_name`,`goods_image`,`goods_image_more`,`goods_store_price`,`goods_store_price_interval`,`goods_serial`,`goods_show`,`goods_click`,`goods_state`,`goods_commend`,`goods_add_time`,`goods_keywords`,`goods_description`,`goods_body`,`goods_attr`,`goods_spec`,`goods_col_img`,`goods_indate`,`goods_starttime`,`goods_endtime`,`goods_form`,`transport_id`,`py_price`,`kd_price`,`es_price`,`city_id`,`province_id`,`goods_close_reason`,`goods_store_state`,`commentnum`,`salenum`,`goods_collect`,`goods_goldnum`,`goods_isztc`,`goods_ztcstate`,`goods_ztcstartdate`,`goods_ztclastdate`,`group_flag`,`group_price`,`xianshi_flag`,`xianshi_discount`,`goods_transfee_charge`) VALUES('5','单反相机EOS 550D/18-55套机【演示数据】','174','数码家电 &gt; 相机 &gt; 单反','0','5','2','0','6','N;','d65799f6e43cb59841c62783caeef540.jpg_small.jpg','d65799f6e43cb59841c62783caeef540.jpg_tiny.jpg,,,,','4999.00','','HHHHS','1','3','0','0','1322114351','','','<img src="upload/store/goods/2/d65799f6e43cb59841c62783caeef540.jpg" />','a:2:{i:8;a:2:{s:4:"name";s:6:"像素";i:38;s:7:"1600万";}i:9;a:2:{s:4:"name";s:12:"售后服务";i:41;s:12:"店铺三包";}}','N;',NULL,'7','1361905659','1362510459','1',NULL,'0.00','0.00','0.00',NULL,NULL,NULL,'0','0','10','0','0','0','1','0',NULL,NULL,'0.00','0','0.00','1');
INSERT INTO `shopnc_goods` (`goods_id`,`goods_name`,`gc_id`,`gc_name`,`brand_id`,`type_id`,`store_id`,`spec_open`,`spec_id`,`spec_name`,`goods_image`,`goods_image_more`,`goods_store_price`,`goods_store_price_interval`,`goods_serial`,`goods_show`,`goods_click`,`goods_state`,`goods_commend`,`goods_add_time`,`goods_keywords`,`goods_description`,`goods_body`,`goods_attr`,`goods_spec`,`goods_col_img`,`goods_indate`,`goods_starttime`,`goods_endtime`,`goods_form`,`transport_id`,`py_price`,`kd_price`,`es_price`,`city_id`,`province_id`,`goods_close_reason`,`goods_store_state`,`commentnum`,`salenum`,`goods_collect`,`goods_goldnum`,`goods_isztc`,`goods_ztcstate`,`goods_ztcstartdate`,`goods_ztclastdate`,`group_flag`,`group_price`,`xianshi_flag`,`xianshi_discount`,`goods_transfee_charge`) VALUES('3','佳能单反相机EOS套机 佳能600D 【演示数据】','174','数码家电 &gt; 相机 &gt; 单反','0','5','2','0','4','N;','0993ac952e86691c2351d26d6223a386.jpg_small.jpg','0993ac952e86691c2351d26d6223a386.jpg_tiny.jpg,,,,','5999.00','','HSJAAA','1','6','0','0','1322113985','','','<img src="upload/store/goods/2/0993ac952e86691c2351d26d6223a386.jpg" />','a:2:{i:8;a:2:{s:4:"name";s:6:"像素";i:38;s:7:"1600万";}i:9;a:2:{s:4:"name";s:12:"售后服务";i:41;s:12:"店铺三包";}}','N;',NULL,'7','1361905659','1362510459','1',NULL,'0.00','0.00','0.00',NULL,NULL,NULL,'0','0','10','0','0','0','1','0',NULL,NULL,'0.00','0','0.00','1');
INSERT INTO `shopnc_goods` (`goods_id`,`goods_name`,`gc_id`,`gc_name`,`brand_id`,`type_id`,`store_id`,`spec_open`,`spec_id`,`spec_name`,`goods_image`,`goods_image_more`,`goods_store_price`,`goods_store_price_interval`,`goods_serial`,`goods_show`,`goods_click`,`goods_state`,`goods_commend`,`goods_add_time`,`goods_keywords`,`goods_description`,`goods_body`,`goods_attr`,`goods_spec`,`goods_col_img`,`goods_indate`,`goods_starttime`,`goods_endtime`,`goods_form`,`transport_id`,`py_price`,`kd_price`,`es_price`,`city_id`,`province_id`,`goods_close_reason`,`goods_store_state`,`commentnum`,`salenum`,`goods_collect`,`goods_goldnum`,`goods_isztc`,`goods_ztcstate`,`goods_ztcstartdate`,`goods_ztclastdate`,`group_flag`,`group_price`,`xianshi_flag`,`xianshi_discount`,`goods_transfee_charge`) VALUES('4','尼康D3100套机大陆行货 全国联保【演示数据】','174','数码家电 &gt; 相机 &gt; 单反','0','5','2','0','5','N;','7270c24985184d87ee18c8f20ea46491.jpg_small.jpg','7270c24985184d87ee18c8f20ea46491.jpg_tiny.jpg,,,,','3999.00','','HHSYA','1','3','0','0','1322114130','','','<img src="upload/store/goods/2/7270c24985184d87ee18c8f20ea46491.jpg" />','a:2:{i:8;a:2:{s:4:"name";s:6:"像素";i:38;s:7:"1600万";}i:9;a:2:{s:4:"name";s:12:"售后服务";i:41;s:12:"店铺三包";}}','N;',NULL,'7','1361905659','1362510459','1',NULL,'0.00','0.00','0.00',NULL,NULL,NULL,'0','0','10','0','0','0','1','0',NULL,NULL,'0.00','0','0.00','1');
INSERT INTO `shopnc_goods` (`goods_id`,`goods_name`,`gc_id`,`gc_name`,`brand_id`,`type_id`,`store_id`,`spec_open`,`spec_id`,`spec_name`,`goods_image`,`goods_image_more`,`goods_store_price`,`goods_store_price_interval`,`goods_serial`,`goods_show`,`goods_click`,`goods_state`,`goods_commend`,`goods_add_time`,`goods_keywords`,`goods_description`,`goods_body`,`goods_attr`,`goods_spec`,`goods_col_img`,`goods_indate`,`goods_starttime`,`goods_endtime`,`goods_form`,`transport_id`,`py_price`,`kd_price`,`es_price`,`city_id`,`province_id`,`goods_close_reason`,`goods_store_state`,`commentnum`,`salenum`,`goods_collect`,`goods_goldnum`,`goods_isztc`,`goods_ztcstate`,`goods_ztcstartdate`,`goods_ztclastdate`,`group_flag`,`group_price`,`xianshi_flag`,`xianshi_discount`,`goods_transfee_charge`) VALUES('6','单反数码相机EOS60D双镜头组合【演示数据】','174','数码家电 &gt; 相机 &gt; 单反','0','5','2','0','7','N;','50deee70b91ec2c286b468469c336e09.jpg_small.jpg','50deee70b91ec2c286b468469c336e09.jpg_tiny.jpg,,,,','5299.00','','HGDHG','1','4','0','0','1322114525','','','<img src="upload/store/goods/2/50deee70b91ec2c286b468469c336e09.jpg" />','a:2:{i:8;a:2:{s:4:"name";s:6:"像素";i:38;s:7:"1600万";}i:9;a:2:{s:4:"name";s:12:"售后服务";i:40;s:12:"全国联保";}}','N;',NULL,'7','1361905659','1362510459','1',NULL,'0.00','0.00','0.00',NULL,NULL,NULL,'0','0','10','0','0','0','1','0',NULL,NULL,'0.00','0','0.00','1');
INSERT INTO `shopnc_goods` (`goods_id`,`goods_name`,`gc_id`,`gc_name`,`brand_id`,`type_id`,`store_id`,`spec_open`,`spec_id`,`spec_name`,`goods_image`,`goods_image_more`,`goods_store_price`,`goods_store_price_interval`,`goods_serial`,`goods_show`,`goods_click`,`goods_state`,`goods_commend`,`goods_add_time`,`goods_keywords`,`goods_description`,`goods_body`,`goods_attr`,`goods_spec`,`goods_col_img`,`goods_indate`,`goods_starttime`,`goods_endtime`,`goods_form`,`transport_id`,`py_price`,`kd_price`,`es_price`,`city_id`,`province_id`,`goods_close_reason`,`goods_store_state`,`commentnum`,`salenum`,`goods_collect`,`goods_goldnum`,`goods_isztc`,`goods_ztcstate`,`goods_ztcstartdate`,`goods_ztclastdate`,`group_flag`,`group_price`,`xianshi_flag`,`xianshi_discount`,`goods_transfee_charge`) VALUES('7','单反数码相机EOS60D/18-200套机【演示数据】','174','数码家电 &gt; 相机 &gt; 单反','0','5','2','0','8','N;','3a27926d6a56f04f0943475354a4bac1.jpg_small.jpg','3a27926d6a56f04f0943475354a4bac1.jpg_tiny.jpg,,,,','6999.00','','JJHHJ','1','1','0','0','1322114601','','','<img src="upload/store/goods/2/3a27926d6a56f04f0943475354a4bac1.jpg" />','a:2:{i:8;a:2:{s:4:"name";s:6:"像素";i:37;s:7:"1400万";}i:9;a:2:{s:4:"name";s:12:"售后服务";i:41;s:12:"店铺三包";}}','N;',NULL,'7','1361905659','1362510459','1',NULL,'0.00','0.00','0.00',NULL,NULL,NULL,'0','0','10','0','0','0','1','0',NULL,NULL,'0.00','0','0.00','1');
INSERT INTO `shopnc_goods` (`goods_id`,`goods_name`,`gc_id`,`gc_name`,`brand_id`,`type_id`,`store_id`,`spec_open`,`spec_id`,`spec_name`,`goods_image`,`goods_image_more`,`goods_store_price`,`goods_store_price_interval`,`goods_serial`,`goods_show`,`goods_click`,`goods_state`,`goods_commend`,`goods_add_time`,`goods_keywords`,`goods_description`,`goods_body`,`goods_attr`,`goods_spec`,`goods_col_img`,`goods_indate`,`goods_starttime`,`goods_endtime`,`goods_form`,`transport_id`,`py_price`,`kd_price`,`es_price`,`city_id`,`province_id`,`goods_close_reason`,`goods_store_state`,`commentnum`,`salenum`,`goods_collect`,`goods_goldnum`,`goods_isztc`,`goods_ztcstate`,`goods_ztcstartdate`,`goods_ztclastdate`,`group_flag`,`group_price`,`xianshi_flag`,`xianshi_discount`,`goods_transfee_charge`) VALUES('40','玫瑰嫩白保湿面膜 美白保湿抗衰老 专柜正品【演示数据】','136','美容美妆 &gt; 护肤 &gt; 面膜','0','0','2','0','45','N;','4881e7d174693f1196e669b86643ddd8.jpg_small.jpg','4881e7d174693f1196e669b86643ddd8.jpg_tiny.jpg,0390369243d94cc16f9537515dcd384e.jpg_tiny.jpg,,,','138.00','','JKHJHJ','1','12','0','0','1322122982','','','<img src="upload/store/goods/2/4881e7d174693f1196e669b86643ddd8.jpg" /><img src="upload/store/goods/2/0390369243d94cc16f9537515dcd384e.jpg" />','N;','N;',NULL,'7','1361905659','1362510459','1',NULL,'0.00','0.00','0.00',NULL,NULL,NULL,'0','0','0','0','0','0','1','0',NULL,NULL,'0.00','0','0.00','1');
INSERT INTO `shopnc_goods` (`goods_id`,`goods_name`,`gc_id`,`gc_name`,`brand_id`,`type_id`,`store_id`,`spec_open`,`spec_id`,`spec_name`,`goods_image`,`goods_image_more`,`goods_store_price`,`goods_store_price_interval`,`goods_serial`,`goods_show`,`goods_click`,`goods_state`,`goods_commend`,`goods_add_time`,`goods_keywords`,`goods_description`,`goods_body`,`goods_attr`,`goods_spec`,`goods_col_img`,`goods_indate`,`goods_starttime`,`goods_endtime`,`goods_form`,`transport_id`,`py_price`,`kd_price`,`es_price`,`city_id`,`province_id`,`goods_close_reason`,`goods_store_state`,`commentnum`,`salenum`,`goods_collect`,`goods_goldnum`,`goods_isztc`,`goods_ztcstate`,`goods_ztcstartdate`,`goods_ztclastdate`,`group_flag`,`group_price`,`xianshi_flag`,`xianshi_discount`,`goods_transfee_charge`) VALUES('8','尼康D7000套机 含18-105VR镜头 【演示数据】','174','数码家电 &gt; 相机 &gt; 单反','0','5','2','0','9','N;','ba04cebcbe4397df5ca8b60b3ebcda08.jpg_small.jpg','ba04cebcbe4397df5ca8b60b3ebcda08.jpg_tiny.jpg,,,,','8999.00','','TYWGH','1','2','0','0','1322114702','','','<img src="upload/store/goods/2/ba04cebcbe4397df5ca8b60b3ebcda08.jpg" />','a:2:{i:8;a:2:{s:4:"name";s:6:"像素";i:38;s:7:"1600万";}i:9;a:2:{s:4:"name";s:12:"售后服务";i:40;s:12:"全国联保";}}','N;',NULL,'7','1361905659','1362510459','1',NULL,'0.00','0.00','0.00',NULL,NULL,NULL,'0','0','10','0','0','0','1','0',NULL,NULL,'0.00','0','0.00','1');
INSERT INTO `shopnc_goods` (`goods_id`,`goods_name`,`gc_id`,`gc_name`,`brand_id`,`type_id`,`store_id`,`spec_open`,`spec_id`,`spec_name`,`goods_image`,`goods_image_more`,`goods_store_price`,`goods_store_price_interval`,`goods_serial`,`goods_show`,`goods_click`,`goods_state`,`goods_commend`,`goods_add_time`,`goods_keywords`,`goods_description`,`goods_body`,`goods_attr`,`goods_spec`,`goods_col_img`,`goods_indate`,`goods_starttime`,`goods_endtime`,`goods_form`,`transport_id`,`py_price`,`kd_price`,`es_price`,`city_id`,`province_id`,`goods_close_reason`,`goods_store_state`,`commentnum`,`salenum`,`goods_collect`,`goods_goldnum`,`goods_isztc`,`goods_ztcstate`,`goods_ztcstartdate`,`goods_ztclastdate`,`group_flag`,`group_price`,`xianshi_flag`,`xianshi_discount`,`goods_transfee_charge`) VALUES('9','单反数码相机EOS5DMark 5DII【演示数据】','174','数码家电 &gt; 相机 &gt; 单反','0','5','2','0','10','N;','cfd07fdd0288d2528abb93239a143ade.jpg_small.jpg','cfd07fdd0288d2528abb93239a143ade.jpg_tiny.jpg,,,,','12066.00','','GHUGDD','1','3','0','0','1322114909','','','<img src="upload/store/goods/2/cfd07fdd0288d2528abb93239a143ade.jpg" />','a:2:{i:8;a:2:{s:4:"name";s:6:"像素";i:38;s:7:"1600万";}i:9;a:2:{s:4:"name";s:12:"售后服务";i:41;s:12:"店铺三包";}}','N;',NULL,'7','1361905659','1362510459','1',NULL,'0.00','0.00','0.00',NULL,NULL,NULL,'0','0','10','0','0','0','1','0',NULL,NULL,'0.00','0','0.00','1');
INSERT INTO `shopnc_goods` (`goods_id`,`goods_name`,`gc_id`,`gc_name`,`brand_id`,`type_id`,`store_id`,`spec_open`,`spec_id`,`spec_name`,`goods_image`,`goods_image_more`,`goods_store_price`,`goods_store_price_interval`,`goods_serial`,`goods_show`,`goods_click`,`goods_state`,`goods_commend`,`goods_add_time`,`goods_keywords`,`goods_description`,`goods_body`,`goods_attr`,`goods_spec`,`goods_col_img`,`goods_indate`,`goods_starttime`,`goods_endtime`,`goods_form`,`transport_id`,`py_price`,`kd_price`,`es_price`,`city_id`,`province_id`,`goods_close_reason`,`goods_store_state`,`commentnum`,`salenum`,`goods_collect`,`goods_goldnum`,`goods_isztc`,`goods_ztcstate`,`goods_ztcstartdate`,`goods_ztclastdate`,`group_flag`,`group_price`,`xianshi_flag`,`xianshi_discount`,`goods_transfee_charge`) VALUES('10','尼康D3X单机 正品行货 电脑开票 【演示数据】','174','数码家电 &gt; 相机 &gt; 单反','0','5','2','0','11','N;','aa9c12062f79204a23f395ed01b538f9.jpg_small.jpg','aa9c12062f79204a23f395ed01b538f9.jpg_tiny.jpg,,,,','8688.00','','JHJHJ','1','4','0','0','1322115003','','','<img src="upload/store/goods/2/aa9c12062f79204a23f395ed01b538f9.jpg" />','a:2:{i:8;a:2:{s:4:"name";s:6:"像素";i:37;s:7:"1400万";}i:9;a:2:{s:4:"name";s:12:"售后服务";i:41;s:12:"店铺三包";}}','N;',NULL,'7','1361905659','1362510459','1',NULL,'0.00','0.00','0.00',NULL,NULL,NULL,'0','0','10','0','0','0','1','0',NULL,NULL,'0.00','0','0.00','1');
INSERT INTO `shopnc_goods` (`goods_id`,`goods_name`,`gc_id`,`gc_name`,`brand_id`,`type_id`,`store_id`,`spec_open`,`spec_id`,`spec_name`,`goods_image`,`goods_image_more`,`goods_store_price`,`goods_store_price_interval`,`goods_serial`,`goods_show`,`goods_click`,`goods_state`,`goods_commend`,`goods_add_time`,`goods_keywords`,`goods_description`,`goods_body`,`goods_attr`,`goods_spec`,`goods_col_img`,`goods_indate`,`goods_starttime`,`goods_endtime`,`goods_form`,`transport_id`,`py_price`,`kd_price`,`es_price`,`city_id`,`province_id`,`goods_close_reason`,`goods_store_state`,`commentnum`,`salenum`,`goods_collect`,`goods_goldnum`,`goods_isztc`,`goods_ztcstate`,`goods_ztcstartdate`,`goods_ztclastdate`,`group_flag`,`group_price`,`xianshi_flag`,`xianshi_discount`,`goods_transfee_charge`) VALUES('11','单反数码相机单机 专业享【演示数据】','174','数码家电 &gt; 相机 &gt; 单反','0','5','2','0','12','N;','b86adcbf285eccbb62e4bcccabd24836.jpg_small.jpg','b86adcbf285eccbb62e4bcccabd24836.jpg_tiny.jpg,,,,','55728.00','','HJHJJ','1','4','0','0','1322115100','','','<img src="upload/store/goods/2/b86adcbf285eccbb62e4bcccabd24836.jpg" />','a:2:{i:8;a:2:{s:4:"name";s:6:"像素";i:38;s:7:"1600万";}i:9;a:2:{s:4:"name";s:12:"售后服务";i:40;s:12:"全国联保";}}','N;',NULL,'7','1361905659','1362510459','1',NULL,'0.00','0.00','0.00',NULL,NULL,NULL,'0','0','0','0','0','0','1','0',NULL,NULL,'0.00','0','0.00','1');
INSERT INTO `shopnc_goods` (`goods_id`,`goods_name`,`gc_id`,`gc_name`,`brand_id`,`type_id`,`store_id`,`spec_open`,`spec_id`,`spec_name`,`goods_image`,`goods_image_more`,`goods_store_price`,`goods_store_price_interval`,`goods_serial`,`goods_show`,`goods_click`,`goods_state`,`goods_commend`,`goods_add_time`,`goods_keywords`,`goods_description`,`goods_body`,`goods_attr`,`goods_spec`,`goods_col_img`,`goods_indate`,`goods_starttime`,`goods_endtime`,`goods_form`,`transport_id`,`py_price`,`kd_price`,`es_price`,`city_id`,`province_id`,`goods_close_reason`,`goods_store_state`,`commentnum`,`salenum`,`goods_collect`,`goods_goldnum`,`goods_isztc`,`goods_ztcstate`,`goods_ztcstartdate`,`goods_ztclastdate`,`group_flag`,`group_price`,`xianshi_flag`,`xianshi_discount`,`goods_transfee_charge`) VALUES('42','专柜正品 隐形面膜贴蚕丝面膜【演示数据】','136','美容美妆 &gt; 护肤 &gt; 面膜','0','0','2','0','47','N;','911ebbce6dcce91a5855f025eb9d8df7.jpg_small.jpg','911ebbce6dcce91a5855f025eb9d8df7.jpg_tiny.jpg,1a7aad65f2b3293b34f898d2bc5ff7e2.jpg_tiny.jpg,81680159995562293f555d74a7472151.jpg_tiny.jpg,911ebbce6dcce91a5855f025eb9d8df7.jpg_tiny.jpg,','47.00','','','1','13','0','0','1322123860','','','<img src="upload/store/goods/2/911ebbce6dcce91a5855f025eb9d8df7.jpg" /><img src="upload/store/goods/2/1a7aad65f2b3293b34f898d2bc5ff7e2.jpg" /><img src="upload/store/goods/2/81680159995562293f555d74a7472151.jpg" />','N;','N;',NULL,'7','1361905659','1362510459','1',NULL,'0.00','0.00','0.00',NULL,NULL,NULL,'0','0','0','0','0','0','1','0',NULL,NULL,'0.00','0','0.00','1');
INSERT INTO `shopnc_goods` (`goods_id`,`goods_name`,`gc_id`,`gc_name`,`brand_id`,`type_id`,`store_id`,`spec_open`,`spec_id`,`spec_name`,`goods_image`,`goods_image_more`,`goods_store_price`,`goods_store_price_interval`,`goods_serial`,`goods_show`,`goods_click`,`goods_state`,`goods_commend`,`goods_add_time`,`goods_keywords`,`goods_description`,`goods_body`,`goods_attr`,`goods_spec`,`goods_col_img`,`goods_indate`,`goods_starttime`,`goods_endtime`,`goods_form`,`transport_id`,`py_price`,`kd_price`,`es_price`,`city_id`,`province_id`,`goods_close_reason`,`goods_store_state`,`commentnum`,`salenum`,`goods_collect`,`goods_goldnum`,`goods_isztc`,`goods_ztcstate`,`goods_ztcstartdate`,`goods_ztclastdate`,`group_flag`,`group_price`,`xianshi_flag`,`xianshi_discount`,`goods_transfee_charge`) VALUES('12','2011冬季收腰中长款时尚狐狸毛领羽绒衣服外套【演示数据】','16','男女服装 &gt; 女装 &gt; 棉衣','1','1','2','1','167','a:2:{i:1;s:6:"颜色";i:2;s:6:"尺码";}','e953812764730143d073f2a0d89a0226.jpg_small.jpg','e953812764730143d073f2a0d89a0226.jpg_tiny.jpg,e5c20350c46a482f64c10c5f6c83486a.jpg_tiny.jpg,a3d219feb7224a822f7336651bdfa84b.jpg_tiny.jpg,c307d4ddbf659acb1000296588d24266.jpg_tiny.jpg,','439.00','','','1','19','0','0','1322115244','','','<p>
	<img src="upload/store/goods/2/e953812764730143d073f2a0d89a0226.jpg" /><img src="upload/store/goods/2/e5c20350c46a482f64c10c5f6c83486a.jpg" /><img src="upload/store/goods/2/a3d219feb7224a822f7336651bdfa84b.jpg" /><img src="upload/store/goods/2/c307d4ddbf659acb1000296588d24266.jpg" /> 
</p>
<p>
	<br />
</p>
<img src="upload/store/goods/2/b0c9de555eb9ebaf7ea5b195ceec9478.jpg" />','a:3:{i:1;a:2:{s:4:"name";s:6:"款式";i:1;s:6:"长袖";}i:2;a:2:{s:4:"name";s:6:"材质";i:13;s:6:"其他";}i:3;a:2:{s:4:"name";s:6:"衣长";i:16;s:26:"长款（衣长70-100CM）";}}','a:2:{i:1;a:2:{i:1;s:6:"白色";i:8;s:6:"褐色";}i:2;a:3:{i:15;s:1:"S";i:16;s:1:"M";i:17;s:1:"L";}}',NULL,'7','1361905659','1362510459','1',NULL,'0.00','0.00','0.00',NULL,NULL,NULL,'0','0','0','0','0','0','1','0',NULL,NULL,'0.00','0','0.00','1');
INSERT INTO `shopnc_goods` (`goods_id`,`goods_name`,`gc_id`,`gc_name`,`brand_id`,`type_id`,`store_id`,`spec_open`,`spec_id`,`spec_name`,`goods_image`,`goods_image_more`,`goods_store_price`,`goods_store_price_interval`,`goods_serial`,`goods_show`,`goods_click`,`goods_state`,`goods_commend`,`goods_add_time`,`goods_keywords`,`goods_description`,`goods_body`,`goods_attr`,`goods_spec`,`goods_col_img`,`goods_indate`,`goods_starttime`,`goods_endtime`,`goods_form`,`transport_id`,`py_price`,`kd_price`,`es_price`,`city_id`,`province_id`,`goods_close_reason`,`goods_store_state`,`commentnum`,`salenum`,`goods_collect`,`goods_goldnum`,`goods_isztc`,`goods_ztcstate`,`goods_ztcstartdate`,`goods_ztclastdate`,`group_flag`,`group_price`,`xianshi_flag`,`xianshi_discount`,`goods_transfee_charge`) VALUES('39','正品补水眼部护理2件套 补水保湿 去黑眼圈/眼袋【演示数据】','144','美容美妆 &gt; 护肤 &gt; 眼霜','0','0','2','0','44','N;','57ec6dae05bcb152e946401f1327c17a.jpg_small.jpg','57ec6dae05bcb152e946401f1327c17a.jpg_tiny.jpg,85637d64635444a2c7c9c66b310c2803.jpg_tiny.jpg,0123b4b558661879d36aec9c7d12b107.jpg_tiny.jpg,,','84.00','','HHKKK1','1','37','0','0','1322122676','','','<img src="upload/store/goods/2/037b5d5ac64672fe0cdb35d4cc3b0caa.jpg" /><img src="upload/store/goods/2/57ec6dae05bcb152e946401f1327c17a.jpg" /><img src="upload/store/goods/2/85637d64635444a2c7c9c66b310c2803.jpg" /><img src="upload/store/goods/2/0123b4b558661879d36aec9c7d12b107.jpg" />','N;','N;',NULL,'7','1361905659','1362510459','1',NULL,'0.00','0.00','0.00',NULL,NULL,NULL,'0','0','0','0','0','0','1','0',NULL,NULL,'0.00','0','0.00','1');
INSERT INTO `shopnc_goods` (`goods_id`,`goods_name`,`gc_id`,`gc_name`,`brand_id`,`type_id`,`store_id`,`spec_open`,`spec_id`,`spec_name`,`goods_image`,`goods_image_more`,`goods_store_price`,`goods_store_price_interval`,`goods_serial`,`goods_show`,`goods_click`,`goods_state`,`goods_commend`,`goods_add_time`,`goods_keywords`,`goods_description`,`goods_body`,`goods_attr`,`goods_spec`,`goods_col_img`,`goods_indate`,`goods_starttime`,`goods_endtime`,`goods_form`,`transport_id`,`py_price`,`kd_price`,`es_price`,`city_id`,`province_id`,`goods_close_reason`,`goods_store_state`,`commentnum`,`salenum`,`goods_collect`,`goods_goldnum`,`goods_isztc`,`goods_ztcstate`,`goods_ztcstartdate`,`goods_ztclastdate`,`group_flag`,`group_price`,`xianshi_flag`,`xianshi_discount`,`goods_transfee_charge`) VALUES('13','高级艺术雕塑茶盘/窑变釉花釉茶具套装【演示数据】','199','家居家装 &gt; 厨房餐饮 &gt; 茶具','0','4','2','0','15','N;','0036cc108fd9f490bb434c900bd12985.jpg_small.jpg','0036cc108fd9f490bb434c900bd12985.jpg_tiny.jpg,,,,','166.00','','','1','34','0','0','1322115581','','','<img src="upload/store/goods/2/ec05940a880c273d27d5bc23c1e36b1c.jpeg" />','a:4:{i:6;a:2:{s:4:"name";s:6:"类型";i:0;s:0:"";}i:11;a:2:{s:4:"name";s:18:"推荐使用人数";i:0;s:0:"";}i:7;a:2:{s:4:"name";s:6:"材质";i:0;s:0:"";}i:10;a:2:{s:4:"name";s:12:"价格区间";i:0;s:0:"";}}','N;',NULL,'7','1361905659','1362510459','1',NULL,'0.00','0.00','0.00',NULL,NULL,NULL,'0','0','0','0','0','0','1','0',NULL,NULL,'0.00','0','0.00','1');
INSERT INTO `shopnc_goods` (`goods_id`,`goods_name`,`gc_id`,`gc_name`,`brand_id`,`type_id`,`store_id`,`spec_open`,`spec_id`,`spec_name`,`goods_image`,`goods_image_more`,`goods_store_price`,`goods_store_price_interval`,`goods_serial`,`goods_show`,`goods_click`,`goods_state`,`goods_commend`,`goods_add_time`,`goods_keywords`,`goods_description`,`goods_body`,`goods_attr`,`goods_spec`,`goods_col_img`,`goods_indate`,`goods_starttime`,`goods_endtime`,`goods_form`,`transport_id`,`py_price`,`kd_price`,`es_price`,`city_id`,`province_id`,`goods_close_reason`,`goods_store_state`,`commentnum`,`salenum`,`goods_collect`,`goods_goldnum`,`goods_isztc`,`goods_ztcstate`,`goods_ztcstartdate`,`goods_ztclastdate`,`group_flag`,`group_price`,`xianshi_flag`,`xianshi_discount`,`goods_transfee_charge`) VALUES('14','迪士尼米奇情侣杯 不锈钢内胆 双层隔热杯两只【演示数据】','198','家居家装 &gt; 厨房餐饮 &gt; 水杯水壶','0','0','2','0','16','N;','0c7258a85d7a43af39a57300169a740a.jpg_small.jpg','0c7258a85d7a43af39a57300169a740a.jpg_tiny.jpg,,,,','56.00','','','1','31','0','0','1322115843','','','<img src="upload/store/goods/2/0c7258a85d7a43af39a57300169a740a.jpg" />','N;','N;',NULL,'7','1361905659','1362510459','1',NULL,'0.00','0.00','0.00',NULL,NULL,NULL,'0','0','0','0','0','0','1','0',NULL,NULL,'0.00','0','0.00','1');
INSERT INTO `shopnc_goods` (`goods_id`,`goods_name`,`gc_id`,`gc_name`,`brand_id`,`type_id`,`store_id`,`spec_open`,`spec_id`,`spec_name`,`goods_image`,`goods_image_more`,`goods_store_price`,`goods_store_price_interval`,`goods_serial`,`goods_show`,`goods_click`,`goods_state`,`goods_commend`,`goods_add_time`,`goods_keywords`,`goods_description`,`goods_body`,`goods_attr`,`goods_spec`,`goods_col_img`,`goods_indate`,`goods_starttime`,`goods_endtime`,`goods_form`,`transport_id`,`py_price`,`kd_price`,`es_price`,`city_id`,`province_id`,`goods_close_reason`,`goods_store_state`,`commentnum`,`salenum`,`goods_collect`,`goods_goldnum`,`goods_isztc`,`goods_ztcstate`,`goods_ztcstartdate`,`goods_ztclastdate`,`group_flag`,`group_price`,`xianshi_flag`,`xianshi_discount`,`goods_transfee_charge`) VALUES('15','正品迪士尼米奇中国红四入果盘 水果盘 糖果盘 【演示数据】','197','家居家装 &gt; 厨房餐饮 &gt; 餐具','0','0','2','0','17','N;','47de9eb07984702d5f424d1a56286d68.jpg_small.jpg','47de9eb07984702d5f424d1a56286d68.jpg_tiny.jpg,,,,','23.00','','','1','2','0','0','1322115967','','','<img src="upload/store/goods/2/47de9eb07984702d5f424d1a56286d68.jpg" />','N;','N;',NULL,'7','1361905659','1362510459','1',NULL,'0.00','0.00','0.00',NULL,NULL,NULL,'0','0','0','0','0','0','1','0',NULL,NULL,'0.00','0','0.00','1');
INSERT INTO `shopnc_goods` (`goods_id`,`goods_name`,`gc_id`,`gc_name`,`brand_id`,`type_id`,`store_id`,`spec_open`,`spec_id`,`spec_name`,`goods_image`,`goods_image_more`,`goods_store_price`,`goods_store_price_interval`,`goods_serial`,`goods_show`,`goods_click`,`goods_state`,`goods_commend`,`goods_add_time`,`goods_keywords`,`goods_description`,`goods_body`,`goods_attr`,`goods_spec`,`goods_col_img`,`goods_indate`,`goods_starttime`,`goods_endtime`,`goods_form`,`transport_id`,`py_price`,`kd_price`,`es_price`,`city_id`,`province_id`,`goods_close_reason`,`goods_store_state`,`commentnum`,`salenum`,`goods_collect`,`goods_goldnum`,`goods_isztc`,`goods_ztcstate`,`goods_ztcstartdate`,`goods_ztclastdate`,`group_flag`,`group_price`,`xianshi_flag`,`xianshi_discount`,`goods_transfee_charge`) VALUES('16','2011秋冬新款韩版大码毛领毛呢外套呢子大衣【演示数据】','17','男女服装 &gt; 女装 &gt; 毛呢大衣','8','1','2','1','161','a:2:{i:1;s:6:"颜色";i:2;s:6:"尺码";}','3f167760d8640f6c5c11f7f47efcd18d.jpg_small.jpg','3f167760d8640f6c5c11f7f47efcd18d.jpg_tiny.jpg,bc7d905825c408d26339b82ffffc3c63.jpg_tiny.jpg,b5c8b569d50fc45782f930cb5978f2ed.jpg_tiny.jpg,c2c8e577956049de1c2be4fc6fca7745.jpg_tiny.jpg,9edbb02b5a21368228ec2a1451107ad8.jpg_tiny.jpg','299.00','','','1','43','0','0','1322116050','','','<p>
	面料说明
</p>
<p>
	<br />
</p>
<p>
	衣服主面料采用双面呢，该面料平整不易起皱，是众多品牌公司制作呢子大衣的首选面料。O.SA制作的布面无杂质且颜色纯正，饱满细腻，面料的所有品质指标都优于国家质量标准。
</p>
<p>
	工艺说明
</p>
<p>
	很
帅气的一款大衣，经典双排扣设计，杏色，优雅深邃。细节繁多，做工超复杂，门襟有混花纹纽扣。腰的分割线设计位置比较低，更加的时尚，同时更能衬托体型。
这里最要提到的是衣服的花瓣型的边缘，非常的美轮美奂，很别致，这弧线形的做法无论是在缝纫还是在裁剪的过程中对技术的要求都是非常高的，稍不留神就会做
成次品。这个还是暗藏玄机的哦，在花瓣边下面有条拉链，可以吧下摆拆卸下来，做一件短款的大衣穿着，也是非常好看的，然后领子也是可以拆卸的，所以说一件
衣服有三种穿法，这就是时下最流行的“变形金刚”。
</p>
<p>
	<br />
</p>
<img src="upload/store/goods/2/3f167760d8640f6c5c11f7f47efcd18d.jpg" /><br />
<br />
<img src="upload/store/goods/2/9edbb02b5a21368228ec2a1451107ad8.jpg" /><img src="upload/store/goods/2/bc7d905825c408d26339b82ffffc3c63.jpg" /><img src="upload/store/goods/2/b5c8b569d50fc45782f930cb5978f2ed.jpg" /><img src="upload/store/goods/2/c2c8e577956049de1c2be4fc6fca7745.jpg" />','a:3:{i:1;a:2:{s:4:"name";s:6:"款式";i:1;s:6:"长袖";}i:2;a:2:{s:4:"name";s:6:"材质";i:7;s:6:"纯棉";}i:3;a:2:{s:4:"name";s:6:"衣长";i:16;s:26:"长款（衣长70-100CM）";}}','a:2:{i:1;a:2:{i:1;s:6:"白色";i:8;s:6:"褐色";}i:2;a:3:{i:15;s:1:"S";i:16;s:1:"M";i:17;s:1:"L";}}',NULL,'7','1361905659','1362510459','1',NULL,'0.00','0.00','0.00',NULL,NULL,NULL,'0','0','0','0','0','0','1','0',NULL,NULL,'0.00','0','0.00','1');
INSERT INTO `shopnc_goods` (`goods_id`,`goods_name`,`gc_id`,`gc_name`,`brand_id`,`type_id`,`store_id`,`spec_open`,`spec_id`,`spec_name`,`goods_image`,`goods_image_more`,`goods_store_price`,`goods_store_price_interval`,`goods_serial`,`goods_show`,`goods_click`,`goods_state`,`goods_commend`,`goods_add_time`,`goods_keywords`,`goods_description`,`goods_body`,`goods_attr`,`goods_spec`,`goods_col_img`,`goods_indate`,`goods_starttime`,`goods_endtime`,`goods_form`,`transport_id`,`py_price`,`kd_price`,`es_price`,`city_id`,`province_id`,`goods_close_reason`,`goods_store_state`,`commentnum`,`salenum`,`goods_collect`,`goods_goldnum`,`goods_isztc`,`goods_ztcstate`,`goods_ztcstartdate`,`goods_ztclastdate`,`group_flag`,`group_price`,`xianshi_flag`,`xianshi_discount`,`goods_transfee_charge`) VALUES('17','窑变釉/花釉功夫茶具海螺茶洗茶漏组合 【演示数据】','199','家居家装 &gt; 厨房餐饮 &gt; 茶具','0','4','2','0','20','N;','096bd6588a631f74a343f157d72ce368.jpg_small.jpg','096bd6588a631f74a343f157d72ce368.jpg_tiny.jpg,,,,','78.00','','','1','6','0','0','1322116253','','','<img src="upload/store/goods/2/b7adc5cb1ff9955503920165cc22167f.jpeg" />','a:4:{i:6;a:2:{s:4:"name";s:6:"类型";i:0;s:0:"";}i:11;a:2:{s:4:"name";s:18:"推荐使用人数";i:0;s:0:"";}i:7;a:2:{s:4:"name";s:6:"材质";i:0;s:0:"";}i:10;a:2:{s:4:"name";s:12:"价格区间";i:0;s:0:"";}}','N;',NULL,'7','1361905659','1362510459','1',NULL,'0.00','0.00','0.00',NULL,NULL,NULL,'0','0','0','0','0','0','1','0',NULL,NULL,'0.00','0','0.00','1');
INSERT INTO `shopnc_goods` (`goods_id`,`goods_name`,`gc_id`,`gc_name`,`brand_id`,`type_id`,`store_id`,`spec_open`,`spec_id`,`spec_name`,`goods_image`,`goods_image_more`,`goods_store_price`,`goods_store_price_interval`,`goods_serial`,`goods_show`,`goods_click`,`goods_state`,`goods_commend`,`goods_add_time`,`goods_keywords`,`goods_description`,`goods_body`,`goods_attr`,`goods_spec`,`goods_col_img`,`goods_indate`,`goods_starttime`,`goods_endtime`,`goods_form`,`transport_id`,`py_price`,`kd_price`,`es_price`,`city_id`,`province_id`,`goods_close_reason`,`goods_store_state`,`commentnum`,`salenum`,`goods_collect`,`goods_goldnum`,`goods_isztc`,`goods_ztcstate`,`goods_ztcstartdate`,`goods_ztclastdate`,`group_flag`,`group_price`,`xianshi_flag`,`xianshi_discount`,`goods_transfee_charge`) VALUES('18','雅致无磁不锈钢厨具七件套 锅铲勺子套装 【演示数据】','193','家居家装 &gt; 厨房餐饮 &gt; 烹饪勺铲','0','0','2','0','21','N;','28b00f923fdaafbd9e36241873809d76.jpg_small.jpg','28b00f923fdaafbd9e36241873809d76.jpg_tiny.jpg,,,,','65.00','','','1','8','0','0','1322116774','','','<img src="upload/store/goods/2/d7415149a84ec82191ad182b4321073f.jpg" />','N;','N;',NULL,'7','1361905659','1362510459','1',NULL,'0.00','0.00','0.00',NULL,NULL,NULL,'0','0','0','0','0','0','1','0',NULL,NULL,'0.00','0','0.00','1');
INSERT INTO `shopnc_goods` (`goods_id`,`goods_name`,`gc_id`,`gc_name`,`brand_id`,`type_id`,`store_id`,`spec_open`,`spec_id`,`spec_name`,`goods_image`,`goods_image_more`,`goods_store_price`,`goods_store_price_interval`,`goods_serial`,`goods_show`,`goods_click`,`goods_state`,`goods_commend`,`goods_add_time`,`goods_keywords`,`goods_description`,`goods_body`,`goods_attr`,`goods_spec`,`goods_col_img`,`goods_indate`,`goods_starttime`,`goods_endtime`,`goods_form`,`transport_id`,`py_price`,`kd_price`,`es_price`,`city_id`,`province_id`,`goods_close_reason`,`goods_store_state`,`commentnum`,`salenum`,`goods_collect`,`goods_goldnum`,`goods_isztc`,`goods_ztcstate`,`goods_ztcstartdate`,`goods_ztclastdate`,`group_flag`,`group_price`,`xianshi_flag`,`xianshi_discount`,`goods_transfee_charge`) VALUES('19','2011秋冬装新款女装韩版大码呢子大衣【演示数据】','17','男女服装 &gt; 女装 &gt; 毛呢大衣','14','1','2','1','152','a:2:{i:1;s:6:"颜色";i:2;s:6:"尺码";}','e9c053b2f4273024dab81dce35bdedec.jpg_small.jpg','e9c053b2f4273024dab81dce35bdedec.jpg_tiny.jpg,,,,','300.00','','','1','5','0','0','1322116963','','','<img src="upload/store/goods/2/e786981e63e24b6e3e8f617a54fea4c7.jpg" /><img src="upload/store/goods/2/ce8c787d5e0b7e7a4e176d1be80939b9.jpg" />','a:3:{i:1;a:2:{s:4:"name";s:6:"款式";i:1;s:6:"长袖";}i:2;a:2:{s:4:"name";s:6:"材质";i:9;s:6:"聚酯";}i:3;a:2:{s:4:"name";s:6:"衣长";i:16;s:26:"长款（衣长70-100CM）";}}','a:2:{i:1;a:3:{i:8;s:6:"褐色";i:9;s:6:"黄色";i:11;s:6:"桔色";}i:2;a:3:{i:15;s:1:"S";i:16;s:1:"M";i:17;s:1:"L";}}',NULL,'7','1361905659','1362510459','1',NULL,'0.00','0.00','0.00',NULL,NULL,NULL,'0','0','0','0','0','0','1','0',NULL,NULL,'0.00','0','0.00','1');
INSERT INTO `shopnc_goods` (`goods_id`,`goods_name`,`gc_id`,`gc_name`,`brand_id`,`type_id`,`store_id`,`spec_open`,`spec_id`,`spec_name`,`goods_image`,`goods_image_more`,`goods_store_price`,`goods_store_price_interval`,`goods_serial`,`goods_show`,`goods_click`,`goods_state`,`goods_commend`,`goods_add_time`,`goods_keywords`,`goods_description`,`goods_body`,`goods_attr`,`goods_spec`,`goods_col_img`,`goods_indate`,`goods_starttime`,`goods_endtime`,`goods_form`,`transport_id`,`py_price`,`kd_price`,`es_price`,`city_id`,`province_id`,`goods_close_reason`,`goods_store_state`,`commentnum`,`salenum`,`goods_collect`,`goods_goldnum`,`goods_isztc`,`goods_ztcstate`,`goods_ztcstartdate`,`goods_ztclastdate`,`group_flag`,`group_price`,`xianshi_flag`,`xianshi_discount`,`goods_transfee_charge`) VALUES('21','正品edc系列连帽休闲夹克【演示数据】','17','男女服装 &gt; 女装 &gt; 毛呢大衣','2','1','2','1','149','a:2:{i:1;s:6:"颜色";i:2;s:6:"尺码";}','ddfcab24bd812c466788eeba587f4057.jpg_small.jpg','ddfcab24bd812c466788eeba587f4057.jpg_tiny.jpg,,,,','300.00','','','1','6','0','0','1322117130','','','<img src="upload/store/goods/2/ddfcab24bd812c466788eeba587f4057.jpg" />','a:3:{i:1;a:2:{s:4:"name";s:6:"款式";i:1;s:6:"长袖";}i:2;a:2:{s:4:"name";s:6:"材质";i:7;s:6:"纯棉";}i:3;a:2:{s:4:"name";s:6:"衣长";i:15;s:28:"中长款（衣长50-70CM）";}}','a:2:{i:1;a:1:{i:2;s:6:"黑色";}i:2;a:3:{i:15;s:1:"S";i:16;s:1:"M";i:17;s:1:"L";}}',NULL,'7','1361905659','1362510459','1',NULL,'0.00','0.00','0.00',NULL,NULL,NULL,'0','0','0','0','0','0','1','0',NULL,NULL,'0.00','0','0.00','1');
INSERT INTO `shopnc_goods` (`goods_id`,`goods_name`,`gc_id`,`gc_name`,`brand_id`,`type_id`,`store_id`,`spec_open`,`spec_id`,`spec_name`,`goods_image`,`goods_image_more`,`goods_store_price`,`goods_store_price_interval`,`goods_serial`,`goods_show`,`goods_click`,`goods_state`,`goods_commend`,`goods_add_time`,`goods_keywords`,`goods_description`,`goods_body`,`goods_attr`,`goods_spec`,`goods_col_img`,`goods_indate`,`goods_starttime`,`goods_endtime`,`goods_form`,`transport_id`,`py_price`,`kd_price`,`es_price`,`city_id`,`province_id`,`goods_close_reason`,`goods_store_state`,`commentnum`,`salenum`,`goods_collect`,`goods_goldnum`,`goods_isztc`,`goods_ztcstate`,`goods_ztcstartdate`,`goods_ztclastdate`,`group_flag`,`group_price`,`xianshi_flag`,`xianshi_discount`,`goods_transfee_charge`) VALUES('22','正品菱格连帽针织外套【演示数据】','19','男女服装 &gt; 女装 &gt; 打底衫','9','1','2','1','147','a:2:{i:1;s:6:"颜色";i:2;s:6:"尺码";}','3f81874d594894d19150843c42fb1f8e.jpg_small.jpg','3f81874d594894d19150843c42fb1f8e.jpg_tiny.jpg,,,,','398.00','','','1','31','0','0','1322117416','','','<img src="upload/store/goods/2/3f81874d594894d19150843c42fb1f8e.jpg" />','a:3:{i:1;a:2:{s:4:"name";s:6:"款式";i:1;s:6:"长袖";}i:2;a:2:{s:4:"name";s:6:"材质";i:10;s:10:"棉+氨伦";}i:3;a:2:{s:4:"name";s:6:"衣长";i:16;s:26:"长款（衣长70-100CM）";}}','a:2:{i:1;a:2:{i:1;s:6:"白色";i:6;s:6:"花色";}i:2;a:1:{i:22;s:6:"均码";}}',NULL,'7','1361905659','1362510459','1',NULL,'0.00','0.00','0.00',NULL,NULL,NULL,'0','0','0','0','0','0','1','0',NULL,NULL,'0.00','0','0.00','1');
INSERT INTO `shopnc_goods` (`goods_id`,`goods_name`,`gc_id`,`gc_name`,`brand_id`,`type_id`,`store_id`,`spec_open`,`spec_id`,`spec_name`,`goods_image`,`goods_image_more`,`goods_store_price`,`goods_store_price_interval`,`goods_serial`,`goods_show`,`goods_click`,`goods_state`,`goods_commend`,`goods_add_time`,`goods_keywords`,`goods_description`,`goods_body`,`goods_attr`,`goods_spec`,`goods_col_img`,`goods_indate`,`goods_starttime`,`goods_endtime`,`goods_form`,`transport_id`,`py_price`,`kd_price`,`es_price`,`city_id`,`province_id`,`goods_close_reason`,`goods_store_state`,`commentnum`,`salenum`,`goods_collect`,`goods_goldnum`,`goods_isztc`,`goods_ztcstate`,`goods_ztcstartdate`,`goods_ztclastdate`,`group_flag`,`group_price`,`xianshi_flag`,`xianshi_discount`,`goods_transfee_charge`) VALUES('23','武陵泰味酱板系列酱板鸭脖礼盒装400g/内含40【演示数据】','203','食品保健 &gt; 休闲零食 &gt; 鸭脖','0','0','2','0','27','N;','c9d06fe0d1bdbbef07b4a68fb6d826b8.jpeg_small.jpeg','c9d06fe0d1bdbbef07b4a68fb6d826b8.jpeg_tiny.jpeg,,,,','40.00','','','1','3','0','0','1322117521','','','<img src="upload/store/goods/2/c9d06fe0d1bdbbef07b4a68fb6d826b8.jpeg" />','N;','N;',NULL,'7','1361905659','1362510459','1',NULL,'0.00','0.00','0.00',NULL,NULL,NULL,'0','0','0','0','0','0','1','0',NULL,NULL,'0.00','0','0.00','1');
INSERT INTO `shopnc_goods` (`goods_id`,`goods_name`,`gc_id`,`gc_name`,`brand_id`,`type_id`,`store_id`,`spec_open`,`spec_id`,`spec_name`,`goods_image`,`goods_image_more`,`goods_store_price`,`goods_store_price_interval`,`goods_serial`,`goods_show`,`goods_click`,`goods_state`,`goods_commend`,`goods_add_time`,`goods_keywords`,`goods_description`,`goods_body`,`goods_attr`,`goods_spec`,`goods_col_img`,`goods_indate`,`goods_starttime`,`goods_endtime`,`goods_form`,`transport_id`,`py_price`,`kd_price`,`es_price`,`city_id`,`province_id`,`goods_close_reason`,`goods_store_state`,`commentnum`,`salenum`,`goods_collect`,`goods_goldnum`,`goods_isztc`,`goods_ztcstate`,`goods_ztcstartdate`,`goods_ztclastdate`,`group_flag`,`group_price`,`xianshi_flag`,`xianshi_discount`,`goods_transfee_charge`) VALUES('24','时尚都市舒适潮流长袖T恤edc-JE0722【演示数据】','19','男女服装 &gt; 女装 &gt; 打底衫','13','1','2','1','144','a:2:{i:1;s:6:"颜色";i:2;s:6:"尺码";}','ea36f7ea0aff6af0a50674b1619f7702.jpg_small.jpg','ea36f7ea0aff6af0a50674b1619f7702.jpg_tiny.jpg,,,,','133.00','','','1','2','0','0','1322117543','','','<img src="upload/store/goods/2/ea36f7ea0aff6af0a50674b1619f7702.jpg" />','a:3:{i:1;a:2:{s:4:"name";s:6:"款式";i:1;s:6:"长袖";}i:2;a:2:{s:4:"name";s:6:"材质";i:7;s:6:"纯棉";}i:3;a:2:{s:4:"name";s:6:"衣长";i:15;s:28:"中长款（衣长50-70CM）";}}','a:2:{i:1;a:1:{i:11;s:6:"桔色";}i:2;a:3:{i:15;s:1:"S";i:16;s:1:"M";i:22;s:6:"均码";}}',NULL,'7','1361905659','1362510459','1',NULL,'0.00','0.00','0.00',NULL,NULL,NULL,'0','0','0','0','0','0','1','0',NULL,NULL,'0.00','0','0.00','1');
INSERT INTO `shopnc_goods` (`goods_id`,`goods_name`,`gc_id`,`gc_name`,`brand_id`,`type_id`,`store_id`,`spec_open`,`spec_id`,`spec_name`,`goods_image`,`goods_image_more`,`goods_store_price`,`goods_store_price_interval`,`goods_serial`,`goods_show`,`goods_click`,`goods_state`,`goods_commend`,`goods_add_time`,`goods_keywords`,`goods_description`,`goods_body`,`goods_attr`,`goods_spec`,`goods_col_img`,`goods_indate`,`goods_starttime`,`goods_endtime`,`goods_form`,`transport_id`,`py_price`,`kd_price`,`es_price`,`city_id`,`province_id`,`goods_close_reason`,`goods_store_state`,`commentnum`,`salenum`,`goods_collect`,`goods_goldnum`,`goods_isztc`,`goods_ztcstate`,`goods_ztcstartdate`,`goods_ztclastdate`,`group_flag`,`group_price`,`xianshi_flag`,`xianshi_discount`,`goods_transfee_charge`) VALUES('25','正品连帽硬朗帅气夹克【演示数据】','15','男女服装 &gt; 男装 &gt; 羽绒服','8','1','2','1','129','a:2:{i:1;s:6:"颜色";i:2;s:6:"尺码";}','ed3755ac3f250e8a7be3c14343c67832.jpg_small.jpg','ed3755ac3f250e8a7be3c14343c67832.jpg_tiny.jpg,,,,','348.00','','','1','5','0','0','1322117786','','','<img src="upload/store/goods/2/ed3755ac3f250e8a7be3c14343c67832.jpg" />','a:3:{i:1;a:2:{s:4:"name";s:6:"款式";i:1;s:6:"长袖";}i:2;a:2:{s:4:"name";s:6:"材质";i:7;s:6:"纯棉";}i:3;a:2:{s:4:"name";s:6:"衣长";i:15;s:28:"中长款（衣长50-70CM）";}}','a:2:{i:1;a:2:{i:2;s:6:"黑色";i:7;s:6:"蓝色";}i:2;a:3:{i:17;s:1:"L";i:18;s:2:"XL";i:19;s:3:"XXL";}}',NULL,'7','1361905659','1362510459','1',NULL,'0.00','0.00','0.00',NULL,NULL,NULL,'0','0','0','0','0','0','1','0',NULL,NULL,'0.00','0','0.00','1');
INSERT INTO `shopnc_goods` (`goods_id`,`goods_name`,`gc_id`,`gc_name`,`brand_id`,`type_id`,`store_id`,`spec_open`,`spec_id`,`spec_name`,`goods_image`,`goods_image_more`,`goods_store_price`,`goods_store_price_interval`,`goods_serial`,`goods_show`,`goods_click`,`goods_state`,`goods_commend`,`goods_add_time`,`goods_keywords`,`goods_description`,`goods_body`,`goods_attr`,`goods_spec`,`goods_col_img`,`goods_indate`,`goods_starttime`,`goods_endtime`,`goods_form`,`transport_id`,`py_price`,`kd_price`,`es_price`,`city_id`,`province_id`,`goods_close_reason`,`goods_store_state`,`commentnum`,`salenum`,`goods_collect`,`goods_goldnum`,`goods_isztc`,`goods_ztcstate`,`goods_ztcstartdate`,`goods_ztclastdate`,`group_flag`,`group_price`,`xianshi_flag`,`xianshi_discount`,`goods_transfee_charge`) VALUES('26','法国进口德菲丝/德菲斯松露巧克力 浓情古典系列 【演示数据】','209','食品保健 &gt; 休闲零食 &gt; 糖果','0','0','2','0','30','N;','8a0cfade0b152c137a6855c580efeaa9.jpg_small.jpg','8a0cfade0b152c137a6855c580efeaa9.jpg_tiny.jpg,,,,','99.00','','','1','29','0','0','1322117865','','','<img src="upload/store/goods/2/33b3f4eb42b918357ba686119b4cc703.jpg" />','N;','N;',NULL,'7','1361905659','1362510459','1',NULL,'0.00','0.00','0.00',NULL,NULL,NULL,'0','0','0','0','0','0','1','0',NULL,NULL,'0.00','0','0.00','1');
INSERT INTO `shopnc_goods` (`goods_id`,`goods_name`,`gc_id`,`gc_name`,`brand_id`,`type_id`,`store_id`,`spec_open`,`spec_id`,`spec_name`,`goods_image`,`goods_image_more`,`goods_store_price`,`goods_store_price_interval`,`goods_serial`,`goods_show`,`goods_click`,`goods_state`,`goods_commend`,`goods_add_time`,`goods_keywords`,`goods_description`,`goods_body`,`goods_attr`,`goods_spec`,`goods_col_img`,`goods_indate`,`goods_starttime`,`goods_endtime`,`goods_form`,`transport_id`,`py_price`,`kd_price`,`es_price`,`city_id`,`province_id`,`goods_close_reason`,`goods_store_state`,`commentnum`,`salenum`,`goods_collect`,`goods_goldnum`,`goods_isztc`,`goods_ztcstate`,`goods_ztcstartdate`,`goods_ztclastdate`,`group_flag`,`group_price`,`xianshi_flag`,`xianshi_discount`,`goods_transfee_charge`) VALUES('27','女装收腰长款羽绒服【演示数据】','16','男女服装 &gt; 女装 &gt; 棉衣','13','1','2','1','110','a:2:{i:1;s:6:"颜色";i:2;s:6:"尺码";}','ea64cc34f663159a68fde6872718541c.jpg_small.jpg','ea64cc34f663159a68fde6872718541c.jpg_tiny.jpg,,,,','798.00','','','1','86','0','0','1322117901','','','<p>
	<img src="upload/store/goods/2/ea64cc34f663159a68fde6872718541c.jpg" /> 
</p>','a:3:{i:1;a:2:{s:4:"name";s:6:"款式";i:1;s:6:"长袖";}i:2;a:2:{s:4:"name";s:6:"材质";i:11;s:18:"氨伦（卡莱）";}i:3;a:2:{s:4:"name";s:6:"衣长";i:16;s:26:"长款（衣长70-100CM）";}}','a:2:{i:1;a:3:{i:3;s:6:"紫色";i:4;s:6:"红色";i:8;s:6:"褐色";}i:2;a:2:{i:16;s:1:"M";i:17;s:1:"L";}}',NULL,'7','1361905659','1362510459','1',NULL,'0.00','0.00','0.00',NULL,NULL,NULL,'0','0','0','0','0','0','1','0',NULL,NULL,'0.00','0','0.00','1');
INSERT INTO `shopnc_goods` (`goods_id`,`goods_name`,`gc_id`,`gc_name`,`brand_id`,`type_id`,`store_id`,`spec_open`,`spec_id`,`spec_name`,`goods_image`,`goods_image_more`,`goods_store_price`,`goods_store_price_interval`,`goods_serial`,`goods_show`,`goods_click`,`goods_state`,`goods_commend`,`goods_add_time`,`goods_keywords`,`goods_description`,`goods_body`,`goods_attr`,`goods_spec`,`goods_col_img`,`goods_indate`,`goods_starttime`,`goods_endtime`,`goods_form`,`transport_id`,`py_price`,`kd_price`,`es_price`,`city_id`,`province_id`,`goods_close_reason`,`goods_store_state`,`commentnum`,`salenum`,`goods_collect`,`goods_goldnum`,`goods_isztc`,`goods_ztcstate`,`goods_ztcstartdate`,`goods_ztclastdate`,`group_flag`,`group_price`,`xianshi_flag`,`xianshi_discount`,`goods_transfee_charge`) VALUES('28','正品都市时尚女装假两件优雅针织衫【演示数据】','19','男女服装 &gt; 女装 &gt; 打底衫','10','1','2','1','100','a:2:{i:1;s:6:"颜色";i:2;s:6:"尺码";}','04fb225ea46bd1346f330400eedb7ef2.jpg_small.jpg','04fb225ea46bd1346f330400eedb7ef2.jpg_tiny.jpg,,,,','182.00','','','1','36','0','0','1322118024','','','<img src="upload/store/goods/2/04fb225ea46bd1346f330400eedb7ef2.jpg" />','a:3:{i:1;a:2:{s:4:"name";s:6:"款式";i:1;s:6:"长袖";}i:2;a:2:{s:4:"name";s:6:"材质";i:7;s:6:"纯棉";}i:3;a:2:{s:4:"name";s:6:"衣长";i:15;s:28:"中长款（衣长50-70CM）";}}','a:2:{i:1;a:3:{i:9;s:6:"黄色";i:10;s:6:"粉色";i:11;s:6:"桔色";}i:2;a:3:{i:15;s:1:"S";i:16;s:1:"M";i:17;s:1:"L";}}',NULL,'7','1361905659','1362510459','1',NULL,'0.00','0.00','0.00',NULL,NULL,NULL,'0','0','0','0','0','0','1','0',NULL,NULL,'0.00','0','0.00','1');
INSERT INTO `shopnc_goods` (`goods_id`,`goods_name`,`gc_id`,`gc_name`,`brand_id`,`type_id`,`store_id`,`spec_open`,`spec_id`,`spec_name`,`goods_image`,`goods_image_more`,`goods_store_price`,`goods_store_price_interval`,`goods_serial`,`goods_show`,`goods_click`,`goods_state`,`goods_commend`,`goods_add_time`,`goods_keywords`,`goods_description`,`goods_body`,`goods_attr`,`goods_spec`,`goods_col_img`,`goods_indate`,`goods_starttime`,`goods_endtime`,`goods_form`,`transport_id`,`py_price`,`kd_price`,`es_price`,`city_id`,`province_id`,`goods_close_reason`,`goods_store_state`,`commentnum`,`salenum`,`goods_collect`,`goods_goldnum`,`goods_isztc`,`goods_ztcstate`,`goods_ztcstartdate`,`goods_ztclastdate`,`group_flag`,`group_price`,`xianshi_flag`,`xianshi_discount`,`goods_transfee_charge`) VALUES('29','Truffles德菲丝松露巧克力果仁味400g【演示数据】','209','食品保健 &gt; 休闲零食 &gt; 糖果','0','0','2','0','33','N;','b3fa422271ee0e974af458a049ca7e77.jpg_small.jpg','b3fa422271ee0e974af458a049ca7e77.jpg_tiny.jpg,,,,','99.00','','','1','10','0','0','1322118201','','','<img src="upload/store/goods/2/33b3f4eb42b918357ba686119b4cc703.jpg" />','N;','N;',NULL,'7','1361905659','1362510459','1',NULL,'0.00','0.00','0.00',NULL,NULL,NULL,'0','0','0','0','0','0','1','0',NULL,NULL,'0.00','0','0.00','1');
INSERT INTO `shopnc_goods` (`goods_id`,`goods_name`,`gc_id`,`gc_name`,`brand_id`,`type_id`,`store_id`,`spec_open`,`spec_id`,`spec_name`,`goods_image`,`goods_image_more`,`goods_store_price`,`goods_store_price_interval`,`goods_serial`,`goods_show`,`goods_click`,`goods_state`,`goods_commend`,`goods_add_time`,`goods_keywords`,`goods_description`,`goods_body`,`goods_attr`,`goods_spec`,`goods_col_img`,`goods_indate`,`goods_starttime`,`goods_endtime`,`goods_form`,`transport_id`,`py_price`,`kd_price`,`es_price`,`city_id`,`province_id`,`goods_close_reason`,`goods_store_state`,`commentnum`,`salenum`,`goods_collect`,`goods_goldnum`,`goods_isztc`,`goods_ztcstate`,`goods_ztcstartdate`,`goods_ztclastdate`,`group_flag`,`group_price`,`xianshi_flag`,`xianshi_discount`,`goods_transfee_charge`) VALUES('30','燕之坊即冲粗粮豆米浆补气黑芝麻味单包28g【演示数据】','211','食品保健 &gt; 休闲零食 &gt; 饼干糕点','0','0','2','0','34','N;','984600f5e9d1a07163cbe01e7500ad11.jpg_small.jpg','984600f5e9d1a07163cbe01e7500ad11.jpg_tiny.jpg,,,,','1.00','','','1','5','0','0','1322118493','','','<img src="upload/store/goods/2/984600f5e9d1a07163cbe01e7500ad11.jpg" />','N;','N;',NULL,'7','1361905659','1362510459','1',NULL,'0.00','0.00','0.00',NULL,NULL,NULL,'0','0','0','0','0','0','1','0',NULL,NULL,'0.00','0','0.00','1');
INSERT INTO `shopnc_goods` (`goods_id`,`goods_name`,`gc_id`,`gc_name`,`brand_id`,`type_id`,`store_id`,`spec_open`,`spec_id`,`spec_name`,`goods_image`,`goods_image_more`,`goods_store_price`,`goods_store_price_interval`,`goods_serial`,`goods_show`,`goods_click`,`goods_state`,`goods_commend`,`goods_add_time`,`goods_keywords`,`goods_description`,`goods_body`,`goods_attr`,`goods_spec`,`goods_col_img`,`goods_indate`,`goods_starttime`,`goods_endtime`,`goods_form`,`transport_id`,`py_price`,`kd_price`,`es_price`,`city_id`,`province_id`,`goods_close_reason`,`goods_store_state`,`commentnum`,`salenum`,`goods_collect`,`goods_goldnum`,`goods_isztc`,`goods_ztcstate`,`goods_ztcstartdate`,`goods_ztclastdate`,`group_flag`,`group_price`,`xianshi_flag`,`xianshi_discount`,`goods_transfee_charge`) VALUES('31','新百伦正品 综合训练鞋 男式运动鞋【演示数据】','106','鞋包配饰 &gt; 男鞋 &gt; 秋季新款','12','2','2','1','140','a:2:{i:3;s:6:"鞋码";i:1;s:6:"颜色";}','6454bd0ebdc79d1a445242fd773ac00f.jpg_small.jpg','6454bd0ebdc79d1a445242fd773ac00f.jpg_tiny.jpg,8cc9076454b3d68475778e4c5b68813a.jpg_tiny.jpg,ce68bd3780a968a105834d850cc211cb.jpg_tiny.jpg,963260ffdc530dd871f817a99d38119d.jpg_tiny.jpg,e4ae4512e5d2477bfa5fb89669a0df03.jpg_tiny.jpg','249.00','','','1','4','0','0','1322118588','','','<p>
	<img src="upload/store/goods/2/118aaa62c6378b8f5d4355b4c3d89636.jpg" /><img src="upload/store/goods/2/8cc9076454b3d68475778e4c5b68813a.jpg" /><img src="upload/store/goods/2/6454bd0ebdc79d1a445242fd773ac00f.jpg" />
</p>
<p>
	<br />
</p>
<img src="upload/store/goods/2/ce68bd3780a968a105834d850cc211cb.jpg" />','N;','a:2:{i:3;a:4:{i:23;s:2:"35";i:24;s:2:"36";i:25;s:2:"37";i:26;s:2:"38";}i:1;a:1:{i:7;s:6:"蓝色";}}',NULL,'7','1361905659','1362510459','1',NULL,'0.00','0.00','0.00',NULL,NULL,NULL,'0','0','0','0','0','0','1','0',NULL,NULL,'0.00','0','0.00','1');
INSERT INTO `shopnc_goods` (`goods_id`,`goods_name`,`gc_id`,`gc_name`,`brand_id`,`type_id`,`store_id`,`spec_open`,`spec_id`,`spec_name`,`goods_image`,`goods_image_more`,`goods_store_price`,`goods_store_price_interval`,`goods_serial`,`goods_show`,`goods_click`,`goods_state`,`goods_commend`,`goods_add_time`,`goods_keywords`,`goods_description`,`goods_body`,`goods_attr`,`goods_spec`,`goods_col_img`,`goods_indate`,`goods_starttime`,`goods_endtime`,`goods_form`,`transport_id`,`py_price`,`kd_price`,`es_price`,`city_id`,`province_id`,`goods_close_reason`,`goods_store_state`,`commentnum`,`salenum`,`goods_collect`,`goods_goldnum`,`goods_isztc`,`goods_ztcstate`,`goods_ztcstartdate`,`goods_ztclastdate`,`group_flag`,`group_price`,`xianshi_flag`,`xianshi_discount`,`goods_transfee_charge`) VALUES('32','专柜正品 LINING 李宁 双肩包【演示数据】','100','鞋包配饰 &gt; 皮具箱包 &gt; 双肩包','8','3','2','0','37','a:1:{i:1;s:6:"颜色";}','356ef8679ef2c96d6bfe5f1035904233.jpg_small.jpg','356ef8679ef2c96d6bfe5f1035904233.jpg_tiny.jpg,a1dcb4e35fe2706532dfe75e9ae1f07e.jpg_tiny.jpg,d8a8e30ede885c06f9da26d8a75f311b.jpg_tiny.jpg,ae3906538ba6506934e9fa67fdbb7cb4.jpg_tiny.jpg,7117cae0707acea0dff351c727767416.jpg_tiny.jpg','179.00','','','1','7','0','0','1322118871','','','<img src="upload/store/goods/2/356ef8679ef2c96d6bfe5f1035904233.jpg" /><img src="upload/store/goods/2/a1dcb4e35fe2706532dfe75e9ae1f07e.jpg" /><img src="upload/store/goods/2/7117cae0707acea0dff351c727767416.jpg" /><img src="upload/store/goods/2/d8a8e30ede885c06f9da26d8a75f311b.jpg" /><img src="upload/store/goods/2/ae3906538ba6506934e9fa67fdbb7cb4.jpg" />','a:2:{i:4;a:2:{s:4:"name";s:6:"质地";i:0;s:0:"";}i:5;a:2:{s:4:"name";s:12:"箱包外形";i:0;s:0:"";}}','N;',NULL,'7','1361905659','1362510459','1',NULL,'0.00','0.00','0.00',NULL,NULL,NULL,'0','0','0','0','0','0','1','0',NULL,NULL,'0.00','0','0.00','1');
INSERT INTO `shopnc_goods` (`goods_id`,`goods_name`,`gc_id`,`gc_name`,`brand_id`,`type_id`,`store_id`,`spec_open`,`spec_id`,`spec_name`,`goods_image`,`goods_image_more`,`goods_store_price`,`goods_store_price_interval`,`goods_serial`,`goods_show`,`goods_click`,`goods_state`,`goods_commend`,`goods_add_time`,`goods_keywords`,`goods_description`,`goods_body`,`goods_attr`,`goods_spec`,`goods_col_img`,`goods_indate`,`goods_starttime`,`goods_endtime`,`goods_form`,`transport_id`,`py_price`,`kd_price`,`es_price`,`city_id`,`province_id`,`goods_close_reason`,`goods_store_state`,`commentnum`,`salenum`,`goods_collect`,`goods_goldnum`,`goods_isztc`,`goods_ztcstate`,`goods_ztcstartdate`,`goods_ztclastdate`,`group_flag`,`group_price`,`xianshi_flag`,`xianshi_discount`,`goods_transfee_charge`) VALUES('33','新疆特级哈密五堡大枣(500克)养颜滋补红枣 【演示数据】','222','食品保健 &gt; 蜜饯果脯 &gt; 梅类','0','0','2','0','38','N;','70cd400bc29f748ebde074e04f1ad081.jpeg_small.jpeg','70cd400bc29f748ebde074e04f1ad081.jpeg_tiny.jpeg,,,,','45.00','','','1','3','0','0','1322119041','','','<p>
	<br />
</p>
<p>
	<br />
</p>
<img src="upload/store/goods/2/18aecc7a09884fbf912914e3dddc9dc3.jpg" /><img src="upload/store/goods/2/70cd400bc29f748ebde074e04f1ad081.jpeg" />','N;','N;',NULL,'7','1361905659','1362510459','1',NULL,'0.00','0.00','0.00',NULL,NULL,NULL,'0','0','0','0','0','0','1','0',NULL,NULL,'0.00','0','0.00','1');
INSERT INTO `shopnc_goods` (`goods_id`,`goods_name`,`gc_id`,`gc_name`,`brand_id`,`type_id`,`store_id`,`spec_open`,`spec_id`,`spec_name`,`goods_image`,`goods_image_more`,`goods_store_price`,`goods_store_price_interval`,`goods_serial`,`goods_show`,`goods_click`,`goods_state`,`goods_commend`,`goods_add_time`,`goods_keywords`,`goods_description`,`goods_body`,`goods_attr`,`goods_spec`,`goods_col_img`,`goods_indate`,`goods_starttime`,`goods_endtime`,`goods_form`,`transport_id`,`py_price`,`kd_price`,`es_price`,`city_id`,`province_id`,`goods_close_reason`,`goods_store_state`,`commentnum`,`salenum`,`goods_collect`,`goods_goldnum`,`goods_isztc`,`goods_ztcstate`,`goods_ztcstartdate`,`goods_ztclastdate`,`group_flag`,`group_price`,`xianshi_flag`,`xianshi_discount`,`goods_transfee_charge`) VALUES('34','专柜正品 LINING 李宁 背包【演示数据】','100','鞋包配饰 &gt; 皮具箱包 &gt; 双肩包','8','3','2','0','39','a:1:{i:1;s:6:"颜色";}','9422982b8e62a7d5e0c48a79cd1828cb.jpg_small.jpg','9422982b8e62a7d5e0c48a79cd1828cb.jpg_tiny.jpg,6eef4e79cc1cdabbb067e88090b19554.jpg_tiny.jpg,496d409e03e72c047c207c7ec22394b6.jpg_tiny.jpg,1d71e5144f77c9cc6df27831262e2b12.jpg_tiny.jpg,c78affa09050a1862902173d57d96227.jpg_tiny.jpg','151.00','','','1','1','0','0','1322119073','','','<img src="upload/store/goods/2/436947317661618cae6cc4067eb32046.jpg" /><img src="upload/store/goods/2/1d71e5144f77c9cc6df27831262e2b12.jpg" /><img src="upload/store/goods/2/496d409e03e72c047c207c7ec22394b6.jpg" /><img src="upload/store/goods/2/9422982b8e62a7d5e0c48a79cd1828cb.jpg" />','a:2:{i:4;a:2:{s:4:"name";s:6:"质地";i:0;s:0:"";}i:5;a:2:{s:4:"name";s:12:"箱包外形";i:0;s:0:"";}}','N;',NULL,'7','1361905659','1362510459','1',NULL,'0.00','0.00','0.00',NULL,NULL,NULL,'0','0','0','0','0','0','1','0',NULL,NULL,'0.00','0','0.00','1');
INSERT INTO `shopnc_goods` (`goods_id`,`goods_name`,`gc_id`,`gc_name`,`brand_id`,`type_id`,`store_id`,`spec_open`,`spec_id`,`spec_name`,`goods_image`,`goods_image_more`,`goods_store_price`,`goods_store_price_interval`,`goods_serial`,`goods_show`,`goods_click`,`goods_state`,`goods_commend`,`goods_add_time`,`goods_keywords`,`goods_description`,`goods_body`,`goods_attr`,`goods_spec`,`goods_col_img`,`goods_indate`,`goods_starttime`,`goods_endtime`,`goods_form`,`transport_id`,`py_price`,`kd_price`,`es_price`,`city_id`,`province_id`,`goods_close_reason`,`goods_store_state`,`commentnum`,`salenum`,`goods_collect`,`goods_goldnum`,`goods_isztc`,`goods_ztcstate`,`goods_ztcstartdate`,`goods_ztclastdate`,`group_flag`,`group_price`,`xianshi_flag`,`xianshi_discount`,`goods_transfee_charge`) VALUES('35','2011新款秋冬季时尚韩版包包专柜正品帆布包【演示数据】','96','鞋包配饰 &gt; 皮具箱包 &gt; 单肩包','0','3','2','1','109','a:1:{i:1;s:6:"颜色";}','4b42fbccd271020c5d430090fa93bdf3.jpg_small.jpg','4b42fbccd271020c5d430090fa93bdf3.jpg_tiny.jpg,53627d8fd87e695f1408f7ac12f29cac.jpg_tiny.jpg,99ec3e7d533a2e8341444de4bb7f20ff.jpg_tiny.jpg,c82b0fb1e16f066387a97f0fa5095fef.jpg_tiny.jpg,','46.00','','','1','3','0','0','1322119349','','','<img src="upload/store/goods/2/c82b0fb1e16f066387a97f0fa5095fef.jpg" /><img src="upload/store/goods/2/4b42fbccd271020c5d430090fa93bdf3.jpg" /><img src="upload/store/goods/2/53627d8fd87e695f1408f7ac12f29cac.jpg" /><img src="upload/store/goods/2/99ec3e7d533a2e8341444de4bb7f20ff.jpg" />','a:2:{i:4;a:2:{s:4:"name";s:6:"质地";i:0;s:0:"";}i:5;a:2:{s:4:"name";s:12:"箱包外形";i:0;s:0:"";}}','a:1:{i:1;a:1:{i:4;s:6:"红色";}}',NULL,'7','1361905659','1362510459','1',NULL,'0.00','0.00','0.00',NULL,NULL,NULL,'0','0','0','0','0','0','1','0',NULL,NULL,'0.00','0','0.00','1');
INSERT INTO `shopnc_goods` (`goods_id`,`goods_name`,`gc_id`,`gc_name`,`brand_id`,`type_id`,`store_id`,`spec_open`,`spec_id`,`spec_name`,`goods_image`,`goods_image_more`,`goods_store_price`,`goods_store_price_interval`,`goods_serial`,`goods_show`,`goods_click`,`goods_state`,`goods_commend`,`goods_add_time`,`goods_keywords`,`goods_description`,`goods_body`,`goods_attr`,`goods_spec`,`goods_col_img`,`goods_indate`,`goods_starttime`,`goods_endtime`,`goods_form`,`transport_id`,`py_price`,`kd_price`,`es_price`,`city_id`,`province_id`,`goods_close_reason`,`goods_store_state`,`commentnum`,`salenum`,`goods_collect`,`goods_goldnum`,`goods_isztc`,`goods_ztcstate`,`goods_ztcstartdate`,`goods_ztclastdate`,`group_flag`,`group_price`,`xianshi_flag`,`xianshi_discount`,`goods_transfee_charge`) VALUES('36','特价耐克 NIKE 正品 滑板鞋 女式运动鞋【演示数据】','108','鞋包配饰 &gt; 男鞋 &gt; 舒适男鞋','1','2','2','1','135','a:2:{i:3;s:6:"鞋码";i:1;s:6:"颜色";}','949ae7c1258a2de4ea2886ad4cb37bd0.jpg_small.jpg','949ae7c1258a2de4ea2886ad4cb37bd0.jpg_tiny.jpg,e391bfb2e3e07a8a0da9bcea3c6d495f.jpg_tiny.jpg,c6a8e1b002eb31b95a8a89b961660d25.jpg_tiny.jpg,569824668b45539cc9636f64a9ff0c72.jpg_tiny.jpg,3a60eb598a08530ca7702b00cacdff2d.jpg_tiny.jpg','268.00','','','1','2','0','0','1322119630','','','<img src="upload/store/goods/2/6565b39799e1b811813300a60f6eca13.jpg" /><img src="upload/store/goods/2/949ae7c1258a2de4ea2886ad4cb37bd0.jpg" /><img src="upload/store/goods/2/e391bfb2e3e07a8a0da9bcea3c6d495f.jpg" /><img src="upload/store/goods/2/c6a8e1b002eb31b95a8a89b961660d25.jpg" /><img src="upload/store/goods/2/569824668b45539cc9636f64a9ff0c72.jpg" />','N;','a:2:{i:3;a:5:{i:24;s:2:"36";i:25;s:2:"37";i:26;s:2:"38";i:27;s:2:"39";i:28;s:2:"40";}i:1;a:1:{i:4;s:6:"红色";}}',NULL,'7','1361905659','1362510459','1',NULL,'0.00','0.00','0.00',NULL,NULL,NULL,'0','0','0','0','0','0','1','0',NULL,NULL,'0.00','0','0.00','1');
INSERT INTO `shopnc_goods` (`goods_id`,`goods_name`,`gc_id`,`gc_name`,`brand_id`,`type_id`,`store_id`,`spec_open`,`spec_id`,`spec_name`,`goods_image`,`goods_image_more`,`goods_store_price`,`goods_store_price_interval`,`goods_serial`,`goods_show`,`goods_click`,`goods_state`,`goods_commend`,`goods_add_time`,`goods_keywords`,`goods_description`,`goods_body`,`goods_attr`,`goods_spec`,`goods_col_img`,`goods_indate`,`goods_starttime`,`goods_endtime`,`goods_form`,`transport_id`,`py_price`,`kd_price`,`es_price`,`city_id`,`province_id`,`goods_close_reason`,`goods_store_state`,`commentnum`,`salenum`,`goods_collect`,`goods_goldnum`,`goods_isztc`,`goods_ztcstate`,`goods_ztcstartdate`,`goods_ztclastdate`,`group_flag`,`group_price`,`xianshi_flag`,`xianshi_discount`,`goods_transfee_charge`) VALUES('38','御白3件套/面部护肤套装 美白保湿去黄气/暗沉肌【演示数据】','139','美容美妆 &gt; 护肤 &gt; 面霜/乳液','0','0','2','0','43','N;','16ad561a77804f7c76b03462d852f5ef.jpg_small.jpg','16ad561a77804f7c76b03462d852f5ef.jpg_tiny.jpg,1a4bd0a2447d76b9494e4c5e22f184ea.jpg_tiny.jpg,,,','119.00','','HJHJK','1','8','0','0','1322121940','','','<img src="upload/store/goods/2/16ad561a77804f7c76b03462d852f5ef.jpg" /><img src="upload/store/goods/2/1a4bd0a2447d76b9494e4c5e22f184ea.jpg" />','N;','N;',NULL,'7','1361905659','1362510459','1',NULL,'0.00','0.00','0.00',NULL,NULL,NULL,'0','0','0','0','0','0','1','0',NULL,NULL,'0.00','0','0.00','1');
INSERT INTO `shopnc_goods` (`goods_id`,`goods_name`,`gc_id`,`gc_name`,`brand_id`,`type_id`,`store_id`,`spec_open`,`spec_id`,`spec_name`,`goods_image`,`goods_image_more`,`goods_store_price`,`goods_store_price_interval`,`goods_serial`,`goods_show`,`goods_click`,`goods_state`,`goods_commend`,`goods_add_time`,`goods_keywords`,`goods_description`,`goods_body`,`goods_attr`,`goods_spec`,`goods_col_img`,`goods_indate`,`goods_starttime`,`goods_endtime`,`goods_form`,`transport_id`,`py_price`,`kd_price`,`es_price`,`city_id`,`province_id`,`goods_close_reason`,`goods_store_state`,`commentnum`,`salenum`,`goods_collect`,`goods_goldnum`,`goods_isztc`,`goods_ztcstate`,`goods_ztcstartdate`,`goods_ztclastdate`,`group_flag`,`group_price`,`xianshi_flag`,`xianshi_discount`,`goods_transfee_charge`) VALUES('41','金致润白弹力精华胶囊 美白保湿补水抗氧化抗衰老【演示数据】','140','美容美妆 &gt; 护肤 &gt; 护肤套装','0','0','2','0','46','N;','fdde88fceb45f66e35d9da05b23e3e40.jpg_small.jpg','fdde88fceb45f66e35d9da05b23e3e40.jpg_tiny.jpg,69f3110840b378769b0cf87b8fa38bea.jpg_tiny.jpg,,,','358.00','','JKLKJ2','1','10','0','0','1322123179','','','<img src="upload/store/goods/2/fdde88fceb45f66e35d9da05b23e3e40.jpg" /><img src="upload/store/goods/2/69f3110840b378769b0cf87b8fa38bea.jpg" />','N;','N;',NULL,'7','1361905659','1362510459','1',NULL,'0.00','0.00','0.00',NULL,NULL,NULL,'0','0','0','0','0','0','1','0',NULL,NULL,'0.00','0','0.00','1');
INSERT INTO `shopnc_goods` (`goods_id`,`goods_name`,`gc_id`,`gc_name`,`brand_id`,`type_id`,`store_id`,`spec_open`,`spec_id`,`spec_name`,`goods_image`,`goods_image_more`,`goods_store_price`,`goods_store_price_interval`,`goods_serial`,`goods_show`,`goods_click`,`goods_state`,`goods_commend`,`goods_add_time`,`goods_keywords`,`goods_description`,`goods_body`,`goods_attr`,`goods_spec`,`goods_col_img`,`goods_indate`,`goods_starttime`,`goods_endtime`,`goods_form`,`transport_id`,`py_price`,`kd_price`,`es_price`,`city_id`,`province_id`,`goods_close_reason`,`goods_store_state`,`commentnum`,`salenum`,`goods_collect`,`goods_goldnum`,`goods_isztc`,`goods_ztcstate`,`goods_ztcstartdate`,`goods_ztclastdate`,`group_flag`,`group_price`,`xianshi_flag`,`xianshi_discount`,`goods_transfee_charge`) VALUES('37','专柜正品套装 补水保湿三件套【演示数据】','139','美容美妆 &gt; 护肤 &gt; 面霜/乳液','0','0','2','0','42','N;','4acea7994dd3fe86d93ae19698831b92.jpg_small.jpg','4acea7994dd3fe86d93ae19698831b92.jpg_tiny.jpg,a0db986da7b7a2dc7e4cfb4b65692cbc.jpg_tiny.jpg,b9ddc65e07934b70196f4e8deac7aa5e.jpg_tiny.jpg,,','99.00','','JHYUGG','1','4','0','0','1322121424','','','<img src="upload/store/goods/2/a0db986da7b7a2dc7e4cfb4b65692cbc.jpg" /><img src="upload/store/goods/2/4acea7994dd3fe86d93ae19698831b92.jpg" /><img src="upload/store/goods/2/b9ddc65e07934b70196f4e8deac7aa5e.jpg" />','N;','N;',NULL,'7','1361905659','1362510459','1',NULL,'0.00','0.00','0.00',NULL,NULL,NULL,'0','0','0','0','0','0','1','0',NULL,NULL,'0.00','0','0.00','1');
INSERT INTO `shopnc_goods` (`goods_id`,`goods_name`,`gc_id`,`gc_name`,`brand_id`,`type_id`,`store_id`,`spec_open`,`spec_id`,`spec_name`,`goods_image`,`goods_image_more`,`goods_store_price`,`goods_store_price_interval`,`goods_serial`,`goods_show`,`goods_click`,`goods_state`,`goods_commend`,`goods_add_time`,`goods_keywords`,`goods_description`,`goods_body`,`goods_attr`,`goods_spec`,`goods_col_img`,`goods_indate`,`goods_starttime`,`goods_endtime`,`goods_form`,`transport_id`,`py_price`,`kd_price`,`es_price`,`city_id`,`province_id`,`goods_close_reason`,`goods_store_state`,`commentnum`,`salenum`,`goods_collect`,`goods_goldnum`,`goods_isztc`,`goods_ztcstate`,`goods_ztcstartdate`,`goods_ztclastdate`,`group_flag`,`group_price`,`xianshi_flag`,`xianshi_discount`,`goods_transfee_charge`) VALUES('43','清爽型BB霜裸妆/倍润保湿爽肤水控油收缩毛孔【演示数据】','138','美容美妆 &gt; 护肤 &gt; 爽肤水','0','0','2','0','48','N;','34af6ee1bf0d5e8e51abb5c3f3022544.jpg_small.jpg','34af6ee1bf0d5e8e51abb5c3f3022544.jpg_tiny.jpg,,,,','114.00','','JKUIHJH','1','29','0','0','1322124166','','','<img src="upload/store/goods/2/34af6ee1bf0d5e8e51abb5c3f3022544.jpg" />','N;','N;',NULL,'7','1361905659','1362510459','1',NULL,'0.00','0.00','0.00',NULL,NULL,NULL,'0','0','0','0','0','0','1','0',NULL,NULL,'0.00','0','0.00','1');
INSERT INTO `shopnc_goods` (`goods_id`,`goods_name`,`gc_id`,`gc_name`,`brand_id`,`type_id`,`store_id`,`spec_open`,`spec_id`,`spec_name`,`goods_image`,`goods_image_more`,`goods_store_price`,`goods_store_price_interval`,`goods_serial`,`goods_show`,`goods_click`,`goods_state`,`goods_commend`,`goods_add_time`,`goods_keywords`,`goods_description`,`goods_body`,`goods_attr`,`goods_spec`,`goods_col_img`,`goods_indate`,`goods_starttime`,`goods_endtime`,`goods_form`,`transport_id`,`py_price`,`kd_price`,`es_price`,`city_id`,`province_id`,`goods_close_reason`,`goods_store_state`,`commentnum`,`salenum`,`goods_collect`,`goods_goldnum`,`goods_isztc`,`goods_ztcstate`,`goods_ztcstartdate`,`goods_ztclastdate`,`group_flag`,`group_price`,`xianshi_flag`,`xianshi_discount`,`goods_transfee_charge`) VALUES('44','茶盐柔润护手霜50ml 防水 滋润保湿美白【演示数据】','140','美容美妆 &gt; 护肤 &gt; 护肤套装','0','0','2','0','49','N;','84fcb7c4a35bd01af150ca5c0e068374.jpg_small.jpg','84fcb7c4a35bd01af150ca5c0e068374.jpg_tiny.jpg,,,,','32.00','','MJHGGJ','1','7','0','0','1322124415','','','<img src="upload/store/goods/2/84fcb7c4a35bd01af150ca5c0e068374.jpg" />','N;','N;',NULL,'7','1361905659','1362510459','1',NULL,'0.00','0.00','0.00',NULL,NULL,NULL,'0','0','0','0','0','0','1','0',NULL,NULL,'0.00','0','0.00','1');
INSERT INTO `shopnc_goods` (`goods_id`,`goods_name`,`gc_id`,`gc_name`,`brand_id`,`type_id`,`store_id`,`spec_open`,`spec_id`,`spec_name`,`goods_image`,`goods_image_more`,`goods_store_price`,`goods_store_price_interval`,`goods_serial`,`goods_show`,`goods_click`,`goods_state`,`goods_commend`,`goods_add_time`,`goods_keywords`,`goods_description`,`goods_body`,`goods_attr`,`goods_spec`,`goods_col_img`,`goods_indate`,`goods_starttime`,`goods_endtime`,`goods_form`,`transport_id`,`py_price`,`kd_price`,`es_price`,`city_id`,`province_id`,`goods_close_reason`,`goods_store_state`,`commentnum`,`salenum`,`goods_collect`,`goods_goldnum`,`goods_isztc`,`goods_ztcstate`,`goods_ztcstartdate`,`goods_ztclastdate`,`group_flag`,`group_price`,`xianshi_flag`,`xianshi_discount`,`goods_transfee_charge`) VALUES('45','好孩子仿真乳感宽口径厚实玻璃奶瓶250ml 【演示数据】','236','母婴用品 &gt; 婴幼用品 &gt; 奶瓶','0','0','2','0','50','N;','c7965d058c459e663f567f7cadb827f9.jpg_small.jpg','c7965d058c459e663f567f7cadb827f9.jpg_tiny.jpg,,,,','45.00','','SJHJA','1','3','0','0','1322124542','','','<img src="upload/store/goods/2/c7965d058c459e663f567f7cadb827f9.jpg" />','N;','N;',NULL,'7','1361905659','1362510459','1',NULL,'0.00','0.00','0.00',NULL,NULL,NULL,'0','0','0','0','0','0','1','0',NULL,NULL,'0.00','0','0.00','1');
INSERT INTO `shopnc_goods` (`goods_id`,`goods_name`,`gc_id`,`gc_name`,`brand_id`,`type_id`,`store_id`,`spec_open`,`spec_id`,`spec_name`,`goods_image`,`goods_image_more`,`goods_store_price`,`goods_store_price_interval`,`goods_serial`,`goods_show`,`goods_click`,`goods_state`,`goods_commend`,`goods_add_time`,`goods_keywords`,`goods_description`,`goods_body`,`goods_attr`,`goods_spec`,`goods_col_img`,`goods_indate`,`goods_starttime`,`goods_endtime`,`goods_form`,`transport_id`,`py_price`,`kd_price`,`es_price`,`city_id`,`province_id`,`goods_close_reason`,`goods_store_state`,`commentnum`,`salenum`,`goods_collect`,`goods_goldnum`,`goods_isztc`,`goods_ztcstate`,`goods_ztcstartdate`,`goods_ztclastdate`,`group_flag`,`group_price`,`xianshi_flag`,`xianshi_discount`,`goods_transfee_charge`) VALUES('46','10安士/300ml PP宽口大容量奶瓶 【演示数据】','236','母婴用品 &gt; 婴幼用品 &gt; 奶瓶','0','0','2','0','51','N;','f83455c1f08937dd1a8f57f8d1211dea.jpg_small.jpg','f83455c1f08937dd1a8f57f8d1211dea.jpg_tiny.jpg,,,,','66.00','','DJDJKA','1','2','0','0','1322124750','','','<img src="upload/store/goods/2/f83455c1f08937dd1a8f57f8d1211dea.jpg" />','N;','N;',NULL,'7','1361905659','1362510459','1',NULL,'0.00','0.00','0.00',NULL,NULL,NULL,'0','0','0','0','0','0','1','0',NULL,NULL,'0.00','0','0.00','1');
INSERT INTO `shopnc_goods` (`goods_id`,`goods_name`,`gc_id`,`gc_name`,`brand_id`,`type_id`,`store_id`,`spec_open`,`spec_id`,`spec_name`,`goods_image`,`goods_image_more`,`goods_store_price`,`goods_store_price_interval`,`goods_serial`,`goods_show`,`goods_click`,`goods_state`,`goods_commend`,`goods_add_time`,`goods_keywords`,`goods_description`,`goods_body`,`goods_attr`,`goods_spec`,`goods_col_img`,`goods_indate`,`goods_starttime`,`goods_endtime`,`goods_form`,`transport_id`,`py_price`,`kd_price`,`es_price`,`city_id`,`province_id`,`goods_close_reason`,`goods_store_state`,`commentnum`,`salenum`,`goods_collect`,`goods_goldnum`,`goods_isztc`,`goods_ztcstate`,`goods_ztcstartdate`,`goods_ztclastdate`,`group_flag`,`group_price`,`xianshi_flag`,`xianshi_discount`,`goods_transfee_charge`) VALUES('47','补水修颜2件套 深层补水保湿 美白修颜【演示数据】','140','美容美妆 &gt; 护肤 &gt; 护肤套装','0','0','2','0','52','N;','f047591bb2eb594d94849d08a652e184.jpg_small.jpg','f047591bb2eb594d94849d08a652e184.jpg_tiny.jpg,,,,','74.00','','MJJHJJ','1','2','0','0','1322124819','','','<img src="upload/store/goods/2/f047591bb2eb594d94849d08a652e184.jpg" />','N;','N;',NULL,'7','1361905659','1362510459','1',NULL,'0.00','0.00','0.00',NULL,NULL,NULL,'0','0','0','0','0','0','1','0',NULL,NULL,'0.00','0','0.00','1');
INSERT INTO `shopnc_goods` (`goods_id`,`goods_name`,`gc_id`,`gc_name`,`brand_id`,`type_id`,`store_id`,`spec_open`,`spec_id`,`spec_name`,`goods_image`,`goods_image_more`,`goods_store_price`,`goods_store_price_interval`,`goods_serial`,`goods_show`,`goods_click`,`goods_state`,`goods_commend`,`goods_add_time`,`goods_keywords`,`goods_description`,`goods_body`,`goods_attr`,`goods_spec`,`goods_col_img`,`goods_indate`,`goods_starttime`,`goods_endtime`,`goods_form`,`transport_id`,`py_price`,`kd_price`,`es_price`,`city_id`,`province_id`,`goods_close_reason`,`goods_store_state`,`commentnum`,`salenum`,`goods_collect`,`goods_goldnum`,`goods_isztc`,`goods_ztcstate`,`goods_ztcstartdate`,`goods_ztclastdate`,`group_flag`,`group_price`,`xianshi_flag`,`xianshi_discount`,`goods_transfee_charge`) VALUES('48','布朗博士 奶瓶刷 【演示数据】','243','母婴用品 &gt; 婴幼用品 &gt; 衣物清洗','0','0','2','0','53','N;','ac241afe1d3741879f113f8070798056.jpg_small.jpg','ac241afe1d3741879f113f8070798056.jpg_tiny.jpg,,,,','30.00','','SHJHJ','1','3','0','0','1322124850','','','<img src="upload/store/goods/2/ac241afe1d3741879f113f8070798056.jpg" />','N;','N;',NULL,'7','1361905659','1362510459','1',NULL,'0.00','0.00','0.00',NULL,NULL,NULL,'0','0','0','0','0','0','1','0',NULL,NULL,'0.00','0','0.00','1');
INSERT INTO `shopnc_goods` (`goods_id`,`goods_name`,`gc_id`,`gc_name`,`brand_id`,`type_id`,`store_id`,`spec_open`,`spec_id`,`spec_name`,`goods_image`,`goods_image_more`,`goods_store_price`,`goods_store_price_interval`,`goods_serial`,`goods_show`,`goods_click`,`goods_state`,`goods_commend`,`goods_add_time`,`goods_keywords`,`goods_description`,`goods_body`,`goods_attr`,`goods_spec`,`goods_col_img`,`goods_indate`,`goods_starttime`,`goods_endtime`,`goods_form`,`transport_id`,`py_price`,`kd_price`,`es_price`,`city_id`,`province_id`,`goods_close_reason`,`goods_store_state`,`commentnum`,`salenum`,`goods_collect`,`goods_goldnum`,`goods_isztc`,`goods_ztcstate`,`goods_ztcstartdate`,`goods_ztclastdate`,`group_flag`,`group_price`,`xianshi_flag`,`xianshi_discount`,`goods_transfee_charge`) VALUES('49','无暇矿物精华BB霜精华胶囊 尊贵包材享优惠价格【演示数据】','136','美容美妆 &gt; 护肤 &gt; 面膜','0','0','2','0','54','N;','4148eb0114cca80333da1f6924856bba.jpg_small.jpg','4148eb0114cca80333da1f6924856bba.jpg_tiny.jpg,,,,','8.00','','NMMNA','1','12','0','0','1322124938','','','<img src="upload/store/goods/2/4148eb0114cca80333da1f6924856bba.jpg" />','N;','N;',NULL,'7','1361905659','1362510459','1',NULL,'0.00','0.00','0.00',NULL,NULL,NULL,'0','0','0','0','0','0','1','0',NULL,NULL,'0.00','0','0.00','1');
INSERT INTO `shopnc_goods` (`goods_id`,`goods_name`,`gc_id`,`gc_name`,`brand_id`,`type_id`,`store_id`,`spec_open`,`spec_id`,`spec_name`,`goods_image`,`goods_image_more`,`goods_store_price`,`goods_store_price_interval`,`goods_serial`,`goods_show`,`goods_click`,`goods_state`,`goods_commend`,`goods_add_time`,`goods_keywords`,`goods_description`,`goods_body`,`goods_attr`,`goods_spec`,`goods_col_img`,`goods_indate`,`goods_starttime`,`goods_endtime`,`goods_form`,`transport_id`,`py_price`,`kd_price`,`es_price`,`city_id`,`province_id`,`goods_close_reason`,`goods_store_state`,`commentnum`,`salenum`,`goods_collect`,`goods_goldnum`,`goods_isztc`,`goods_ztcstate`,`goods_ztcstartdate`,`goods_ztclastdate`,`group_flag`,`group_price`,`xianshi_flag`,`xianshi_discount`,`goods_transfee_charge`) VALUES('50','初生婴儿玻璃标准套装奶瓶2只装 原装进口 【演示数据】','236','母婴用品 &gt; 婴幼用品 &gt; 奶瓶','0','0','2','0','55','N;','e8c60f1c1094163a797ea34ebc3c023e.jpg_small.jpg','e8c60f1c1094163a797ea34ebc3c023e.jpg_tiny.jpg,,,,','156.00','','FDHJS','1','6','0','0','1322124956','','','<img src="upload/store/goods/2/e8c60f1c1094163a797ea34ebc3c023e.jpg" />','N;','N;',NULL,'7','1361905659','1362510459','1',NULL,'0.00','0.00','0.00',NULL,NULL,NULL,'0','0','0','0','0','0','1','0',NULL,NULL,'0.00','0','0.00','1');
INSERT INTO `shopnc_goods` (`goods_id`,`goods_name`,`gc_id`,`gc_name`,`brand_id`,`type_id`,`store_id`,`spec_open`,`spec_id`,`spec_name`,`goods_image`,`goods_image_more`,`goods_store_price`,`goods_store_price_interval`,`goods_serial`,`goods_show`,`goods_click`,`goods_state`,`goods_commend`,`goods_add_time`,`goods_keywords`,`goods_description`,`goods_body`,`goods_attr`,`goods_spec`,`goods_col_img`,`goods_indate`,`goods_starttime`,`goods_endtime`,`goods_form`,`transport_id`,`py_price`,`kd_price`,`es_price`,`city_id`,`province_id`,`goods_close_reason`,`goods_store_state`,`commentnum`,`salenum`,`goods_collect`,`goods_goldnum`,`goods_isztc`,`goods_ztcstate`,`goods_ztcstartdate`,`goods_ztclastdate`,`group_flag`,`group_price`,`xianshi_flag`,`xianshi_discount`,`goods_transfee_charge`) VALUES('51','布朗博士流量2标准硅胶奶嘴（2个吸塑装） 【演示数据】','236','母婴用品 &gt; 婴幼用品 &gt; 奶瓶','0','0','2','0','56','N;','daffe84d5bc5d920b2275f84e37c5d2b.jpg_small.jpg','daffe84d5bc5d920b2275f84e37c5d2b.jpg_tiny.jpg,,,,','20.00','','WGHJHJ','1','1','0','0','1322125083','','','<img src="upload/store/goods/2/daffe84d5bc5d920b2275f84e37c5d2b.jpg" />','N;','N;',NULL,'7','1361905659','1362510459','1',NULL,'0.00','0.00','0.00',NULL,NULL,NULL,'0','0','0','0','0','0','1','0',NULL,NULL,'0.00','0','0.00','1');
INSERT INTO `shopnc_goods` (`goods_id`,`goods_name`,`gc_id`,`gc_name`,`brand_id`,`type_id`,`store_id`,`spec_open`,`spec_id`,`spec_name`,`goods_image`,`goods_image_more`,`goods_store_price`,`goods_store_price_interval`,`goods_serial`,`goods_show`,`goods_click`,`goods_state`,`goods_commend`,`goods_add_time`,`goods_keywords`,`goods_description`,`goods_body`,`goods_attr`,`goods_spec`,`goods_col_img`,`goods_indate`,`goods_starttime`,`goods_endtime`,`goods_form`,`transport_id`,`py_price`,`kd_price`,`es_price`,`city_id`,`province_id`,`goods_close_reason`,`goods_store_state`,`commentnum`,`salenum`,`goods_collect`,`goods_goldnum`,`goods_isztc`,`goods_ztcstate`,`goods_ztcstartdate`,`goods_ztclastdate`,`group_flag`,`group_price`,`xianshi_flag`,`xianshi_discount`,`goods_transfee_charge`) VALUES('52','LINING 李宁服装 男圆领短袖T恤【演示数据】','305','运动户外 &gt; 运动服包 &gt; 运动POLO','8','0','2','1','186','N;','60ade3674d042f47b1bce40ae42df2c8.jpg_small.jpg','60ade3674d042f47b1bce40ae42df2c8.jpg_tiny.jpg,b9acf401ab3ab0b888316279d7f28ebf.jpg_tiny.jpg,deeda5e5e9ffeaca7c824d5c9087a84e.jpg_tiny.jpg,3ae7d54d7e6d29e54e38150c51acbc05.jpg_tiny.jpg,','99.00','','','1','0','0','0','1322125389','','','<img src="upload/store/goods/2/b9acf401ab3ab0b888316279d7f28ebf.jpg" /><img src="upload/store/goods/2/deeda5e5e9ffeaca7c824d5c9087a84e.jpg" /><img src="upload/store/goods/2/3ae7d54d7e6d29e54e38150c51acbc05.jpg" />','N;','N;',NULL,'7','1361905659','1362510459','1',NULL,'0.00','0.00','0.00',NULL,NULL,NULL,'0','0','0','0','0','0','1','0',NULL,NULL,'0.00','0','0.00','1');
INSERT INTO `shopnc_goods` (`goods_id`,`goods_name`,`gc_id`,`gc_name`,`brand_id`,`type_id`,`store_id`,`spec_open`,`spec_id`,`spec_name`,`goods_image`,`goods_image_more`,`goods_store_price`,`goods_store_price_interval`,`goods_serial`,`goods_show`,`goods_click`,`goods_state`,`goods_commend`,`goods_add_time`,`goods_keywords`,`goods_description`,`goods_body`,`goods_attr`,`goods_spec`,`goods_col_img`,`goods_indate`,`goods_starttime`,`goods_endtime`,`goods_form`,`transport_id`,`py_price`,`kd_price`,`es_price`,`city_id`,`province_id`,`goods_close_reason`,`goods_store_state`,`commentnum`,`salenum`,`goods_collect`,`goods_goldnum`,`goods_isztc`,`goods_ztcstate`,`goods_ztcstartdate`,`goods_ztclastdate`,`group_flag`,`group_price`,`xianshi_flag`,`xianshi_discount`,`goods_transfee_charge`) VALUES('53','布朗博士 清洁毛刷/导气管刷  【演示数据】','236','母婴用品 &gt; 婴幼用品 &gt; 奶瓶','0','0','2','0','58','N;','ee9489a41d83516edb7a83c58423bed3.jpg_small.jpg','ee9489a41d83516edb7a83c58423bed3.jpg_tiny.jpg,,,,','9.00','','HJDHJ','1','3','0','0','1322125420','','','<img src="upload/store/goods/2/ee9489a41d83516edb7a83c58423bed3.jpg" />','N;','N;',NULL,'7','1361905659','1362510459','1',NULL,'0.00','0.00','0.00',NULL,NULL,NULL,'0','0','0','0','0','0','1','0',NULL,NULL,'0.00','0','0.00','1');
INSERT INTO `shopnc_goods` (`goods_id`,`goods_name`,`gc_id`,`gc_name`,`brand_id`,`type_id`,`store_id`,`spec_open`,`spec_id`,`spec_name`,`goods_image`,`goods_image_more`,`goods_store_price`,`goods_store_price_interval`,`goods_serial`,`goods_show`,`goods_click`,`goods_state`,`goods_commend`,`goods_add_time`,`goods_keywords`,`goods_description`,`goods_body`,`goods_attr`,`goods_spec`,`goods_col_img`,`goods_indate`,`goods_starttime`,`goods_endtime`,`goods_form`,`transport_id`,`py_price`,`kd_price`,`es_price`,`city_id`,`province_id`,`goods_close_reason`,`goods_store_state`,`commentnum`,`salenum`,`goods_collect`,`goods_goldnum`,`goods_isztc`,`goods_ztcstate`,`goods_ztcstartdate`,`goods_ztclastdate`,`group_flag`,`group_price`,`xianshi_flag`,`xianshi_discount`,`goods_transfee_charge`) VALUES('54','布朗博士 PreVent安抚奶嘴(0~6个月) 【演示数据】','236','母婴用品 &gt; 婴幼用品 &gt; 奶瓶','0','0','2','0','59','N;','e654670072765b2772ca0f40b23ba7f8.jpg_small.jpg','e654670072765b2772ca0f40b23ba7f8.jpg_tiny.jpg,,,,','46.00','','SGHJHS','1','2','0','0','1322125520','','','<img src="upload/store/goods/2/e654670072765b2772ca0f40b23ba7f8.jpg" />','N;','N;',NULL,'7','1361905659','1362510459','1',NULL,'0.00','0.00','0.00',NULL,NULL,NULL,'0','0','0','0','0','0','1','0',NULL,NULL,'0.00','0','0.00','1');
INSERT INTO `shopnc_goods` (`goods_id`,`goods_name`,`gc_id`,`gc_name`,`brand_id`,`type_id`,`store_id`,`spec_open`,`spec_id`,`spec_name`,`goods_image`,`goods_image_more`,`goods_store_price`,`goods_store_price_interval`,`goods_serial`,`goods_show`,`goods_click`,`goods_state`,`goods_commend`,`goods_add_time`,`goods_keywords`,`goods_description`,`goods_body`,`goods_attr`,`goods_spec`,`goods_col_img`,`goods_indate`,`goods_starttime`,`goods_endtime`,`goods_form`,`transport_id`,`py_price`,`kd_price`,`es_price`,`city_id`,`province_id`,`goods_close_reason`,`goods_store_state`,`commentnum`,`salenum`,`goods_collect`,`goods_goldnum`,`goods_isztc`,`goods_ztcstate`,`goods_ztcstartdate`,`goods_ztclastdate`,`group_flag`,`group_price`,`xianshi_flag`,`xianshi_discount`,`goods_transfee_charge`) VALUES('55','李宁服装 男短袖翻领Polo衫【演示数据】','305','运动户外 &gt; 运动服包 &gt; 运动POLO','8','0','2','0','60','N;','9cefcbe37e9c0d4f488e1b8bde91d2ba.jpg_small.jpg','9cefcbe37e9c0d4f488e1b8bde91d2ba.jpg_tiny.jpg,9d2bcb0b593ba64e7cbf457e2eaa4ec2.jpg_tiny.jpg,5f191a69ea4ee180a1c7d1d1a6def05e.jpg_tiny.jpg,d415f4459e2c3ac6931ebb90800820fb.jpg_tiny.jpg,','99.00','','','1','4','0','0','1322125654','','','<img src="upload/store/goods/2/9cefcbe37e9c0d4f488e1b8bde91d2ba.jpg" /><img src="upload/store/goods/2/d415f4459e2c3ac6931ebb90800820fb.jpg" /><img src="upload/store/goods/2/5f191a69ea4ee180a1c7d1d1a6def05e.jpg" /><img src="upload/store/goods/2/9d2bcb0b593ba64e7cbf457e2eaa4ec2.jpg" />','N;','N;',NULL,'7','1361905659','1362510459','1',NULL,'0.00','0.00','0.00',NULL,NULL,NULL,'0','0','0','0','0','0','1','0',NULL,NULL,'0.00','0','0.00','1');
INSERT INTO `shopnc_goods` (`goods_id`,`goods_name`,`gc_id`,`gc_name`,`brand_id`,`type_id`,`store_id`,`spec_open`,`spec_id`,`spec_name`,`goods_image`,`goods_image_more`,`goods_store_price`,`goods_store_price_interval`,`goods_serial`,`goods_show`,`goods_click`,`goods_state`,`goods_commend`,`goods_add_time`,`goods_keywords`,`goods_description`,`goods_body`,`goods_attr`,`goods_spec`,`goods_col_img`,`goods_indate`,`goods_starttime`,`goods_endtime`,`goods_form`,`transport_id`,`py_price`,`kd_price`,`es_price`,`city_id`,`province_id`,`goods_close_reason`,`goods_store_state`,`commentnum`,`salenum`,`goods_collect`,`goods_goldnum`,`goods_isztc`,`goods_ztcstate`,`goods_ztcstartdate`,`goods_ztclastdate`,`group_flag`,`group_price`,`xianshi_flag`,`xianshi_discount`,`goods_transfee_charge`) VALUES('56','好孩子仿真乳感宽口玻璃奶瓶+防胀气250ML【演示数据】','236','母婴用品 &gt; 婴幼用品 &gt; 奶瓶','0','0','2','0','61','N;','1c738a10d1677e694b81e7aab18a5537.jpg_small.jpg','1c738a10d1677e694b81e7aab18a5537.jpg_tiny.jpg,,,,','78.00','','QHJDGH','1','2','0','0','1322125667','','','<img src="upload/store/goods/2/1c738a10d1677e694b81e7aab18a5537.jpg" />','N;','N;',NULL,'7','1361905659','1362510459','1',NULL,'0.00','0.00','0.00',NULL,NULL,NULL,'0','0','0','0','0','0','1','0',NULL,NULL,'0.00','0','0.00','1');
INSERT INTO `shopnc_goods` (`goods_id`,`goods_name`,`gc_id`,`gc_name`,`brand_id`,`type_id`,`store_id`,`spec_open`,`spec_id`,`spec_name`,`goods_image`,`goods_image_more`,`goods_store_price`,`goods_store_price_interval`,`goods_serial`,`goods_show`,`goods_click`,`goods_state`,`goods_commend`,`goods_add_time`,`goods_keywords`,`goods_description`,`goods_body`,`goods_attr`,`goods_spec`,`goods_col_img`,`goods_indate`,`goods_starttime`,`goods_endtime`,`goods_form`,`transport_id`,`py_price`,`kd_price`,`es_price`,`city_id`,`province_id`,`goods_close_reason`,`goods_store_state`,`commentnum`,`salenum`,`goods_collect`,`goods_goldnum`,`goods_isztc`,`goods_ztcstate`,`goods_ztcstartdate`,`goods_ztclastdate`,`group_flag`,`group_price`,`xianshi_flag`,`xianshi_discount`,`goods_transfee_charge`) VALUES('57','好孩子仿真乳感宽口径奶嘴（慢流量） 【演示数据】','236','母婴用品 &gt; 婴幼用品 &gt; 奶瓶','0','0','2','0','62','N;','bd2d4c5ea3df0ceb8d2737619096fc17.jpg_small.jpg','bd2d4c5ea3df0ceb8d2737619096fc17.jpg_tiny.jpg,,,,','18.00','','YSHJSS','1','3','0','0','1322125730','','','<img src="upload/store/goods/2/bd2d4c5ea3df0ceb8d2737619096fc17.jpg" />','N;','N;',NULL,'7','1361905659','1362510459','1',NULL,'0.00','0.00','0.00',NULL,NULL,NULL,'0','0','0','0','0','0','1','0',NULL,NULL,'0.00','0','0.00','1');
INSERT INTO `shopnc_goods` (`goods_id`,`goods_name`,`gc_id`,`gc_name`,`brand_id`,`type_id`,`store_id`,`spec_open`,`spec_id`,`spec_name`,`goods_image`,`goods_image_more`,`goods_store_price`,`goods_store_price_interval`,`goods_serial`,`goods_show`,`goods_click`,`goods_state`,`goods_commend`,`goods_add_time`,`goods_keywords`,`goods_description`,`goods_body`,`goods_attr`,`goods_spec`,`goods_col_img`,`goods_indate`,`goods_starttime`,`goods_endtime`,`goods_form`,`transport_id`,`py_price`,`kd_price`,`es_price`,`city_id`,`province_id`,`goods_close_reason`,`goods_store_state`,`commentnum`,`salenum`,`goods_collect`,`goods_goldnum`,`goods_isztc`,`goods_ztcstate`,`goods_ztcstartdate`,`goods_ztclastdate`,`group_flag`,`group_price`,`xianshi_flag`,`xianshi_discount`,`goods_transfee_charge`) VALUES('58','LINING/李宁服装 女短袖翻领POLO衫','305','运动户外 &gt; 运动服包 &gt; 运动POLO','0','0','2','0','63','N;','a490e4e7242f80d4dcf4d7fa55f2b1d5.jpg_small.jpg','a490e4e7242f80d4dcf4d7fa55f2b1d5.jpg_tiny.jpg,2770b0b7f7abf7c0299568212e356079.jpg_tiny.jpg,,,','99.00','','HKJK','1','4','0','0','1322125807','','','<img src="upload/store/goods/2/a490e4e7242f80d4dcf4d7fa55f2b1d5.jpg" /><img src="upload/store/goods/2/2770b0b7f7abf7c0299568212e356079.jpg" />','N;','N;',NULL,'7','1361905659','1362510459','1',NULL,'0.00','0.00','0.00',NULL,NULL,NULL,'0','0','0','0','0','0','1','0',NULL,NULL,'0.00','0','0.00','1');
INSERT INTO `shopnc_goods` (`goods_id`,`goods_name`,`gc_id`,`gc_name`,`brand_id`,`type_id`,`store_id`,`spec_open`,`spec_id`,`spec_name`,`goods_image`,`goods_image_more`,`goods_store_price`,`goods_store_price_interval`,`goods_serial`,`goods_show`,`goods_click`,`goods_state`,`goods_commend`,`goods_add_time`,`goods_keywords`,`goods_description`,`goods_body`,`goods_attr`,`goods_spec`,`goods_col_img`,`goods_indate`,`goods_starttime`,`goods_endtime`,`goods_form`,`transport_id`,`py_price`,`kd_price`,`es_price`,`city_id`,`province_id`,`goods_close_reason`,`goods_store_state`,`commentnum`,`salenum`,`goods_collect`,`goods_goldnum`,`goods_isztc`,`goods_ztcstate`,`goods_ztcstartdate`,`goods_ztclastdate`,`group_flag`,`group_price`,`xianshi_flag`,`xianshi_discount`,`goods_transfee_charge`) VALUES('59','布朗博士 消毒奶瓶奶嘴夹【演示数据】','236','母婴用品 &gt; 婴幼用品 &gt; 奶瓶','0','0','2','0','64','N;','35d356949bff630693eacd64cf09eaae.jpg_small.jpg','35d356949bff630693eacd64cf09eaae.jpg_tiny.jpg,,,,','22.00','','HJSHJS','1','2','0','0','1322125820','','','<img src="upload/store/goods/2/35d356949bff630693eacd64cf09eaae.jpg" />','N;','N;',NULL,'7','1361905659','1362510459','1',NULL,'0.00','0.00','0.00',NULL,NULL,NULL,'0','0','0','0','0','0','1','0',NULL,NULL,'0.00','0','0.00','1');
INSERT INTO `shopnc_goods` (`goods_id`,`goods_name`,`gc_id`,`gc_name`,`brand_id`,`type_id`,`store_id`,`spec_open`,`spec_id`,`spec_name`,`goods_image`,`goods_image_more`,`goods_store_price`,`goods_store_price_interval`,`goods_serial`,`goods_show`,`goods_click`,`goods_state`,`goods_commend`,`goods_add_time`,`goods_keywords`,`goods_description`,`goods_body`,`goods_attr`,`goods_spec`,`goods_col_img`,`goods_indate`,`goods_starttime`,`goods_endtime`,`goods_form`,`transport_id`,`py_price`,`kd_price`,`es_price`,`city_id`,`province_id`,`goods_close_reason`,`goods_store_state`,`commentnum`,`salenum`,`goods_collect`,`goods_goldnum`,`goods_isztc`,`goods_ztcstate`,`goods_ztcstartdate`,`goods_ztclastdate`,`group_flag`,`group_price`,`xianshi_flag`,`xianshi_discount`,`goods_transfee_charge`) VALUES('60','专柜正品/李宁服装 男短袖翻领POLO衫【演示数据】','305','运动户外 &gt; 运动服包 &gt; 运动POLO','8','0','2','0','65','N;','2dd23ee4eab519f1ab3492306039d888.jpg_small.jpg','2dd23ee4eab519f1ab3492306039d888.jpg_tiny.jpg,dd10cd371bcb4c94e0a6ec64d2fbfe16.jpg_tiny.jpg,408e90099042b141260ee49a3b8571e7.jpg_tiny.jpg,8ae0269eeb4201a422f9096bba2eae55.jpg_tiny.jpg,','99.00','','','1','5','0','0','1322125957','','','<img src="upload/store/goods/2/2dd23ee4eab519f1ab3492306039d888.jpg" /><img src="upload/store/goods/2/dd10cd371bcb4c94e0a6ec64d2fbfe16.jpg" /><img src="upload/store/goods/2/8ae0269eeb4201a422f9096bba2eae55.jpg" /><img src="upload/store/goods/2/408e90099042b141260ee49a3b8571e7.jpg" />','N;','N;',NULL,'7','1361905659','1362510459','1',NULL,'0.00','0.00','0.00',NULL,NULL,NULL,'0','0','0','0','0','0','1','0',NULL,NULL,'0.00','0','0.00','1');
INSERT INTO `shopnc_goods` (`goods_id`,`goods_name`,`gc_id`,`gc_name`,`brand_id`,`type_id`,`store_id`,`spec_open`,`spec_id`,`spec_name`,`goods_image`,`goods_image_more`,`goods_store_price`,`goods_store_price_interval`,`goods_serial`,`goods_show`,`goods_click`,`goods_state`,`goods_commend`,`goods_add_time`,`goods_keywords`,`goods_description`,`goods_body`,`goods_attr`,`goods_spec`,`goods_col_img`,`goods_indate`,`goods_starttime`,`goods_endtime`,`goods_form`,`transport_id`,`py_price`,`kd_price`,`es_price`,`city_id`,`province_id`,`goods_close_reason`,`goods_store_state`,`commentnum`,`salenum`,`goods_collect`,`goods_goldnum`,`goods_isztc`,`goods_ztcstate`,`goods_ztcstartdate`,`goods_ztclastdate`,`group_flag`,`group_price`,`xianshi_flag`,`xianshi_discount`,`goods_transfee_charge`) VALUES('61','New Balance/新百伦服装 女短袖圆领T恤','305','运动户外 &gt; 运动服包 &gt; 运动POLO','12','0','2','0','66','N;','822d3f8d9c9330f074a2eb993a92d5c5.jpg_small.jpg','822d3f8d9c9330f074a2eb993a92d5c5.jpg_tiny.jpg,71784ee000d1b1c51179e7799ccf6c24.jpg_tiny.jpg,59d028acc1967206676d47e7bf889813.jpg_tiny.jpg,372a55a56f00539ba07fb629d6687d87.jpg_tiny.jpg,','169.00','','','1','4','0','0','1322126168','','','<img src="upload/store/goods/2/822d3f8d9c9330f074a2eb993a92d5c5.jpg" /><img src="upload/store/goods/2/372a55a56f00539ba07fb629d6687d87.jpg" /><img src="upload/store/goods/2/59d028acc1967206676d47e7bf889813.jpg" /><img src="upload/store/goods/2/71784ee000d1b1c51179e7799ccf6c24.jpg" />','N;','N;',NULL,'7','1361905659','1362510459','1',NULL,'0.00','0.00','0.00',NULL,NULL,NULL,'0','0','0','0','0','0','1','0',NULL,NULL,'0.00','0','0.00','1');
INSERT INTO `shopnc_goods` (`goods_id`,`goods_name`,`gc_id`,`gc_name`,`brand_id`,`type_id`,`store_id`,`spec_open`,`spec_id`,`spec_name`,`goods_image`,`goods_image_more`,`goods_store_price`,`goods_store_price_interval`,`goods_serial`,`goods_show`,`goods_click`,`goods_state`,`goods_commend`,`goods_add_time`,`goods_keywords`,`goods_description`,`goods_body`,`goods_attr`,`goods_spec`,`goods_col_img`,`goods_indate`,`goods_starttime`,`goods_endtime`,`goods_form`,`transport_id`,`py_price`,`kd_price`,`es_price`,`city_id`,`province_id`,`goods_close_reason`,`goods_store_state`,`commentnum`,`salenum`,`goods_collect`,`goods_goldnum`,`goods_isztc`,`goods_ztcstate`,`goods_ztcstartdate`,`goods_ztclastdate`,`group_flag`,`group_price`,`xianshi_flag`,`xianshi_discount`,`goods_transfee_charge`) VALUES('62','New Balance/新百伦服装 男式短袖圆领T恤','305','运动户外 &gt; 运动服包 &gt; 运动POLO','12','0','2','0','67','N;','b16a7e3f6731b29fbb6bd236d4c9d300.jpg_small.jpg','b16a7e3f6731b29fbb6bd236d4c9d300.jpg_tiny.jpg,d58b293dc74985848cc60b6e03becbdc.jpg_tiny.jpg,340932cc8e82fd7e62591f0b266ab9c5.jpg_tiny.jpg,,','99.00','','','1','2','0','0','1322126351','','','<img src="upload/store/goods/2/b16a7e3f6731b29fbb6bd236d4c9d300.jpg" /><img src="upload/store/goods/2/d58b293dc74985848cc60b6e03becbdc.jpg" /><img src="upload/store/goods/2/340932cc8e82fd7e62591f0b266ab9c5.jpg" />','N;','N;',NULL,'7','1361905659','1362510459','1',NULL,'0.00','0.00','0.00',NULL,NULL,NULL,'0','0','0','0','0','0','1','0',NULL,NULL,'0.00','0','0.00','1');
INSERT INTO `shopnc_goods` (`goods_id`,`goods_name`,`gc_id`,`gc_name`,`brand_id`,`type_id`,`store_id`,`spec_open`,`spec_id`,`spec_name`,`goods_image`,`goods_image_more`,`goods_store_price`,`goods_store_price_interval`,`goods_serial`,`goods_show`,`goods_click`,`goods_state`,`goods_commend`,`goods_add_time`,`goods_keywords`,`goods_description`,`goods_body`,`goods_attr`,`goods_spec`,`goods_col_img`,`goods_indate`,`goods_starttime`,`goods_endtime`,`goods_form`,`transport_id`,`py_price`,`kd_price`,`es_price`,`city_id`,`province_id`,`goods_close_reason`,`goods_store_state`,`commentnum`,`salenum`,`goods_collect`,`goods_goldnum`,`goods_isztc`,`goods_ztcstate`,`goods_ztcstartdate`,`goods_ztclastdate`,`group_flag`,`group_price`,`xianshi_flag`,`xianshi_discount`,`goods_transfee_charge`) VALUES('63','正品 LINING 李宁服装 女无袖圆领背心【演示数据】','305','运动户外 &gt; 运动服包 &gt; 运动POLO','8','0','2','0','68','N;','5c169228f0f4d8ad2cae5b132c2b269c.jpg_small.jpg','5c169228f0f4d8ad2cae5b132c2b269c.jpg_tiny.jpg,a4d3c77c3586028480f9a333fc987886.jpg_tiny.jpg,25ac30b73f939eb502d3a5523a41e493.jpg_tiny.jpg,,','80.00','','','1','3','0','0','1322126539','','','<img src="upload/store/goods/2/25ac30b73f939eb502d3a5523a41e493.jpg" /><img src="upload/store/goods/2/5c169228f0f4d8ad2cae5b132c2b269c.jpg" /><img src="upload/store/goods/2/a4d3c77c3586028480f9a333fc987886.jpg" />','N;','N;',NULL,'7','1361905659','1362510459','1',NULL,'0.00','0.00','0.00',NULL,NULL,NULL,'0','0','0','0','0','0','1','0',NULL,NULL,'0.00','0','0.00','1');
INSERT INTO `shopnc_goods` (`goods_id`,`goods_name`,`gc_id`,`gc_name`,`brand_id`,`type_id`,`store_id`,`spec_open`,`spec_id`,`spec_name`,`goods_image`,`goods_image_more`,`goods_store_price`,`goods_store_price_interval`,`goods_serial`,`goods_show`,`goods_click`,`goods_state`,`goods_commend`,`goods_add_time`,`goods_keywords`,`goods_description`,`goods_body`,`goods_attr`,`goods_spec`,`goods_col_img`,`goods_indate`,`goods_starttime`,`goods_endtime`,`goods_form`,`transport_id`,`py_price`,`kd_price`,`es_price`,`city_id`,`province_id`,`goods_close_reason`,`goods_store_state`,`commentnum`,`salenum`,`goods_collect`,`goods_goldnum`,`goods_isztc`,`goods_ztcstate`,`goods_ztcstartdate`,`goods_ztclastdate`,`group_flag`,`group_price`,`xianshi_flag`,`xianshi_discount`,`goods_transfee_charge`) VALUES('64','新百伦newbalance专柜正品男式运动鞋【演示数据】','290','运动户外 &gt; 运动鞋帽 &gt; 休闲鞋','12','2','2','1','181','a:2:{i:3;s:6:"鞋码";i:1;s:6:"颜色";}','10edbe1528c2eef0feb5a956410f5b3b.jpg_small.jpg','10edbe1528c2eef0feb5a956410f5b3b.jpg_tiny.jpg,,,,','580.00','','','1','3','0','0','1322126686','','','<img src="upload/store/goods/2/10edbe1528c2eef0feb5a956410f5b3b.jpg" />','N;','a:2:{i:3;a:3:{i:25;s:2:"37";i:26;s:2:"38";i:27;s:2:"39";}i:1;a:1:{i:8;s:6:"褐色";}}',NULL,'7','1361905659','1362510459','1',NULL,'0.00','0.00','0.00',NULL,NULL,NULL,'0','0','0','0','0','0','1','0',NULL,NULL,'0.00','0','0.00','1');
INSERT INTO `shopnc_goods` (`goods_id`,`goods_name`,`gc_id`,`gc_name`,`brand_id`,`type_id`,`store_id`,`spec_open`,`spec_id`,`spec_name`,`goods_image`,`goods_image_more`,`goods_store_price`,`goods_store_price_interval`,`goods_serial`,`goods_show`,`goods_click`,`goods_state`,`goods_commend`,`goods_add_time`,`goods_keywords`,`goods_description`,`goods_body`,`goods_attr`,`goods_spec`,`goods_col_img`,`goods_indate`,`goods_starttime`,`goods_endtime`,`goods_form`,`transport_id`,`py_price`,`kd_price`,`es_price`,`city_id`,`province_id`,`goods_close_reason`,`goods_store_state`,`commentnum`,`salenum`,`goods_collect`,`goods_goldnum`,`goods_isztc`,`goods_ztcstate`,`goods_ztcstartdate`,`goods_ztclastdate`,`group_flag`,`group_price`,`xianshi_flag`,`xianshi_discount`,`goods_transfee_charge`) VALUES('65','零食喜糖好利源软糖鲜乳球婚庆糖果250g混合口味【演示数据】','209','食品保健 &gt; 休闲零食 &gt; 糖果','0','0','2','0','71','N;','c1cb7ee7bc9b9e4a13bb2d7cc488818b.jpg_small.jpg','c1cb7ee7bc9b9e4a13bb2d7cc488818b.jpg_tiny.jpg,,,,','3.00','','','1','1','0','0','1322126881','','','<img src="upload/store/goods/2/c1cb7ee7bc9b9e4a13bb2d7cc488818b.jpg" />','N;','N;',NULL,'7','1361905659','1362510459','1',NULL,'0.00','0.00','0.00',NULL,NULL,NULL,'0','0','0','0','0','0','1','0',NULL,NULL,'0.00','0','0.00','1');
INSERT INTO `shopnc_goods` (`goods_id`,`goods_name`,`gc_id`,`gc_name`,`brand_id`,`type_id`,`store_id`,`spec_open`,`spec_id`,`spec_name`,`goods_image`,`goods_image_more`,`goods_store_price`,`goods_store_price_interval`,`goods_serial`,`goods_show`,`goods_click`,`goods_state`,`goods_commend`,`goods_add_time`,`goods_keywords`,`goods_description`,`goods_body`,`goods_attr`,`goods_spec`,`goods_col_img`,`goods_indate`,`goods_starttime`,`goods_endtime`,`goods_form`,`transport_id`,`py_price`,`kd_price`,`es_price`,`city_id`,`province_id`,`goods_close_reason`,`goods_store_state`,`commentnum`,`salenum`,`goods_collect`,`goods_goldnum`,`goods_isztc`,`goods_ztcstate`,`goods_ztcstartdate`,`goods_ztclastdate`,`group_flag`,`group_price`,`xianshi_flag`,`xianshi_discount`,`goods_transfee_charge`) VALUES('66','李宁 lining 专柜正品 足球鞋 女式运动鞋【演示数据】','290','运动户外 &gt; 运动鞋帽 &gt; 休闲鞋','8','2','2','1','176','a:2:{i:3;s:6:"鞋码";i:1;s:6:"颜色";}','1dbc94fa0d60cba3990b89ccb01f82c2.jpg_small.jpg','1dbc94fa0d60cba3990b89ccb01f82c2.jpg_tiny.jpg,ac60c57beac526c76b935c08333eb31a.jpg_tiny.jpg,a2258c47de1b91c6fa08de36823d6bae.jpg_tiny.jpg,b6ecbd61c97a508e138c8f04b8fba112.jpg_tiny.jpg,','98.00','','','1','28','0','0','1322126969','','','<img src="upload/store/goods/2/a2258c47de1b91c6fa08de36823d6bae.jpg" /><img src="upload/store/goods/2/b6ecbd61c97a508e138c8f04b8fba112.jpg" /><img src="upload/store/goods/2/1dbc94fa0d60cba3990b89ccb01f82c2.jpg" />','N;','a:2:{i:3;a:4:{i:23;s:2:"35";i:24;s:2:"36";i:25;s:2:"37";i:26;s:2:"38";}i:1;a:1:{i:2;s:6:"黑色";}}',NULL,'7','1361905659','1362510459','1',NULL,'0.00','0.00','0.00',NULL,NULL,NULL,'0','0','0','0','0','0','1','0',NULL,NULL,'0.00','0','0.00','1');
INSERT INTO `shopnc_goods` (`goods_id`,`goods_name`,`gc_id`,`gc_name`,`brand_id`,`type_id`,`store_id`,`spec_open`,`spec_id`,`spec_name`,`goods_image`,`goods_image_more`,`goods_store_price`,`goods_store_price_interval`,`goods_serial`,`goods_show`,`goods_click`,`goods_state`,`goods_commend`,`goods_add_time`,`goods_keywords`,`goods_description`,`goods_body`,`goods_attr`,`goods_spec`,`goods_col_img`,`goods_indate`,`goods_starttime`,`goods_endtime`,`goods_form`,`transport_id`,`py_price`,`kd_price`,`es_price`,`city_id`,`province_id`,`goods_close_reason`,`goods_store_state`,`commentnum`,`salenum`,`goods_collect`,`goods_goldnum`,`goods_isztc`,`goods_ztcstate`,`goods_ztcstartdate`,`goods_ztclastdate`,`group_flag`,`group_price`,`xianshi_flag`,`xianshi_discount`,`goods_transfee_charge`) VALUES('67','优之良品橡皮糖黄芒果橡皮糖软糖零食QQ糖250【演示数据】','209','食品保健 &gt; 休闲零食 &gt; 糖果','0','0','2','0','74','N;','6f8ff741b6c12a2d6f9cce86eb6cf1ad.jpg_small.jpg','6f8ff741b6c12a2d6f9cce86eb6cf1ad.jpg_tiny.jpg,,,,','18.00','','','1','3','0','0','1322126971','','','<img src="upload/store/goods/2/6f8ff741b6c12a2d6f9cce86eb6cf1ad.jpg" />','N;','N;',NULL,'7','1361905659','1362510459','1',NULL,'0.00','0.00','0.00',NULL,NULL,NULL,'0','0','0','0','0','0','1','0',NULL,NULL,'0.00','0','0.00','1');
INSERT INTO `shopnc_goods` (`goods_id`,`goods_name`,`gc_id`,`gc_name`,`brand_id`,`type_id`,`store_id`,`spec_open`,`spec_id`,`spec_name`,`goods_image`,`goods_image_more`,`goods_store_price`,`goods_store_price_interval`,`goods_serial`,`goods_show`,`goods_click`,`goods_state`,`goods_commend`,`goods_add_time`,`goods_keywords`,`goods_description`,`goods_body`,`goods_attr`,`goods_spec`,`goods_col_img`,`goods_indate`,`goods_starttime`,`goods_endtime`,`goods_form`,`transport_id`,`py_price`,`kd_price`,`es_price`,`city_id`,`province_id`,`goods_close_reason`,`goods_store_state`,`commentnum`,`salenum`,`goods_collect`,`goods_goldnum`,`goods_isztc`,`goods_ztcstate`,`goods_ztcstartdate`,`goods_ztclastdate`,`group_flag`,`group_price`,`xianshi_flag`,`xianshi_discount`,`goods_transfee_charge`) VALUES('68','梅怡馆大畈屋梅饴馆熟梅老梅干礼盒1/1160克【演示数据】','222','食品保健 &gt; 蜜饯果脯 &gt; 梅类','0','0','2','0','75','N;','ba1e3b3b70a0c7f96975833adfecacd3.jpeg_small.jpeg','ba1e3b3b70a0c7f96975833adfecacd3.jpeg_tiny.jpeg,,,,','36.00','','','1','30','0','0','1322127129','','','<img src="upload/store/goods/2/ba1e3b3b70a0c7f96975833adfecacd3.jpeg" />','N;','N;',NULL,'7','1361905659','1362510459','1',NULL,'0.00','0.00','0.00',NULL,NULL,NULL,'0','0','0','0','0','0','1','0',NULL,NULL,'0.00','0','0.00','1');
INSERT INTO `shopnc_goods` (`goods_id`,`goods_name`,`gc_id`,`gc_name`,`brand_id`,`type_id`,`store_id`,`spec_open`,`spec_id`,`spec_name`,`goods_image`,`goods_image_more`,`goods_store_price`,`goods_store_price_interval`,`goods_serial`,`goods_show`,`goods_click`,`goods_state`,`goods_commend`,`goods_add_time`,`goods_keywords`,`goods_description`,`goods_body`,`goods_attr`,`goods_spec`,`goods_col_img`,`goods_indate`,`goods_starttime`,`goods_endtime`,`goods_form`,`transport_id`,`py_price`,`kd_price`,`es_price`,`city_id`,`province_id`,`goods_close_reason`,`goods_store_state`,`commentnum`,`salenum`,`goods_collect`,`goods_goldnum`,`goods_isztc`,`goods_ztcstate`,`goods_ztcstartdate`,`goods_ztclastdate`,`group_flag`,`group_price`,`xianshi_flag`,`xianshi_discount`,`goods_transfee_charge`) VALUES('69','福建特产蜜饯话梅旺梅酸甜可口肉质爽甜健脾开胃【演示数据】','222','食品保健 &gt; 蜜饯果脯 &gt; 梅类','12','0','2','0','76','N;','52f831e8e55240c3f9d529976b88f8f0.jpg_small.jpg','52f831e8e55240c3f9d529976b88f8f0.jpg_tiny.jpg,,,,','22.80','','','1','2','0','0','1322127196','','','<img src="upload/store/goods/2/52f831e8e55240c3f9d529976b88f8f0.jpg" />','N;','N;',NULL,'7','1361905659','1362510459','1',NULL,'0.00','0.00','0.00',NULL,NULL,NULL,'0','0','0','0','0','0','1','0',NULL,NULL,'0.00','0','0.00','1');
INSERT INTO `shopnc_goods` (`goods_id`,`goods_name`,`gc_id`,`gc_name`,`brand_id`,`type_id`,`store_id`,`spec_open`,`spec_id`,`spec_name`,`goods_image`,`goods_image_more`,`goods_store_price`,`goods_store_price_interval`,`goods_serial`,`goods_show`,`goods_click`,`goods_state`,`goods_commend`,`goods_add_time`,`goods_keywords`,`goods_description`,`goods_body`,`goods_attr`,`goods_spec`,`goods_col_img`,`goods_indate`,`goods_starttime`,`goods_endtime`,`goods_form`,`transport_id`,`py_price`,`kd_price`,`es_price`,`city_id`,`province_id`,`goods_close_reason`,`goods_store_state`,`commentnum`,`salenum`,`goods_collect`,`goods_goldnum`,`goods_isztc`,`goods_ztcstate`,`goods_ztcstartdate`,`goods_ztclastdate`,`group_flag`,`group_price`,`xianshi_flag`,`xianshi_discount`,`goods_transfee_charge`) VALUES('70','三叶草adidasSUPERSTARIICQ正品男式运动鞋','290','运动户外 &gt; 运动鞋帽 &gt; 休闲鞋','2','2','2','1','124','a:2:{i:3;s:6:"鞋码";i:1;s:6:"颜色";}','49612054bdba0511da6eeb3a474abdee.jpg_small.jpg','49612054bdba0511da6eeb3a474abdee.jpg_tiny.jpg,64f064ab87662337cb66615acba079de.jpg_tiny.jpg,2824bb216ee85b8068ee00c0cde1d355.jpg_tiny.jpg,64f064ab87662337cb66615acba079de.jpg_tiny.jpg,82cbaa729a2fcd27725370101be387e2.jpg_tiny.jpg','519.00','519.00 - 519.00','JKJK','1','6','0','0','1322127232','','','<img src="upload/store/goods/2/307bd37b7d0baebab00fb9fe9833b0a0.jpg" /><img src="upload/store/goods/2/2824bb216ee85b8068ee00c0cde1d355.jpg" /><img src="upload/store/goods/2/64f064ab87662337cb66615acba079de.jpg" /><img src="upload/store/goods/2/82cbaa729a2fcd27725370101be387e2.jpg" />','N;','a:2:{i:3;a:11:{i:23;s:2:"35";i:24;s:2:"36";i:25;s:2:"37";i:26;s:2:"38";i:27;s:2:"39";i:28;s:2:"40";i:30;s:2:"42";i:31;s:2:"43";i:32;s:2:"44";i:33;s:2:"45";i:34;s:2:"46";}i:1;a:1:{i:1;s:6:"白色";}}',NULL,'7','1361905659','1362510459','1',NULL,'0.00','0.00','0.00',NULL,NULL,NULL,'0','0','0','0','0','0','1','0',NULL,NULL,'0.00','0','0.00','1');
INSERT INTO `shopnc_goods` (`goods_id`,`goods_name`,`gc_id`,`gc_name`,`brand_id`,`type_id`,`store_id`,`spec_open`,`spec_id`,`spec_name`,`goods_image`,`goods_image_more`,`goods_store_price`,`goods_store_price_interval`,`goods_serial`,`goods_show`,`goods_click`,`goods_state`,`goods_commend`,`goods_add_time`,`goods_keywords`,`goods_description`,`goods_body`,`goods_attr`,`goods_spec`,`goods_col_img`,`goods_indate`,`goods_starttime`,`goods_endtime`,`goods_form`,`transport_id`,`py_price`,`kd_price`,`es_price`,`city_id`,`province_id`,`goods_close_reason`,`goods_store_state`,`commentnum`,`salenum`,`goods_collect`,`goods_goldnum`,`goods_isztc`,`goods_ztcstate`,`goods_ztcstartdate`,`goods_ztclastdate`,`group_flag`,`group_price`,`xianshi_flag`,`xianshi_discount`,`goods_transfee_charge`) VALUES('71','梅怡馆大畈屋梅饴馆生梅老梅干礼盒1/1 160克【演示数据】','222','食品保健 &gt; 蜜饯果脯 &gt; 梅类','0','0','2','0','78','N;','6d9d3912f417bb1cd5c77264e35a7431.jpeg_small.jpeg','6d9d3912f417bb1cd5c77264e35a7431.jpeg_tiny.jpeg,,,,','39.00','','','1','4','0','0','1322127278','','','<img src="upload/store/goods/2/6d9d3912f417bb1cd5c77264e35a7431.jpeg" />','N;','N;',NULL,'7','1361905659','1362510459','1',NULL,'0.00','0.00','0.00',NULL,NULL,NULL,'0','0','0','0','0','0','1','0',NULL,NULL,'0.00','0','0.00','1');
INSERT INTO `shopnc_goods` (`goods_id`,`goods_name`,`gc_id`,`gc_name`,`brand_id`,`type_id`,`store_id`,`spec_open`,`spec_id`,`spec_name`,`goods_image`,`goods_image_more`,`goods_store_price`,`goods_store_price_interval`,`goods_serial`,`goods_show`,`goods_click`,`goods_state`,`goods_commend`,`goods_add_time`,`goods_keywords`,`goods_description`,`goods_body`,`goods_attr`,`goods_spec`,`goods_col_img`,`goods_indate`,`goods_starttime`,`goods_endtime`,`goods_form`,`transport_id`,`py_price`,`kd_price`,`es_price`,`city_id`,`province_id`,`goods_close_reason`,`goods_store_state`,`commentnum`,`salenum`,`goods_collect`,`goods_goldnum`,`goods_isztc`,`goods_ztcstate`,`goods_ztcstartdate`,`goods_ztclastdate`,`group_flag`,`group_price`,`xianshi_flag`,`xianshi_discount`,`goods_transfee_charge`) VALUES('73','正品一屋窑玻璃花茶杯400ml带盖玻璃杯子 【演示数据】','199','家居家装 &gt; 厨房餐饮 &gt; 茶具','0','4','2','0','80','N;','5ca2a9d6a2745f95d5ef1c481706eec4.jpg_small.jpg','5ca2a9d6a2745f95d5ef1c481706eec4.jpg_tiny.jpg,,,,','29.00','','','1','0','0','0','1322129523','','','<img src="upload/store/goods/2/5ca2a9d6a2745f95d5ef1c481706eec4.jpg" />','a:4:{i:6;a:2:{s:4:"name";s:6:"类型";i:0;s:0:"";}i:11;a:2:{s:4:"name";s:18:"推荐使用人数";i:0;s:0:"";}i:7;a:2:{s:4:"name";s:6:"材质";i:0;s:0:"";}i:10;a:2:{s:4:"name";s:12:"价格区间";i:0;s:0:"";}}','N;',NULL,'7','1361905659','1362510459','1',NULL,'0.00','0.00','0.00',NULL,NULL,NULL,'0','0','0','0','0','0','1','0',NULL,NULL,'0.00','0','0.00','1');
INSERT INTO `shopnc_goods` (`goods_id`,`goods_name`,`gc_id`,`gc_name`,`brand_id`,`type_id`,`store_id`,`spec_open`,`spec_id`,`spec_name`,`goods_image`,`goods_image_more`,`goods_store_price`,`goods_store_price_interval`,`goods_serial`,`goods_show`,`goods_click`,`goods_state`,`goods_commend`,`goods_add_time`,`goods_keywords`,`goods_description`,`goods_body`,`goods_attr`,`goods_spec`,`goods_col_img`,`goods_indate`,`goods_starttime`,`goods_endtime`,`goods_form`,`transport_id`,`py_price`,`kd_price`,`es_price`,`city_id`,`province_id`,`goods_close_reason`,`goods_store_state`,`commentnum`,`salenum`,`goods_collect`,`goods_goldnum`,`goods_isztc`,`goods_ztcstate`,`goods_ztcstartdate`,`goods_ztclastdate`,`group_flag`,`group_price`,`xianshi_flag`,`xianshi_discount`,`goods_transfee_charge`) VALUES('74','送礼套装 一屋窑玻璃功夫茶具 花茶壶套组特价  【演示数据】','199','家居家装 &gt; 厨房餐饮 &gt; 茶具','0','4','2','0','81','N;','91331d65f7c0a0d4e107dcd0108e2f43.jpg_small.jpg','91331d65f7c0a0d4e107dcd0108e2f43.jpg_tiny.jpg,,,,','88.00','','','1','27','0','0','1322129595','','','<img src="upload/store/goods/2/91331d65f7c0a0d4e107dcd0108e2f43.jpg" />','a:4:{i:6;a:2:{s:4:"name";s:6:"类型";i:31;s:6:"茶壶";}i:11;a:2:{s:4:"name";s:18:"推荐使用人数";i:51;s:4:"4人";}i:7;a:2:{s:4:"name";s:6:"材质";i:34;s:3:"陶";}i:10;a:2:{s:4:"name";s:12:"价格区间";i:43;s:13:"50元-99.9元";}}','N;',NULL,'7','1361905659','1362510459','1',NULL,'0.00','0.00','0.00',NULL,NULL,NULL,'0','0','0','0','0','0','1','0',NULL,NULL,'0.00','0','0.00','1');
INSERT INTO `shopnc_goods` (`goods_id`,`goods_name`,`gc_id`,`gc_name`,`brand_id`,`type_id`,`store_id`,`spec_open`,`spec_id`,`spec_name`,`goods_image`,`goods_image_more`,`goods_store_price`,`goods_store_price_interval`,`goods_serial`,`goods_show`,`goods_click`,`goods_state`,`goods_commend`,`goods_add_time`,`goods_keywords`,`goods_description`,`goods_body`,`goods_attr`,`goods_spec`,`goods_col_img`,`goods_indate`,`goods_starttime`,`goods_endtime`,`goods_form`,`transport_id`,`py_price`,`kd_price`,`es_price`,`city_id`,`province_id`,`goods_close_reason`,`goods_store_state`,`commentnum`,`salenum`,`goods_collect`,`goods_goldnum`,`goods_isztc`,`goods_ztcstate`,`goods_ztcstartdate`,`goods_ztclastdate`,`group_flag`,`group_price`,`xianshi_flag`,`xianshi_discount`,`goods_transfee_charge`) VALUES('75','辉跃经典 骨瓷茶具套装\\整套功夫陶瓷茶具\\雕刻实木茶盘','199','家居家装 &gt; 厨房餐饮 &gt; 茶具','0','4','2','0','82','N;','f415ae8aff2f253ed0344c9aa7e4ea89.jpg_small.jpg','f415ae8aff2f253ed0344c9aa7e4ea89.jpg_tiny.jpg,,,,','140.00','','','1','54','0','0','1322129792','','','<img src="upload/store/goods/2/f415ae8aff2f253ed0344c9aa7e4ea89.jpg" />','a:4:{i:6;a:2:{s:4:"name";s:6:"类型";i:29;s:18:"整套功夫茶具";}i:11;a:2:{s:4:"name";s:18:"推荐使用人数";i:53;s:4:"6人";}i:7;a:2:{s:4:"name";s:6:"材质";i:35;s:21:"45%以上骨粉骨瓷";}i:10;a:2:{s:4:"name";s:12:"价格区间";i:45;s:13:"150元-199元";}}','N;',NULL,'7','1361905659','1362510459','1',NULL,'0.00','0.00','0.00',NULL,NULL,NULL,'0','0','0','0','0','0','1','0',NULL,NULL,'0.00','0','0.00','1');
INSERT INTO `shopnc_goods` (`goods_id`,`goods_name`,`gc_id`,`gc_name`,`brand_id`,`type_id`,`store_id`,`spec_open`,`spec_id`,`spec_name`,`goods_image`,`goods_image_more`,`goods_store_price`,`goods_store_price_interval`,`goods_serial`,`goods_show`,`goods_click`,`goods_state`,`goods_commend`,`goods_add_time`,`goods_keywords`,`goods_description`,`goods_body`,`goods_attr`,`goods_spec`,`goods_col_img`,`goods_indate`,`goods_starttime`,`goods_endtime`,`goods_form`,`transport_id`,`py_price`,`kd_price`,`es_price`,`city_id`,`province_id`,`goods_close_reason`,`goods_store_state`,`commentnum`,`salenum`,`goods_collect`,`goods_goldnum`,`goods_isztc`,`goods_ztcstate`,`goods_ztcstartdate`,`goods_ztclastdate`,`group_flag`,`group_price`,`xianshi_flag`,`xianshi_discount`,`goods_transfee_charge`) VALUES('76','特价茶具茶盘 实木茶盘 大小茶海 茶托 抽屉式茶台 木制茶盘','199','家居家装 &gt; 厨房餐饮 &gt; 茶具','0','4','2','0','83','N;','eb26eccc4071b56e4abd1495682af490.jpg_small.jpg','eb26eccc4071b56e4abd1495682af490.jpg_tiny.jpg,,,,','68.00','','','1','3','0','0','1322129873','','','<img src="upload/store/goods/2/eb26eccc4071b56e4abd1495682af490.jpg" />','a:4:{i:6;a:2:{s:4:"name";s:6:"类型";i:30;s:6:"茶杯";}i:11;a:2:{s:4:"name";s:18:"推荐使用人数";i:49;s:4:"2人";}i:7;a:2:{s:4:"name";s:6:"材质";i:35;s:21:"45%以上骨粉骨瓷";}i:10;a:2:{s:4:"name";s:12:"价格区间";i:43;s:13:"50元-99.9元";}}','N;',NULL,'7','1361905659','1362510459','1',NULL,'0.00','0.00','0.00',NULL,NULL,NULL,'0','0','0','0','0','0','1','0',NULL,NULL,'0.00','0','0.00','1');
INSERT INTO `shopnc_goods` (`goods_id`,`goods_name`,`gc_id`,`gc_name`,`brand_id`,`type_id`,`store_id`,`spec_open`,`spec_id`,`spec_name`,`goods_image`,`goods_image_more`,`goods_store_price`,`goods_store_price_interval`,`goods_serial`,`goods_show`,`goods_click`,`goods_state`,`goods_commend`,`goods_add_time`,`goods_keywords`,`goods_description`,`goods_body`,`goods_attr`,`goods_spec`,`goods_col_img`,`goods_indate`,`goods_starttime`,`goods_endtime`,`goods_form`,`transport_id`,`py_price`,`kd_price`,`es_price`,`city_id`,`province_id`,`goods_close_reason`,`goods_store_state`,`commentnum`,`salenum`,`goods_collect`,`goods_goldnum`,`goods_isztc`,`goods_ztcstate`,`goods_ztcstartdate`,`goods_ztclastdate`,`group_flag`,`group_price`,`xianshi_flag`,`xianshi_discount`,`goods_transfee_charge`) VALUES('77','鸿跃茶具 特价紫砂茶具茶盘套装 38件套整套功夫茶具','199','家居家装 &gt; 厨房餐饮 &gt; 茶具','0','4','2','0','84','N;','29278568dd67ead3855205e6793f0395.jpg_small.jpg','29278568dd67ead3855205e6793f0395.jpg_tiny.jpg,,,,','148.00','','','1','5','0','0','1322129976','','','<img src="upload/store/goods/2/29278568dd67ead3855205e6793f0395.jpg" />','a:4:{i:6;a:2:{s:4:"name";s:6:"类型";i:29;s:18:"整套功夫茶具";}i:11;a:2:{s:4:"name";s:18:"推荐使用人数";i:53;s:4:"6人";}i:7;a:2:{s:4:"name";s:6:"材质";i:33;s:3:"瓷";}i:10;a:2:{s:4:"name";s:12:"价格区间";i:45;s:13:"150元-199元";}}','N;',NULL,'7','1361905659','1362510459','1',NULL,'0.00','0.00','0.00',NULL,NULL,NULL,'0','0','0','0','0','0','1','0',NULL,NULL,'0.00','0','0.00','1');
INSERT INTO `shopnc_goods` (`goods_id`,`goods_name`,`gc_id`,`gc_name`,`brand_id`,`type_id`,`store_id`,`spec_open`,`spec_id`,`spec_name`,`goods_image`,`goods_image_more`,`goods_store_price`,`goods_store_price_interval`,`goods_serial`,`goods_show`,`goods_click`,`goods_state`,`goods_commend`,`goods_add_time`,`goods_keywords`,`goods_description`,`goods_body`,`goods_attr`,`goods_spec`,`goods_col_img`,`goods_indate`,`goods_starttime`,`goods_endtime`,`goods_form`,`transport_id`,`py_price`,`kd_price`,`es_price`,`city_id`,`province_id`,`goods_close_reason`,`goods_store_state`,`commentnum`,`salenum`,`goods_collect`,`goods_goldnum`,`goods_isztc`,`goods_ztcstate`,`goods_ztcstartdate`,`goods_ztclastdate`,`group_flag`,`group_price`,`xianshi_flag`,`xianshi_discount`,`goods_transfee_charge`) VALUES('78','花开有声系列编织立体花手提/斜挎包【演示数据】','96','鞋包配饰 &gt; 皮具箱包 &gt; 单肩包','0','3','2','1','116','a:1:{i:1;s:6:"颜色";}','f32edceb5b68790d871014aee77c267e.jpg_small.jpg','f32edceb5b68790d871014aee77c267e.jpg_tiny.jpg,cab18b2cbd6bdc2f71bad484609b4be4.jpg_tiny.jpg,789401aac6d5355542e32e123d1c247d.jpg_tiny.jpg,,','100.00','100.00 - 107.00','','1','1','0','0','1322129992','','','<img src="upload/store/goods/2/f32edceb5b68790d871014aee77c267e.jpg" /><img src="upload/store/goods/2/789401aac6d5355542e32e123d1c247d.jpg" /><img src="upload/store/goods/2/cab18b2cbd6bdc2f71bad484609b4be4.jpg" />','a:2:{i:4;a:2:{s:4:"name";s:6:"质地";i:17;s:2:"PU";}i:5;a:2:{s:4:"name";s:12:"箱包外形";i:23;s:12:"横款方形";}}','a:1:{i:1;a:2:{i:4;s:6:"红色";i:10;s:6:"粉色";}}',NULL,'7','1361905659','1362510459','1',NULL,'0.00','0.00','0.00',NULL,NULL,NULL,'0','0','0','0','0','0','1','0',NULL,NULL,'0.00','0','0.00','1');
INSERT INTO `shopnc_goods` (`goods_id`,`goods_name`,`gc_id`,`gc_name`,`brand_id`,`type_id`,`store_id`,`spec_open`,`spec_id`,`spec_name`,`goods_image`,`goods_image_more`,`goods_store_price`,`goods_store_price_interval`,`goods_serial`,`goods_show`,`goods_click`,`goods_state`,`goods_commend`,`goods_add_time`,`goods_keywords`,`goods_description`,`goods_body`,`goods_attr`,`goods_spec`,`goods_col_img`,`goods_indate`,`goods_starttime`,`goods_endtime`,`goods_form`,`transport_id`,`py_price`,`kd_price`,`es_price`,`city_id`,`province_id`,`goods_close_reason`,`goods_store_state`,`commentnum`,`salenum`,`goods_collect`,`goods_goldnum`,`goods_isztc`,`goods_ztcstate`,`goods_ztcstartdate`,`goods_ztclastdate`,`group_flag`,`group_price`,`xianshi_flag`,`xianshi_discount`,`goods_transfee_charge`) VALUES('79','优雅怡然系列丝巾单肩包【演示数据】','96','鞋包配饰 &gt; 皮具箱包 &gt; 单肩包','0','3','2','1','98','a:1:{i:1;s:6:"颜色";}','56e80d30a3983258950612dbc0a280db.jpg_small.jpg','56e80d30a3983258950612dbc0a280db.jpg_tiny.jpg,fa743bbde1dc677b22043b6d4d5542fb.jpg_tiny.jpg,373a4f09bf5173cc6088ad2053734b2e.jpg_tiny.jpg,fa743bbde1dc677b22043b6d4d5542fb.jpg_tiny.jpg,','100.00','','','1','4','0','0','1322130283','','','<img src="upload/store/goods/2/56e80d30a3983258950612dbc0a280db.jpg" /><img src="upload/store/goods/2/fa743bbde1dc677b22043b6d4d5542fb.jpg" /><img src="upload/store/goods/2/373a4f09bf5173cc6088ad2053734b2e.jpg" />','a:2:{i:4;a:2:{s:4:"name";s:6:"质地";i:17;s:2:"PU";}i:5;a:2:{s:4:"name";s:12:"箱包外形";i:26;s:9:"圆桶形";}}','a:1:{i:1;a:2:{i:2;s:6:"黑色";i:10;s:6:"粉色";}}',NULL,'7','1361905659','1362510459','1',NULL,'0.00','0.00','0.00',NULL,NULL,NULL,'0','0','0','0','0','0','1','0',NULL,NULL,'0.00','0','0.00','1');
INSERT INTO `shopnc_goods` (`goods_id`,`goods_name`,`gc_id`,`gc_name`,`brand_id`,`type_id`,`store_id`,`spec_open`,`spec_id`,`spec_name`,`goods_image`,`goods_image_more`,`goods_store_price`,`goods_store_price_interval`,`goods_serial`,`goods_show`,`goods_click`,`goods_state`,`goods_commend`,`goods_add_time`,`goods_keywords`,`goods_description`,`goods_body`,`goods_attr`,`goods_spec`,`goods_col_img`,`goods_indate`,`goods_starttime`,`goods_endtime`,`goods_form`,`transport_id`,`py_price`,`kd_price`,`es_price`,`city_id`,`province_id`,`goods_close_reason`,`goods_store_state`,`commentnum`,`salenum`,`goods_collect`,`goods_goldnum`,`goods_isztc`,`goods_ztcstate`,`goods_ztcstartdate`,`goods_ztclastdate`,`group_flag`,`group_price`,`xianshi_flag`,`xianshi_discount`,`goods_transfee_charge`) VALUES('80','盛世华章系列单肩包【演示数据】','96','鞋包配饰 &gt; 皮具箱包 &gt; 单肩包','0','3','2','1','96','a:1:{i:1;s:6:"颜色";}','92a7a0913bf7ba41e9a3a5e46706c35d.jpg_small.jpg','92a7a0913bf7ba41e9a3a5e46706c35d.jpg_tiny.jpg,f49d92932c787fd90b2daf299d95615c.jpg_tiny.jpg,266dc555784293114c03fa10492cb490.jpg_tiny.jpg,,','298.00','298.00 - 310.00','HJKH','1','6','0','0','1322130455','','','<img src="upload/store/goods/2/92a7a0913bf7ba41e9a3a5e46706c35d.jpg" /><img src="upload/store/goods/2/f49d92932c787fd90b2daf299d95615c.jpg" /><img src="upload/store/goods/2/266dc555784293114c03fa10492cb490.jpg" />','a:2:{i:4;a:2:{s:4:"name";s:6:"质地";i:18;s:6:"牛皮";}i:5;a:2:{s:4:"name";s:12:"箱包外形";i:24;s:12:"竖款方形";}}','a:1:{i:1;a:2:{i:4;s:6:"红色";i:8;s:6:"褐色";}}',NULL,'7','1361905659','1362510459','1',NULL,'0.00','0.00','0.00',NULL,NULL,NULL,'0','0','0','0','0','0','1','0',NULL,NULL,'0.00','0','0.00','1');
INSERT INTO `shopnc_goods` (`goods_id`,`goods_name`,`gc_id`,`gc_name`,`brand_id`,`type_id`,`store_id`,`spec_open`,`spec_id`,`spec_name`,`goods_image`,`goods_image_more`,`goods_store_price`,`goods_store_price_interval`,`goods_serial`,`goods_show`,`goods_click`,`goods_state`,`goods_commend`,`goods_add_time`,`goods_keywords`,`goods_description`,`goods_body`,`goods_attr`,`goods_spec`,`goods_col_img`,`goods_indate`,`goods_starttime`,`goods_endtime`,`goods_form`,`transport_id`,`py_price`,`kd_price`,`es_price`,`city_id`,`province_id`,`goods_close_reason`,`goods_store_state`,`commentnum`,`salenum`,`goods_collect`,`goods_goldnum`,`goods_isztc`,`goods_ztcstate`,`goods_ztcstartdate`,`goods_ztclastdate`,`group_flag`,`group_price`,`xianshi_flag`,`xianshi_discount`,`goods_transfee_charge`) VALUES('81','糖心风暴系列立体花曼谷包单肩包【演示数据】','96','鞋包配饰 &gt; 皮具箱包 &gt; 单肩包','0','3','2','1','94','a:1:{i:1;s:6:"颜色";}','e5186d77fb2c636d2d4858c2755707db.jpg_small.jpg','e5186d77fb2c636d2d4858c2755707db.jpg_tiny.jpg,a5559a1bdd4f2cb01c790d2fdae806fb.jpg_tiny.jpg,02d26fc576d4a1e5aa04c10383b55dc5.jpg_tiny.jpg,,','178.00','','','1','8','0','0','1322130680','','','<img src="upload/store/goods/2/e5186d77fb2c636d2d4858c2755707db.jpg" /><img src="upload/store/goods/2/a5559a1bdd4f2cb01c790d2fdae806fb.jpg" /><img src="upload/store/goods/2/02d26fc576d4a1e5aa04c10383b55dc5.jpg" />','a:2:{i:4;a:2:{s:4:"name";s:6:"质地";i:17;s:2:"PU";}i:5;a:2:{s:4:"name";s:12:"箱包外形";i:26;s:9:"圆桶形";}}','a:1:{i:1;a:2:{i:2;s:6:"黑色";i:3;s:6:"紫色";}}',NULL,'7','1361905659','1362510459','1',NULL,'0.00','0.00','0.00',NULL,NULL,NULL,'0','0','0','0','0','0','1','0',NULL,NULL,'0.00','0','0.00','1');
INSERT INTO `shopnc_goods` (`goods_id`,`goods_name`,`gc_id`,`gc_name`,`brand_id`,`type_id`,`store_id`,`spec_open`,`spec_id`,`spec_name`,`goods_image`,`goods_image_more`,`goods_store_price`,`goods_store_price_interval`,`goods_serial`,`goods_show`,`goods_click`,`goods_state`,`goods_commend`,`goods_add_time`,`goods_keywords`,`goods_description`,`goods_body`,`goods_attr`,`goods_spec`,`goods_col_img`,`goods_indate`,`goods_starttime`,`goods_endtime`,`goods_form`,`transport_id`,`py_price`,`kd_price`,`es_price`,`city_id`,`province_id`,`goods_close_reason`,`goods_store_state`,`commentnum`,`salenum`,`goods_collect`,`goods_goldnum`,`goods_isztc`,`goods_ztcstate`,`goods_ztcstartdate`,`goods_ztclastdate`,`group_flag`,`group_price`,`xianshi_flag`,`xianshi_discount`,`goods_transfee_charge`) VALUES('82','都市OL系列牛皮两用包【演示数据】','96','鞋包配饰 &gt; 皮具箱包 &gt; 单肩包','0','3','2','1','91','a:1:{i:1;s:6:"颜色";}','2cd6bc3e70205057c54f2cd1ed7f7084.jpg_small.jpg','2cd6bc3e70205057c54f2cd1ed7f7084.jpg_tiny.jpg,904c83a95da5380b136bb295d53245b5.jpg_tiny.jpg,c3820ec42dde8802b85a8f2c8c190cf2.jpg_tiny.jpg,,','269.00','','','1','146','0','0','1322131095','','','<img src="upload/store/goods/2/2cd6bc3e70205057c54f2cd1ed7f7084.jpg" /><img src="upload/store/goods/2/904c83a95da5380b136bb295d53245b5.jpg" /><img src="upload/store/goods/2/c3820ec42dde8802b85a8f2c8c190cf2.jpg" />','a:2:{i:4;a:2:{s:4:"name";s:6:"质地";i:18;s:6:"牛皮";}i:5;a:2:{s:4:"name";s:12:"箱包外形";i:23;s:12:"横款方形";}}','a:1:{i:1;a:3:{i:1;s:6:"白色";i:4;s:6:"红色";i:7;s:6:"蓝色";}}',NULL,'7','1361905659','1362510459','1',NULL,'0.00','0.00','0.00',NULL,NULL,NULL,'0','0','0','0','0','0','1','0',NULL,NULL,'0.00','0','0.00','1');
INSERT INTO `shopnc_goods` (`goods_id`,`goods_name`,`gc_id`,`gc_name`,`brand_id`,`type_id`,`store_id`,`spec_open`,`spec_id`,`spec_name`,`goods_image`,`goods_image_more`,`goods_store_price`,`goods_store_price_interval`,`goods_serial`,`goods_show`,`goods_click`,`goods_state`,`goods_commend`,`goods_add_time`,`goods_keywords`,`goods_description`,`goods_body`,`goods_attr`,`goods_spec`,`goods_col_img`,`goods_indate`,`goods_starttime`,`goods_endtime`,`goods_form`,`transport_id`,`py_price`,`kd_price`,`es_price`,`city_id`,`province_id`,`goods_close_reason`,`goods_store_state`,`commentnum`,`salenum`,`goods_collect`,`goods_goldnum`,`goods_isztc`,`goods_ztcstate`,`goods_ztcstartdate`,`goods_ztclastdate`,`group_flag`,`group_price`,`xianshi_flag`,`xianshi_discount`,`goods_transfee_charge`) VALUES('83','金士顿TF 8G卡','166','数码家电 &gt; 手机 &gt; 手机配件','0','0','2','0','180','N;','951803703f9d12009f3a29b887aa5460.jpg_small.jpg','951803703f9d12009f3a29b887aa5460.jpg_tiny.jpg,,,,','99.00','','','1','4','0','1','1329992292','','','','N;','N;',NULL,'7','1361905659','1362510459','1',NULL,'0.00','0.00','0.00',NULL,NULL,NULL,'0','0','0','0','0','0','1','0',NULL,'1','69.00','0','0.00','1');
INSERT INTO `shopnc_goods` (`goods_id`,`goods_name`,`gc_id`,`gc_name`,`brand_id`,`type_id`,`store_id`,`spec_open`,`spec_id`,`spec_name`,`goods_image`,`goods_image_more`,`goods_store_price`,`goods_store_price_interval`,`goods_serial`,`goods_show`,`goods_click`,`goods_state`,`goods_commend`,`goods_add_time`,`goods_keywords`,`goods_description`,`goods_body`,`goods_attr`,`goods_spec`,`goods_col_img`,`goods_indate`,`goods_starttime`,`goods_endtime`,`goods_form`,`transport_id`,`py_price`,`kd_price`,`es_price`,`city_id`,`province_id`,`goods_close_reason`,`goods_store_state`,`commentnum`,`salenum`,`goods_collect`,`goods_goldnum`,`goods_isztc`,`goods_ztcstate`,`goods_ztcstartdate`,`goods_ztclastdate`,`group_flag`,`group_price`,`xianshi_flag`,`xianshi_discount`,`goods_transfee_charge`) VALUES('84','新款鳄鱼恤男式钱包 进口二层牛皮男皮夹钱包','105','鞋包配饰 &gt; 皮具箱包 &gt; 钱包/卡套','0','3','2','1','184','a:1:{i:1;s:6:"颜色";}','9a52993ed687970a1e012444d2061872.jpg_small.jpg','9a52993ed687970a1e012444d2061872.jpg_tiny.jpg,,,,','198.00','','','1','6','0','1','1329992741','','','','a:2:{i:4;a:2:{s:4:"name";s:6:"质地";i:18;s:6:"牛皮";}i:5;a:2:{s:4:"name";s:12:"箱包外形";i:0;s:0:"";}}','a:1:{i:1;a:2:{i:2;s:6:"黑色";i:8;s:6:"褐色";}}',NULL,'7','1361905659','1362510459','1',NULL,'0.00','0.00','0.00',NULL,NULL,NULL,'0','0','0','0','0','0','1','0',NULL,'1','69.00','0','0.00','1');
INSERT INTO `shopnc_goods_attr_index` (`goods_id`,`gc_id`,`type_id`,`attr_id`,`attr_value_id`) VALUES('28','19','1','3','15');
INSERT INTO `shopnc_goods_attr_index` (`goods_id`,`gc_id`,`type_id`,`attr_id`,`attr_value_id`) VALUES('28','19','1','2','7');
INSERT INTO `shopnc_goods_attr_index` (`goods_id`,`gc_id`,`type_id`,`attr_id`,`attr_value_id`) VALUES('28','19','1','1','1');
INSERT INTO `shopnc_goods_attr_index` (`goods_id`,`gc_id`,`type_id`,`attr_id`,`attr_value_id`) VALUES('27','16','1','3','16');
INSERT INTO `shopnc_goods_attr_index` (`goods_id`,`gc_id`,`type_id`,`attr_id`,`attr_value_id`) VALUES('27','16','1','2','11');
INSERT INTO `shopnc_goods_attr_index` (`goods_id`,`gc_id`,`type_id`,`attr_id`,`attr_value_id`) VALUES('27','16','1','1','1');
INSERT INTO `shopnc_goods_attr_index` (`goods_id`,`gc_id`,`type_id`,`attr_id`,`attr_value_id`) VALUES('79','96','3','5','26');
INSERT INTO `shopnc_goods_attr_index` (`goods_id`,`gc_id`,`type_id`,`attr_id`,`attr_value_id`) VALUES('79','96','3','4','17');
INSERT INTO `shopnc_goods_attr_index` (`goods_id`,`gc_id`,`type_id`,`attr_id`,`attr_value_id`) VALUES('81','96','3','5','26');
INSERT INTO `shopnc_goods_attr_index` (`goods_id`,`gc_id`,`type_id`,`attr_id`,`attr_value_id`) VALUES('81','96','3','4','17');
INSERT INTO `shopnc_goods_attr_index` (`goods_id`,`gc_id`,`type_id`,`attr_id`,`attr_value_id`) VALUES('80','96','3','5','24');
INSERT INTO `shopnc_goods_attr_index` (`goods_id`,`gc_id`,`type_id`,`attr_id`,`attr_value_id`) VALUES('80','96','3','4','18');
INSERT INTO `shopnc_goods_attr_index` (`goods_id`,`gc_id`,`type_id`,`attr_id`,`attr_value_id`) VALUES('82','96','3','5','23');
INSERT INTO `shopnc_goods_attr_index` (`goods_id`,`gc_id`,`type_id`,`attr_id`,`attr_value_id`) VALUES('82','96','3','4','18');
INSERT INTO `shopnc_goods_attr_index` (`goods_id`,`gc_id`,`type_id`,`attr_id`,`attr_value_id`) VALUES('78','96','3','5','23');
INSERT INTO `shopnc_goods_attr_index` (`goods_id`,`gc_id`,`type_id`,`attr_id`,`attr_value_id`) VALUES('78','96','3','4','17');
INSERT INTO `shopnc_goods_attr_index` (`goods_id`,`gc_id`,`type_id`,`attr_id`,`attr_value_id`) VALUES('25','15','1','1','1');
INSERT INTO `shopnc_goods_attr_index` (`goods_id`,`gc_id`,`type_id`,`attr_id`,`attr_value_id`) VALUES('25','15','1','2','7');
INSERT INTO `shopnc_goods_attr_index` (`goods_id`,`gc_id`,`type_id`,`attr_id`,`attr_value_id`) VALUES('25','15','1','3','15');
INSERT INTO `shopnc_goods_attr_index` (`goods_id`,`gc_id`,`type_id`,`attr_id`,`attr_value_id`) VALUES('24','19','1','1','1');
INSERT INTO `shopnc_goods_attr_index` (`goods_id`,`gc_id`,`type_id`,`attr_id`,`attr_value_id`) VALUES('24','19','1','2','7');
INSERT INTO `shopnc_goods_attr_index` (`goods_id`,`gc_id`,`type_id`,`attr_id`,`attr_value_id`) VALUES('24','19','1','3','15');
INSERT INTO `shopnc_goods_attr_index` (`goods_id`,`gc_id`,`type_id`,`attr_id`,`attr_value_id`) VALUES('22','19','1','1','1');
INSERT INTO `shopnc_goods_attr_index` (`goods_id`,`gc_id`,`type_id`,`attr_id`,`attr_value_id`) VALUES('22','19','1','2','10');
INSERT INTO `shopnc_goods_attr_index` (`goods_id`,`gc_id`,`type_id`,`attr_id`,`attr_value_id`) VALUES('22','19','1','3','16');
INSERT INTO `shopnc_goods_attr_index` (`goods_id`,`gc_id`,`type_id`,`attr_id`,`attr_value_id`) VALUES('21','17','1','1','1');
INSERT INTO `shopnc_goods_attr_index` (`goods_id`,`gc_id`,`type_id`,`attr_id`,`attr_value_id`) VALUES('21','17','1','2','7');
INSERT INTO `shopnc_goods_attr_index` (`goods_id`,`gc_id`,`type_id`,`attr_id`,`attr_value_id`) VALUES('21','17','1','3','15');
INSERT INTO `shopnc_goods_attr_index` (`goods_id`,`gc_id`,`type_id`,`attr_id`,`attr_value_id`) VALUES('19','17','1','1','1');
INSERT INTO `shopnc_goods_attr_index` (`goods_id`,`gc_id`,`type_id`,`attr_id`,`attr_value_id`) VALUES('19','17','1','2','9');
INSERT INTO `shopnc_goods_attr_index` (`goods_id`,`gc_id`,`type_id`,`attr_id`,`attr_value_id`) VALUES('19','17','1','3','16');
INSERT INTO `shopnc_goods_attr_index` (`goods_id`,`gc_id`,`type_id`,`attr_id`,`attr_value_id`) VALUES('16','17','1','1','1');
INSERT INTO `shopnc_goods_attr_index` (`goods_id`,`gc_id`,`type_id`,`attr_id`,`attr_value_id`) VALUES('16','17','1','2','7');
INSERT INTO `shopnc_goods_attr_index` (`goods_id`,`gc_id`,`type_id`,`attr_id`,`attr_value_id`) VALUES('16','17','1','3','16');
INSERT INTO `shopnc_goods_attr_index` (`goods_id`,`gc_id`,`type_id`,`attr_id`,`attr_value_id`) VALUES('2','16','1','1','1');
INSERT INTO `shopnc_goods_attr_index` (`goods_id`,`gc_id`,`type_id`,`attr_id`,`attr_value_id`) VALUES('2','16','1','2','7');
INSERT INTO `shopnc_goods_attr_index` (`goods_id`,`gc_id`,`type_id`,`attr_id`,`attr_value_id`) VALUES('2','16','1','3','16');
INSERT INTO `shopnc_goods_attr_index` (`goods_id`,`gc_id`,`type_id`,`attr_id`,`attr_value_id`) VALUES('11','174','5','8','38');
INSERT INTO `shopnc_goods_attr_index` (`goods_id`,`gc_id`,`type_id`,`attr_id`,`attr_value_id`) VALUES('11','174','5','9','40');
INSERT INTO `shopnc_goods_attr_index` (`goods_id`,`gc_id`,`type_id`,`attr_id`,`attr_value_id`) VALUES('10','174','5','8','37');
INSERT INTO `shopnc_goods_attr_index` (`goods_id`,`gc_id`,`type_id`,`attr_id`,`attr_value_id`) VALUES('10','174','5','9','41');
INSERT INTO `shopnc_goods_attr_index` (`goods_id`,`gc_id`,`type_id`,`attr_id`,`attr_value_id`) VALUES('12','16','1','1','1');
INSERT INTO `shopnc_goods_attr_index` (`goods_id`,`gc_id`,`type_id`,`attr_id`,`attr_value_id`) VALUES('12','16','1','2','13');
INSERT INTO `shopnc_goods_attr_index` (`goods_id`,`gc_id`,`type_id`,`attr_id`,`attr_value_id`) VALUES('12','16','1','3','16');
INSERT INTO `shopnc_goods_attr_index` (`goods_id`,`gc_id`,`type_id`,`attr_id`,`attr_value_id`) VALUES('9','174','5','8','38');
INSERT INTO `shopnc_goods_attr_index` (`goods_id`,`gc_id`,`type_id`,`attr_id`,`attr_value_id`) VALUES('9','174','5','9','41');
INSERT INTO `shopnc_goods_attr_index` (`goods_id`,`gc_id`,`type_id`,`attr_id`,`attr_value_id`) VALUES('8','174','5','8','38');
INSERT INTO `shopnc_goods_attr_index` (`goods_id`,`gc_id`,`type_id`,`attr_id`,`attr_value_id`) VALUES('8','174','5','9','40');
INSERT INTO `shopnc_goods_attr_index` (`goods_id`,`gc_id`,`type_id`,`attr_id`,`attr_value_id`) VALUES('7','174','5','8','37');
INSERT INTO `shopnc_goods_attr_index` (`goods_id`,`gc_id`,`type_id`,`attr_id`,`attr_value_id`) VALUES('7','174','5','9','41');
INSERT INTO `shopnc_goods_attr_index` (`goods_id`,`gc_id`,`type_id`,`attr_id`,`attr_value_id`) VALUES('6','174','5','8','38');
INSERT INTO `shopnc_goods_attr_index` (`goods_id`,`gc_id`,`type_id`,`attr_id`,`attr_value_id`) VALUES('6','174','5','9','40');
INSERT INTO `shopnc_goods_attr_index` (`goods_id`,`gc_id`,`type_id`,`attr_id`,`attr_value_id`) VALUES('5','174','5','8','38');
INSERT INTO `shopnc_goods_attr_index` (`goods_id`,`gc_id`,`type_id`,`attr_id`,`attr_value_id`) VALUES('5','174','5','9','41');
INSERT INTO `shopnc_goods_attr_index` (`goods_id`,`gc_id`,`type_id`,`attr_id`,`attr_value_id`) VALUES('4','174','5','8','38');
INSERT INTO `shopnc_goods_attr_index` (`goods_id`,`gc_id`,`type_id`,`attr_id`,`attr_value_id`) VALUES('4','174','5','9','41');
INSERT INTO `shopnc_goods_attr_index` (`goods_id`,`gc_id`,`type_id`,`attr_id`,`attr_value_id`) VALUES('3','174','5','8','38');
INSERT INTO `shopnc_goods_attr_index` (`goods_id`,`gc_id`,`type_id`,`attr_id`,`attr_value_id`) VALUES('3','174','5','9','41');
INSERT INTO `shopnc_goods_attr_index` (`goods_id`,`gc_id`,`type_id`,`attr_id`,`attr_value_id`) VALUES('77','199','4','6','29');
INSERT INTO `shopnc_goods_attr_index` (`goods_id`,`gc_id`,`type_id`,`attr_id`,`attr_value_id`) VALUES('77','199','4','11','53');
INSERT INTO `shopnc_goods_attr_index` (`goods_id`,`gc_id`,`type_id`,`attr_id`,`attr_value_id`) VALUES('77','199','4','7','33');
INSERT INTO `shopnc_goods_attr_index` (`goods_id`,`gc_id`,`type_id`,`attr_id`,`attr_value_id`) VALUES('77','199','4','10','45');
INSERT INTO `shopnc_goods_attr_index` (`goods_id`,`gc_id`,`type_id`,`attr_id`,`attr_value_id`) VALUES('1','174','5','8','37');
INSERT INTO `shopnc_goods_attr_index` (`goods_id`,`gc_id`,`type_id`,`attr_id`,`attr_value_id`) VALUES('1','174','5','9','40');
INSERT INTO `shopnc_goods_attr_index` (`goods_id`,`gc_id`,`type_id`,`attr_id`,`attr_value_id`) VALUES('76','199','4','6','30');
INSERT INTO `shopnc_goods_attr_index` (`goods_id`,`gc_id`,`type_id`,`attr_id`,`attr_value_id`) VALUES('76','199','4','11','49');
INSERT INTO `shopnc_goods_attr_index` (`goods_id`,`gc_id`,`type_id`,`attr_id`,`attr_value_id`) VALUES('76','199','4','7','35');
INSERT INTO `shopnc_goods_attr_index` (`goods_id`,`gc_id`,`type_id`,`attr_id`,`attr_value_id`) VALUES('76','199','4','10','43');
INSERT INTO `shopnc_goods_attr_index` (`goods_id`,`gc_id`,`type_id`,`attr_id`,`attr_value_id`) VALUES('75','199','4','6','29');
INSERT INTO `shopnc_goods_attr_index` (`goods_id`,`gc_id`,`type_id`,`attr_id`,`attr_value_id`) VALUES('75','199','4','11','53');
INSERT INTO `shopnc_goods_attr_index` (`goods_id`,`gc_id`,`type_id`,`attr_id`,`attr_value_id`) VALUES('75','199','4','7','35');
INSERT INTO `shopnc_goods_attr_index` (`goods_id`,`gc_id`,`type_id`,`attr_id`,`attr_value_id`) VALUES('75','199','4','10','45');
INSERT INTO `shopnc_goods_attr_index` (`goods_id`,`gc_id`,`type_id`,`attr_id`,`attr_value_id`) VALUES('74','199','4','6','31');
INSERT INTO `shopnc_goods_attr_index` (`goods_id`,`gc_id`,`type_id`,`attr_id`,`attr_value_id`) VALUES('74','199','4','11','51');
INSERT INTO `shopnc_goods_attr_index` (`goods_id`,`gc_id`,`type_id`,`attr_id`,`attr_value_id`) VALUES('74','199','4','7','34');
INSERT INTO `shopnc_goods_attr_index` (`goods_id`,`gc_id`,`type_id`,`attr_id`,`attr_value_id`) VALUES('74','199','4','10','43');
INSERT INTO `shopnc_goods_attr_index` (`goods_id`,`gc_id`,`type_id`,`attr_id`,`attr_value_id`) VALUES('84','105','3','4','18');
INSERT INTO `shopnc_goods_class` (`gc_id`,`gc_name`,`type_id`,`type_name`,`store_id`,`gc_parent_id`,`gc_sort`,`gc_show`,`gc_index_show`,`gc_title`,`gc_keywords`,`gc_description`) VALUES('1','男女服装','1','服装','0','0','1','1','1','','','');
INSERT INTO `shopnc_goods_class` (`gc_id`,`gc_name`,`type_id`,`type_name`,`store_id`,`gc_parent_id`,`gc_sort`,`gc_show`,`gc_index_show`,`gc_title`,`gc_keywords`,`gc_description`) VALUES('2','鞋包配饰','0','','0','0','2','1','1','','','');
INSERT INTO `shopnc_goods_class` (`gc_id`,`gc_name`,`type_id`,`type_name`,`store_id`,`gc_parent_id`,`gc_sort`,`gc_show`,`gc_index_show`,`gc_title`,`gc_keywords`,`gc_description`) VALUES('3','美容美妆','0','','0','0','3','1','1','','','');
INSERT INTO `shopnc_goods_class` (`gc_id`,`gc_name`,`type_id`,`type_name`,`store_id`,`gc_parent_id`,`gc_sort`,`gc_show`,`gc_index_show`,`gc_title`,`gc_keywords`,`gc_description`) VALUES('4','数码家电','0','','0','0','5','1','1','','','');
INSERT INTO `shopnc_goods_class` (`gc_id`,`gc_name`,`type_id`,`type_name`,`store_id`,`gc_parent_id`,`gc_sort`,`gc_show`,`gc_index_show`,`gc_title`,`gc_keywords`,`gc_description`) VALUES('5','家居家装','0','','0','0','6','1','1','','','');
INSERT INTO `shopnc_goods_class` (`gc_id`,`gc_name`,`type_id`,`type_name`,`store_id`,`gc_parent_id`,`gc_sort`,`gc_show`,`gc_index_show`,`gc_title`,`gc_keywords`,`gc_description`) VALUES('6','食品保健','0','','0','0','7','1','1','','','');
INSERT INTO `shopnc_goods_class` (`gc_id`,`gc_name`,`type_id`,`type_name`,`store_id`,`gc_parent_id`,`gc_sort`,`gc_show`,`gc_index_show`,`gc_title`,`gc_keywords`,`gc_description`) VALUES('7','母婴用品','0','','0','0','8','1','1','','','');
INSERT INTO `shopnc_goods_class` (`gc_id`,`gc_name`,`type_id`,`type_name`,`store_id`,`gc_parent_id`,`gc_sort`,`gc_show`,`gc_index_show`,`gc_title`,`gc_keywords`,`gc_description`) VALUES('8','运动户外','0','','0','0','4','1','1','','','');
INSERT INTO `shopnc_goods_class` (`gc_id`,`gc_name`,`type_id`,`type_name`,`store_id`,`gc_parent_id`,`gc_sort`,`gc_show`,`gc_index_show`,`gc_title`,`gc_keywords`,`gc_description`) VALUES('9','文化娱乐','0','','0','0','9','1','0','','','');
INSERT INTO `shopnc_goods_class` (`gc_id`,`gc_name`,`type_id`,`type_name`,`store_id`,`gc_parent_id`,`gc_sort`,`gc_show`,`gc_index_show`,`gc_title`,`gc_keywords`,`gc_description`) VALUES('10','话费网游','0','','0','0','10','1','0','','','');
INSERT INTO `shopnc_goods_class` (`gc_id`,`gc_name`,`type_id`,`type_name`,`store_id`,`gc_parent_id`,`gc_sort`,`gc_show`,`gc_index_show`,`gc_title`,`gc_keywords`,`gc_description`) VALUES('11','票务旅游','0','','0','0','11','1','0','','','');
INSERT INTO `shopnc_goods_class` (`gc_id`,`gc_name`,`type_id`,`type_name`,`store_id`,`gc_parent_id`,`gc_sort`,`gc_show`,`gc_index_show`,`gc_title`,`gc_keywords`,`gc_description`) VALUES('12','女装','1','服装','0','1','255','1','1','','','');
INSERT INTO `shopnc_goods_class` (`gc_id`,`gc_name`,`type_id`,`type_name`,`store_id`,`gc_parent_id`,`gc_sort`,`gc_show`,`gc_index_show`,`gc_title`,`gc_keywords`,`gc_description`) VALUES('13','男装','1','服装','0','1','255','1','1','','','');
INSERT INTO `shopnc_goods_class` (`gc_id`,`gc_name`,`type_id`,`type_name`,`store_id`,`gc_parent_id`,`gc_sort`,`gc_show`,`gc_index_show`,`gc_title`,`gc_keywords`,`gc_description`) VALUES('14','内衣/睡衣','1','服装','0','1','255','1','1','','','');
INSERT INTO `shopnc_goods_class` (`gc_id`,`gc_name`,`type_id`,`type_name`,`store_id`,`gc_parent_id`,`gc_sort`,`gc_show`,`gc_index_show`,`gc_title`,`gc_keywords`,`gc_description`) VALUES('15','羽绒服','1','服装','0','13','255','1','1','','','');
INSERT INTO `shopnc_goods_class` (`gc_id`,`gc_name`,`type_id`,`type_name`,`store_id`,`gc_parent_id`,`gc_sort`,`gc_show`,`gc_index_show`,`gc_title`,`gc_keywords`,`gc_description`) VALUES('16','棉衣','1','服装','0','12','255','1','1','','','');
INSERT INTO `shopnc_goods_class` (`gc_id`,`gc_name`,`type_id`,`type_name`,`store_id`,`gc_parent_id`,`gc_sort`,`gc_show`,`gc_index_show`,`gc_title`,`gc_keywords`,`gc_description`) VALUES('17','毛呢大衣','1','服装','0','12','255','1','0','','','');
INSERT INTO `shopnc_goods_class` (`gc_id`,`gc_name`,`type_id`,`type_name`,`store_id`,`gc_parent_id`,`gc_sort`,`gc_show`,`gc_index_show`,`gc_title`,`gc_keywords`,`gc_description`) VALUES('18','风衣','1','服装','0','12','255','1','1','','','');
INSERT INTO `shopnc_goods_class` (`gc_id`,`gc_name`,`type_id`,`type_name`,`store_id`,`gc_parent_id`,`gc_sort`,`gc_show`,`gc_index_show`,`gc_title`,`gc_keywords`,`gc_description`) VALUES('19','打底衫','1','服装','0','12','255','1','1','','','');
INSERT INTO `shopnc_goods_class` (`gc_id`,`gc_name`,`type_id`,`type_name`,`store_id`,`gc_parent_id`,`gc_sort`,`gc_show`,`gc_index_show`,`gc_title`,`gc_keywords`,`gc_description`) VALUES('20','情侣装','1','服装','0','12','255','1','1','','','');
INSERT INTO `shopnc_goods_class` (`gc_id`,`gc_name`,`type_id`,`type_name`,`store_id`,`gc_parent_id`,`gc_sort`,`gc_show`,`gc_index_show`,`gc_title`,`gc_keywords`,`gc_description`) VALUES('21','毛呢短裤','1','服装','0','12','255','1','0','','','');
INSERT INTO `shopnc_goods_class` (`gc_id`,`gc_name`,`type_id`,`type_name`,`store_id`,`gc_parent_id`,`gc_sort`,`gc_show`,`gc_index_show`,`gc_title`,`gc_keywords`,`gc_description`) VALUES('22','牛仔裤','1','服装','0','12','255','1','1','','','');
INSERT INTO `shopnc_goods_class` (`gc_id`,`gc_name`,`type_id`,`type_name`,`store_id`,`gc_parent_id`,`gc_sort`,`gc_show`,`gc_index_show`,`gc_title`,`gc_keywords`,`gc_description`) VALUES('23','加绒打底裤','1','服装','0','12','255','1','0','','','');
INSERT INTO `shopnc_goods_class` (`gc_id`,`gc_name`,`type_id`,`type_name`,`store_id`,`gc_parent_id`,`gc_sort`,`gc_show`,`gc_index_show`,`gc_title`,`gc_keywords`,`gc_description`) VALUES('24','小脚裤','1','服装','0','12','255','1','1','','','');
INSERT INTO `shopnc_goods_class` (`gc_id`,`gc_name`,`type_id`,`type_name`,`store_id`,`gc_parent_id`,`gc_sort`,`gc_show`,`gc_index_show`,`gc_title`,`gc_keywords`,`gc_description`) VALUES('25','半身裙','1','服装','0','12','255','1','1','','','');
INSERT INTO `shopnc_goods_class` (`gc_id`,`gc_name`,`type_id`,`type_name`,`store_id`,`gc_parent_id`,`gc_sort`,`gc_show`,`gc_index_show`,`gc_title`,`gc_keywords`,`gc_description`) VALUES('26','毛呢连衣裙','1','服装','0','12','255','1','0','','','');
INSERT INTO `shopnc_goods_class` (`gc_id`,`gc_name`,`type_id`,`type_name`,`store_id`,`gc_parent_id`,`gc_sort`,`gc_show`,`gc_index_show`,`gc_title`,`gc_keywords`,`gc_description`) VALUES('27','长袖连衣裙','1','服装','0','12','255','1','0','','','');
INSERT INTO `shopnc_goods_class` (`gc_id`,`gc_name`,`type_id`,`type_name`,`store_id`,`gc_parent_id`,`gc_sort`,`gc_show`,`gc_index_show`,`gc_title`,`gc_keywords`,`gc_description`) VALUES('28','卫衣','1','服装','0','13','255','1','1','','','');
INSERT INTO `shopnc_goods_class` (`gc_id`,`gc_name`,`type_id`,`type_name`,`store_id`,`gc_parent_id`,`gc_sort`,`gc_show`,`gc_index_show`,`gc_title`,`gc_keywords`,`gc_description`) VALUES('29','长袖T恤','1','服装','0','13','255','1','0','','','');
INSERT INTO `shopnc_goods_class` (`gc_id`,`gc_name`,`type_id`,`type_name`,`store_id`,`gc_parent_id`,`gc_sort`,`gc_show`,`gc_index_show`,`gc_title`,`gc_keywords`,`gc_description`) VALUES('30','长袖衬衫','1','服装','0','13','255','1','0','','','');
INSERT INTO `shopnc_goods_class` (`gc_id`,`gc_name`,`type_id`,`type_name`,`store_id`,`gc_parent_id`,`gc_sort`,`gc_show`,`gc_index_show`,`gc_title`,`gc_keywords`,`gc_description`) VALUES('31','品质秋冬外套','1','服装','0','13','255','1','0','','','');
INSERT INTO `shopnc_goods_class` (`gc_id`,`gc_name`,`type_id`,`type_name`,`store_id`,`gc_parent_id`,`gc_sort`,`gc_show`,`gc_index_show`,`gc_title`,`gc_keywords`,`gc_description`) VALUES('32','风衣','1','服装','0','13','255','1','1','','','');
INSERT INTO `shopnc_goods_class` (`gc_id`,`gc_name`,`type_id`,`type_name`,`store_id`,`gc_parent_id`,`gc_sort`,`gc_show`,`gc_index_show`,`gc_title`,`gc_keywords`,`gc_description`) VALUES('33','休闲西装','1','服装','0','13','255','1','0','','','');
INSERT INTO `shopnc_goods_class` (`gc_id`,`gc_name`,`type_id`,`type_name`,`store_id`,`gc_parent_id`,`gc_sort`,`gc_show`,`gc_index_show`,`gc_title`,`gc_keywords`,`gc_description`) VALUES('34','棉衣','1','服装','0','13','255','1','1','','','');
INSERT INTO `shopnc_goods_class` (`gc_id`,`gc_name`,`type_id`,`type_name`,`store_id`,`gc_parent_id`,`gc_sort`,`gc_show`,`gc_index_show`,`gc_title`,`gc_keywords`,`gc_description`) VALUES('35','休闲长裤','1','服装','0','13','255','1','0','','','');
INSERT INTO `shopnc_goods_class` (`gc_id`,`gc_name`,`type_id`,`type_name`,`store_id`,`gc_parent_id`,`gc_sort`,`gc_show`,`gc_index_show`,`gc_title`,`gc_keywords`,`gc_description`) VALUES('36','内衣内裤','1','服装','0','13','255','1','0','','','');
INSERT INTO `shopnc_goods_class` (`gc_id`,`gc_name`,`type_id`,`type_name`,`store_id`,`gc_parent_id`,`gc_sort`,`gc_show`,`gc_index_show`,`gc_title`,`gc_keywords`,`gc_description`) VALUES('37','保暖内衣','1','服装','0','14','255','1','0','','','');
INSERT INTO `shopnc_goods_class` (`gc_id`,`gc_name`,`type_id`,`type_name`,`store_id`,`gc_parent_id`,`gc_sort`,`gc_show`,`gc_index_show`,`gc_title`,`gc_keywords`,`gc_description`) VALUES('38','保暖打底裤','1','服装','0','14','255','1','0','','','');
INSERT INTO `shopnc_goods_class` (`gc_id`,`gc_name`,`type_id`,`type_name`,`store_id`,`gc_parent_id`,`gc_sort`,`gc_show`,`gc_index_show`,`gc_title`,`gc_keywords`,`gc_description`) VALUES('39','秋冬睡衣','1','服装','0','14','255','1','0','','','');
INSERT INTO `shopnc_goods_class` (`gc_id`,`gc_name`,`type_id`,`type_name`,`store_id`,`gc_parent_id`,`gc_sort`,`gc_show`,`gc_index_show`,`gc_title`,`gc_keywords`,`gc_description`) VALUES('40','珊瑚绒睡衣','1','服装','0','14','255','1','0','','','');
INSERT INTO `shopnc_goods_class` (`gc_id`,`gc_name`,`type_id`,`type_name`,`store_id`,`gc_parent_id`,`gc_sort`,`gc_show`,`gc_index_show`,`gc_title`,`gc_keywords`,`gc_description`) VALUES('41','塑身内衣','1','服装','0','14','255','1','0','','','');
INSERT INTO `shopnc_goods_class` (`gc_id`,`gc_name`,`type_id`,`type_name`,`store_id`,`gc_parent_id`,`gc_sort`,`gc_show`,`gc_index_show`,`gc_title`,`gc_keywords`,`gc_description`) VALUES('42','文胸套装','1','服装','0','14','255','1','0','','','');
INSERT INTO `shopnc_goods_class` (`gc_id`,`gc_name`,`type_id`,`type_name`,`store_id`,`gc_parent_id`,`gc_sort`,`gc_show`,`gc_index_show`,`gc_title`,`gc_keywords`,`gc_description`) VALUES('43','文胸','1','服装','0','14','255','1','1','','','');
INSERT INTO `shopnc_goods_class` (`gc_id`,`gc_name`,`type_id`,`type_name`,`store_id`,`gc_parent_id`,`gc_sort`,`gc_show`,`gc_index_show`,`gc_title`,`gc_keywords`,`gc_description`) VALUES('44','内裤','1','服装','0','14','255','1','1','','','');
INSERT INTO `shopnc_goods_class` (`gc_id`,`gc_name`,`type_id`,`type_name`,`store_id`,`gc_parent_id`,`gc_sort`,`gc_show`,`gc_index_show`,`gc_title`,`gc_keywords`,`gc_description`) VALUES('45','袜子','1','服装','0','14','255','1','1','','','');
INSERT INTO `shopnc_goods_class` (`gc_id`,`gc_name`,`type_id`,`type_name`,`store_id`,`gc_parent_id`,`gc_sort`,`gc_show`,`gc_index_show`,`gc_title`,`gc_keywords`,`gc_description`) VALUES('46','连裤袜','1','服装','0','14','255','1','1','','','');
INSERT INTO `shopnc_goods_class` (`gc_id`,`gc_name`,`type_id`,`type_name`,`store_id`,`gc_parent_id`,`gc_sort`,`gc_show`,`gc_index_show`,`gc_title`,`gc_keywords`,`gc_description`) VALUES('47','棉袜','1','服装','0','14','255','1','1','','','');
INSERT INTO `shopnc_goods_class` (`gc_id`,`gc_name`,`type_id`,`type_name`,`store_id`,`gc_parent_id`,`gc_sort`,`gc_show`,`gc_index_show`,`gc_title`,`gc_keywords`,`gc_description`) VALUES('48','话费','0','','0','10','255','1','0','','','');
INSERT INTO `shopnc_goods_class` (`gc_id`,`gc_name`,`type_id`,`type_name`,`store_id`,`gc_parent_id`,`gc_sort`,`gc_show`,`gc_index_show`,`gc_title`,`gc_keywords`,`gc_description`) VALUES('49','保险','0','','0','10','255','1','0','','','');
INSERT INTO `shopnc_goods_class` (`gc_id`,`gc_name`,`type_id`,`type_name`,`store_id`,`gc_parent_id`,`gc_sort`,`gc_show`,`gc_index_show`,`gc_title`,`gc_keywords`,`gc_description`) VALUES('50','腾讯业务','0','','0','10','255','1','0','','','');
INSERT INTO `shopnc_goods_class` (`gc_id`,`gc_name`,`type_id`,`type_name`,`store_id`,`gc_parent_id`,`gc_sort`,`gc_show`,`gc_index_show`,`gc_title`,`gc_keywords`,`gc_description`) VALUES('51','话费直充','0','','0','48','255','1','0','','','');
INSERT INTO `shopnc_goods_class` (`gc_id`,`gc_name`,`type_id`,`type_name`,`store_id`,`gc_parent_id`,`gc_sort`,`gc_show`,`gc_index_show`,`gc_title`,`gc_keywords`,`gc_description`) VALUES('52','移动充值卡','0','','0','48','255','1','0','','','');
INSERT INTO `shopnc_goods_class` (`gc_id`,`gc_name`,`type_id`,`type_name`,`store_id`,`gc_parent_id`,`gc_sort`,`gc_show`,`gc_index_show`,`gc_title`,`gc_keywords`,`gc_description`) VALUES('53','联通充值卡','0','','0','48','255','1','0','','','');
INSERT INTO `shopnc_goods_class` (`gc_id`,`gc_name`,`type_id`,`type_name`,`store_id`,`gc_parent_id`,`gc_sort`,`gc_show`,`gc_index_show`,`gc_title`,`gc_keywords`,`gc_description`) VALUES('54','电信充值卡','0','','0','48','255','1','0','','','');
INSERT INTO `shopnc_goods_class` (`gc_id`,`gc_name`,`type_id`,`type_name`,`store_id`,`gc_parent_id`,`gc_sort`,`gc_show`,`gc_index_show`,`gc_title`,`gc_keywords`,`gc_description`) VALUES('55','固话充值卡','0','','0','48','255','1','0','','','');
INSERT INTO `shopnc_goods_class` (`gc_id`,`gc_name`,`type_id`,`type_name`,`store_id`,`gc_parent_id`,`gc_sort`,`gc_show`,`gc_index_show`,`gc_title`,`gc_keywords`,`gc_description`) VALUES('56','IP卡','0','','0','48','255','1','0','','','');
INSERT INTO `shopnc_goods_class` (`gc_id`,`gc_name`,`type_id`,`type_name`,`store_id`,`gc_parent_id`,`gc_sort`,`gc_show`,`gc_index_show`,`gc_title`,`gc_keywords`,`gc_description`) VALUES('57','网络电话','0','','0','48','255','1','0','','','');
INSERT INTO `shopnc_goods_class` (`gc_id`,`gc_name`,`type_id`,`type_name`,`store_id`,`gc_parent_id`,`gc_sort`,`gc_show`,`gc_index_show`,`gc_title`,`gc_keywords`,`gc_description`) VALUES('58','手机号码卡','0','','0','48','255','1','0','','','');
INSERT INTO `shopnc_goods_class` (`gc_id`,`gc_name`,`type_id`,`type_name`,`store_id`,`gc_parent_id`,`gc_sort`,`gc_show`,`gc_index_show`,`gc_title`,`gc_keywords`,`gc_description`) VALUES('341','家具','0','','0','5','255','1','1','','','');
INSERT INTO `shopnc_goods_class` (`gc_id`,`gc_name`,`type_id`,`type_name`,`store_id`,`gc_parent_id`,`gc_sort`,`gc_show`,`gc_index_show`,`gc_title`,`gc_keywords`,`gc_description`) VALUES('343','茶几','0','','0','341','255','1','1','','','');
INSERT INTO `shopnc_goods_class` (`gc_id`,`gc_name`,`type_id`,`type_name`,`store_id`,`gc_parent_id`,`gc_sort`,`gc_show`,`gc_index_show`,`gc_title`,`gc_keywords`,`gc_description`) VALUES('342','沙发','0','','0','341','255','1','1','','','');
INSERT INTO `shopnc_goods_class` (`gc_id`,`gc_name`,`type_id`,`type_name`,`store_id`,`gc_parent_id`,`gc_sort`,`gc_show`,`gc_index_show`,`gc_title`,`gc_keywords`,`gc_description`) VALUES('75','旅行意外险','0','','0','49','255','1','0','','','');
INSERT INTO `shopnc_goods_class` (`gc_id`,`gc_name`,`type_id`,`type_name`,`store_id`,`gc_parent_id`,`gc_sort`,`gc_show`,`gc_index_show`,`gc_title`,`gc_keywords`,`gc_description`) VALUES('76','自驾意外险','0','','0','49','255','1','0','','','');
INSERT INTO `shopnc_goods_class` (`gc_id`,`gc_name`,`type_id`,`type_name`,`store_id`,`gc_parent_id`,`gc_sort`,`gc_show`,`gc_index_show`,`gc_title`,`gc_keywords`,`gc_description`) VALUES('77','家庭财产险','0','','0','49','255','1','0','','','');
INSERT INTO `shopnc_goods_class` (`gc_id`,`gc_name`,`type_id`,`type_name`,`store_id`,`gc_parent_id`,`gc_sort`,`gc_show`,`gc_index_show`,`gc_title`,`gc_keywords`,`gc_description`) VALUES('78','老人骨折险','0','','0','49','255','1','0','','','');
INSERT INTO `shopnc_goods_class` (`gc_id`,`gc_name`,`type_id`,`type_name`,`store_id`,`gc_parent_id`,`gc_sort`,`gc_show`,`gc_index_show`,`gc_title`,`gc_keywords`,`gc_description`) VALUES('79','家财火宅险','0','','0','49','255','1','0','','','');
INSERT INTO `shopnc_goods_class` (`gc_id`,`gc_name`,`type_id`,`type_name`,`store_id`,`gc_parent_id`,`gc_sort`,`gc_show`,`gc_index_show`,`gc_title`,`gc_keywords`,`gc_description`) VALUES('80','车险','0','','0','49','255','1','0','','','');
INSERT INTO `shopnc_goods_class` (`gc_id`,`gc_name`,`type_id`,`type_name`,`store_id`,`gc_parent_id`,`gc_sort`,`gc_show`,`gc_index_show`,`gc_title`,`gc_keywords`,`gc_description`) VALUES('81','Q币充值','0','','0','50','255','1','0','','','');
INSERT INTO `shopnc_goods_class` (`gc_id`,`gc_name`,`type_id`,`type_name`,`store_id`,`gc_parent_id`,`gc_sort`,`gc_show`,`gc_index_show`,`gc_title`,`gc_keywords`,`gc_description`) VALUES('82','Q点充值','0','','0','50','255','1','0','','','');
INSERT INTO `shopnc_goods_class` (`gc_id`,`gc_name`,`type_id`,`type_name`,`store_id`,`gc_parent_id`,`gc_sort`,`gc_show`,`gc_index_show`,`gc_title`,`gc_keywords`,`gc_description`) VALUES('83','QQ卡','0','','0','50','255','1','0','','','');
INSERT INTO `shopnc_goods_class` (`gc_id`,`gc_name`,`type_id`,`type_name`,`store_id`,`gc_parent_id`,`gc_sort`,`gc_show`,`gc_index_show`,`gc_title`,`gc_keywords`,`gc_description`) VALUES('84','超级QQ','0','','0','50','255','1','0','','','');
INSERT INTO `shopnc_goods_class` (`gc_id`,`gc_name`,`type_id`,`type_name`,`store_id`,`gc_parent_id`,`gc_sort`,`gc_show`,`gc_index_show`,`gc_title`,`gc_keywords`,`gc_description`) VALUES('85','QQ会员','0','','0','50','255','1','0','','','');
INSERT INTO `shopnc_goods_class` (`gc_id`,`gc_name`,`type_id`,`type_name`,`store_id`,`gc_parent_id`,`gc_sort`,`gc_show`,`gc_index_show`,`gc_title`,`gc_keywords`,`gc_description`) VALUES('86','红钻','0','','0','50','255','1','0','','','');
INSERT INTO `shopnc_goods_class` (`gc_id`,`gc_name`,`type_id`,`type_name`,`store_id`,`gc_parent_id`,`gc_sort`,`gc_show`,`gc_index_show`,`gc_title`,`gc_keywords`,`gc_description`) VALUES('87','黄钻','0','','0','50','255','1','0','','','');
INSERT INTO `shopnc_goods_class` (`gc_id`,`gc_name`,`type_id`,`type_name`,`store_id`,`gc_parent_id`,`gc_sort`,`gc_show`,`gc_index_show`,`gc_title`,`gc_keywords`,`gc_description`) VALUES('88','绿钻','0','','0','50','255','1','0','','','');
INSERT INTO `shopnc_goods_class` (`gc_id`,`gc_name`,`type_id`,`type_name`,`store_id`,`gc_parent_id`,`gc_sort`,`gc_show`,`gc_index_show`,`gc_title`,`gc_keywords`,`gc_description`) VALUES('89','蓝钻','0','','0','50','255','1','0','','','');
INSERT INTO `shopnc_goods_class` (`gc_id`,`gc_name`,`type_id`,`type_name`,`store_id`,`gc_parent_id`,`gc_sort`,`gc_show`,`gc_index_show`,`gc_title`,`gc_keywords`,`gc_description`) VALUES('90','DNF黑钻','0','','0','50','255','1','0','','','');
INSERT INTO `shopnc_goods_class` (`gc_id`,`gc_name`,`type_id`,`type_name`,`store_id`,`gc_parent_id`,`gc_sort`,`gc_show`,`gc_index_show`,`gc_title`,`gc_keywords`,`gc_description`) VALUES('91','CF会员','0','','0','50','255','1','0','','','');
INSERT INTO `shopnc_goods_class` (`gc_id`,`gc_name`,`type_id`,`type_name`,`store_id`,`gc_parent_id`,`gc_sort`,`gc_show`,`gc_index_show`,`gc_title`,`gc_keywords`,`gc_description`) VALUES('92','音速紫钻','0','','0','50','255','1','0','','','');
INSERT INTO `shopnc_goods_class` (`gc_id`,`gc_name`,`type_id`,`type_name`,`store_id`,`gc_parent_id`,`gc_sort`,`gc_show`,`gc_index_show`,`gc_title`,`gc_keywords`,`gc_description`) VALUES('93','皮具箱包','3','箱包','0','2','255','1','1','','','');
INSERT INTO `shopnc_goods_class` (`gc_id`,`gc_name`,`type_id`,`type_name`,`store_id`,`gc_parent_id`,`gc_sort`,`gc_show`,`gc_index_show`,`gc_title`,`gc_keywords`,`gc_description`) VALUES('94','男鞋','2','鞋码','0','2','255','1','1','','','');
INSERT INTO `shopnc_goods_class` (`gc_id`,`gc_name`,`type_id`,`type_name`,`store_id`,`gc_parent_id`,`gc_sort`,`gc_show`,`gc_index_show`,`gc_title`,`gc_keywords`,`gc_description`) VALUES('95','女鞋','2','鞋码','0','2','255','1','1','','','');
INSERT INTO `shopnc_goods_class` (`gc_id`,`gc_name`,`type_id`,`type_name`,`store_id`,`gc_parent_id`,`gc_sort`,`gc_show`,`gc_index_show`,`gc_title`,`gc_keywords`,`gc_description`) VALUES('96','单肩包','3','箱包','0','93','255','1','1','','','');
INSERT INTO `shopnc_goods_class` (`gc_id`,`gc_name`,`type_id`,`type_name`,`store_id`,`gc_parent_id`,`gc_sort`,`gc_show`,`gc_index_show`,`gc_title`,`gc_keywords`,`gc_description`) VALUES('97','手提包','3','箱包','0','93','255','1','1','','','');
INSERT INTO `shopnc_goods_class` (`gc_id`,`gc_name`,`type_id`,`type_name`,`store_id`,`gc_parent_id`,`gc_sort`,`gc_show`,`gc_index_show`,`gc_title`,`gc_keywords`,`gc_description`) VALUES('98','斜挎包','3','箱包','0','93','255','1','1','','','');
INSERT INTO `shopnc_goods_class` (`gc_id`,`gc_name`,`type_id`,`type_name`,`store_id`,`gc_parent_id`,`gc_sort`,`gc_show`,`gc_index_show`,`gc_title`,`gc_keywords`,`gc_description`) VALUES('99','多功能包','3','箱包','0','93','255','1','0','','','');
INSERT INTO `shopnc_goods_class` (`gc_id`,`gc_name`,`type_id`,`type_name`,`store_id`,`gc_parent_id`,`gc_sort`,`gc_show`,`gc_index_show`,`gc_title`,`gc_keywords`,`gc_description`) VALUES('100','双肩包','3','箱包','0','93','255','1','1','','','');
INSERT INTO `shopnc_goods_class` (`gc_id`,`gc_name`,`type_id`,`type_name`,`store_id`,`gc_parent_id`,`gc_sort`,`gc_show`,`gc_index_show`,`gc_title`,`gc_keywords`,`gc_description`) VALUES('101','旅行箱','3','箱包','0','93','255','1','1','','','');
INSERT INTO `shopnc_goods_class` (`gc_id`,`gc_name`,`type_id`,`type_name`,`store_id`,`gc_parent_id`,`gc_sort`,`gc_show`,`gc_index_show`,`gc_title`,`gc_keywords`,`gc_description`) VALUES('102','男包','3','箱包','0','93','255','1','1','','','');
INSERT INTO `shopnc_goods_class` (`gc_id`,`gc_name`,`type_id`,`type_name`,`store_id`,`gc_parent_id`,`gc_sort`,`gc_show`,`gc_index_show`,`gc_title`,`gc_keywords`,`gc_description`) VALUES('103','电脑数码包','3','箱包','0','93','255','1','0','','','');
INSERT INTO `shopnc_goods_class` (`gc_id`,`gc_name`,`type_id`,`type_name`,`store_id`,`gc_parent_id`,`gc_sort`,`gc_show`,`gc_index_show`,`gc_title`,`gc_keywords`,`gc_description`) VALUES('104','真皮包','3','箱包','0','93','255','1','1','','','');
INSERT INTO `shopnc_goods_class` (`gc_id`,`gc_name`,`type_id`,`type_name`,`store_id`,`gc_parent_id`,`gc_sort`,`gc_show`,`gc_index_show`,`gc_title`,`gc_keywords`,`gc_description`) VALUES('105','钱包/卡套','3','箱包','0','93','255','1','0','','','');
INSERT INTO `shopnc_goods_class` (`gc_id`,`gc_name`,`type_id`,`type_name`,`store_id`,`gc_parent_id`,`gc_sort`,`gc_show`,`gc_index_show`,`gc_title`,`gc_keywords`,`gc_description`) VALUES('106','秋季新款','2','鞋码','0','94','255','1','0','','','');
INSERT INTO `shopnc_goods_class` (`gc_id`,`gc_name`,`type_id`,`type_name`,`store_id`,`gc_parent_id`,`gc_sort`,`gc_show`,`gc_index_show`,`gc_title`,`gc_keywords`,`gc_description`) VALUES('107','商城精品','2','鞋码','0','94','255','1','0','','','');
INSERT INTO `shopnc_goods_class` (`gc_id`,`gc_name`,`type_id`,`type_name`,`store_id`,`gc_parent_id`,`gc_sort`,`gc_show`,`gc_index_show`,`gc_title`,`gc_keywords`,`gc_description`) VALUES('108','舒适男鞋','2','鞋码','0','94','255','1','0','','','');
INSERT INTO `shopnc_goods_class` (`gc_id`,`gc_name`,`type_id`,`type_name`,`store_id`,`gc_parent_id`,`gc_sort`,`gc_show`,`gc_index_show`,`gc_title`,`gc_keywords`,`gc_description`) VALUES('109','保暖必备','2','鞋码','0','94','255','1','0','','','');
INSERT INTO `shopnc_goods_class` (`gc_id`,`gc_name`,`type_id`,`type_name`,`store_id`,`gc_parent_id`,`gc_sort`,`gc_show`,`gc_index_show`,`gc_title`,`gc_keywords`,`gc_description`) VALUES('110','冬靴来了','2','鞋码','0','95','255','1','0','','','');
INSERT INTO `shopnc_goods_class` (`gc_id`,`gc_name`,`type_id`,`type_name`,`store_id`,`gc_parent_id`,`gc_sort`,`gc_show`,`gc_index_show`,`gc_title`,`gc_keywords`,`gc_description`) VALUES('111','短靴踝靴','2','鞋码','0','95','255','1','0','','','');
INSERT INTO `shopnc_goods_class` (`gc_id`,`gc_name`,`type_id`,`type_name`,`store_id`,`gc_parent_id`,`gc_sort`,`gc_show`,`gc_index_show`,`gc_title`,`gc_keywords`,`gc_description`) VALUES('112','中筒靴','2','鞋码','0','95','255','1','1','','','');
INSERT INTO `shopnc_goods_class` (`gc_id`,`gc_name`,`type_id`,`type_name`,`store_id`,`gc_parent_id`,`gc_sort`,`gc_show`,`gc_index_show`,`gc_title`,`gc_keywords`,`gc_description`) VALUES('113','雪地靴','2','鞋码','0','95','255','1','1','','','');
INSERT INTO `shopnc_goods_class` (`gc_id`,`gc_name`,`type_id`,`type_name`,`store_id`,`gc_parent_id`,`gc_sort`,`gc_show`,`gc_index_show`,`gc_title`,`gc_keywords`,`gc_description`) VALUES('114','单鞋','2','鞋码','0','95','255','1','1','','','');
INSERT INTO `shopnc_goods_class` (`gc_id`,`gc_name`,`type_id`,`type_name`,`store_id`,`gc_parent_id`,`gc_sort`,`gc_show`,`gc_index_show`,`gc_title`,`gc_keywords`,`gc_description`) VALUES('115','经典中跟','2','鞋码','0','95','255','1','0','','','');
INSERT INTO `shopnc_goods_class` (`gc_id`,`gc_name`,`type_id`,`type_name`,`store_id`,`gc_parent_id`,`gc_sort`,`gc_show`,`gc_index_show`,`gc_title`,`gc_keywords`,`gc_description`) VALUES('116','显腿瘦高跟','2','鞋码','0','95','255','1','0','','','');
INSERT INTO `shopnc_goods_class` (`gc_id`,`gc_name`,`type_id`,`type_name`,`store_id`,`gc_parent_id`,`gc_sort`,`gc_show`,`gc_index_show`,`gc_title`,`gc_keywords`,`gc_description`) VALUES('117','舒适平跟','2','鞋码','0','95','255','1','0','','','');
INSERT INTO `shopnc_goods_class` (`gc_id`,`gc_name`,`type_id`,`type_name`,`store_id`,`gc_parent_id`,`gc_sort`,`gc_show`,`gc_index_show`,`gc_title`,`gc_keywords`,`gc_description`) VALUES('118','帆布鞋','2','鞋码','0','95','255','1','1','','','');
INSERT INTO `shopnc_goods_class` (`gc_id`,`gc_name`,`type_id`,`type_name`,`store_id`,`gc_parent_id`,`gc_sort`,`gc_show`,`gc_index_show`,`gc_title`,`gc_keywords`,`gc_description`) VALUES('119','爆潮厚底鞋','2','鞋码','0','95','255','1','0','','','');
INSERT INTO `shopnc_goods_class` (`gc_id`,`gc_name`,`type_id`,`type_name`,`store_id`,`gc_parent_id`,`gc_sort`,`gc_show`,`gc_index_show`,`gc_title`,`gc_keywords`,`gc_description`) VALUES('120','休闲鞋','2','鞋码','0','95','255','1','1','','','');
INSERT INTO `shopnc_goods_class` (`gc_id`,`gc_name`,`type_id`,`type_name`,`store_id`,`gc_parent_id`,`gc_sort`,`gc_show`,`gc_index_show`,`gc_title`,`gc_keywords`,`gc_description`) VALUES('121','凉鞋清仓','2','鞋码','0','95','255','1','0','','','');
INSERT INTO `shopnc_goods_class` (`gc_id`,`gc_name`,`type_id`,`type_name`,`store_id`,`gc_parent_id`,`gc_sort`,`gc_show`,`gc_index_show`,`gc_title`,`gc_keywords`,`gc_description`) VALUES('122','护肤','0','','0','3','255','1','1','','','');
INSERT INTO `shopnc_goods_class` (`gc_id`,`gc_name`,`type_id`,`type_name`,`store_id`,`gc_parent_id`,`gc_sort`,`gc_show`,`gc_index_show`,`gc_title`,`gc_keywords`,`gc_description`) VALUES('123','彩妆','0','','0','3','255','1','1','','','');
INSERT INTO `shopnc_goods_class` (`gc_id`,`gc_name`,`type_id`,`type_name`,`store_id`,`gc_parent_id`,`gc_sort`,`gc_show`,`gc_index_show`,`gc_title`,`gc_keywords`,`gc_description`) VALUES('124','男士','0','','0','3','255','1','1','','','');
INSERT INTO `shopnc_goods_class` (`gc_id`,`gc_name`,`type_id`,`type_name`,`store_id`,`gc_parent_id`,`gc_sort`,`gc_show`,`gc_index_show`,`gc_title`,`gc_keywords`,`gc_description`) VALUES('125','男士洁面','0','','0','124','255','1','0','','','');
INSERT INTO `shopnc_goods_class` (`gc_id`,`gc_name`,`type_id`,`type_name`,`store_id`,`gc_parent_id`,`gc_sort`,`gc_show`,`gc_index_show`,`gc_title`,`gc_keywords`,`gc_description`) VALUES('126','男士乳液','0','','0','124','255','1','0','','','');
INSERT INTO `shopnc_goods_class` (`gc_id`,`gc_name`,`type_id`,`type_name`,`store_id`,`gc_parent_id`,`gc_sort`,`gc_show`,`gc_index_show`,`gc_title`,`gc_keywords`,`gc_description`) VALUES('127','男士爽肤水','0','','0','124','255','1','0','','','');
INSERT INTO `shopnc_goods_class` (`gc_id`,`gc_name`,`type_id`,`type_name`,`store_id`,`gc_parent_id`,`gc_sort`,`gc_show`,`gc_index_show`,`gc_title`,`gc_keywords`,`gc_description`) VALUES('128','男士套装','0','','0','124','255','1','0','','','');
INSERT INTO `shopnc_goods_class` (`gc_id`,`gc_name`,`type_id`,`type_name`,`store_id`,`gc_parent_id`,`gc_sort`,`gc_show`,`gc_index_show`,`gc_title`,`gc_keywords`,`gc_description`) VALUES('129','睫毛膏','0','','0','123','255','1','1','','','');
INSERT INTO `shopnc_goods_class` (`gc_id`,`gc_name`,`type_id`,`type_name`,`store_id`,`gc_parent_id`,`gc_sort`,`gc_show`,`gc_index_show`,`gc_title`,`gc_keywords`,`gc_description`) VALUES('130','粉底液','0','','0','123','255','1','1','','','');
INSERT INTO `shopnc_goods_class` (`gc_id`,`gc_name`,`type_id`,`type_name`,`store_id`,`gc_parent_id`,`gc_sort`,`gc_show`,`gc_index_show`,`gc_title`,`gc_keywords`,`gc_description`) VALUES('131','粉饼','0','','0','123','255','1','1','','','');
INSERT INTO `shopnc_goods_class` (`gc_id`,`gc_name`,`type_id`,`type_name`,`store_id`,`gc_parent_id`,`gc_sort`,`gc_show`,`gc_index_show`,`gc_title`,`gc_keywords`,`gc_description`) VALUES('132','眼线','0','','0','123','255','1','1','','','');
INSERT INTO `shopnc_goods_class` (`gc_id`,`gc_name`,`type_id`,`type_name`,`store_id`,`gc_parent_id`,`gc_sort`,`gc_show`,`gc_index_show`,`gc_title`,`gc_keywords`,`gc_description`) VALUES('133','唇彩','0','','0','123','255','1','1','','','');
INSERT INTO `shopnc_goods_class` (`gc_id`,`gc_name`,`type_id`,`type_name`,`store_id`,`gc_parent_id`,`gc_sort`,`gc_show`,`gc_index_show`,`gc_title`,`gc_keywords`,`gc_description`) VALUES('134','眼影','0','','0','123','255','1','1','','','');
INSERT INTO `shopnc_goods_class` (`gc_id`,`gc_name`,`type_id`,`type_name`,`store_id`,`gc_parent_id`,`gc_sort`,`gc_show`,`gc_index_show`,`gc_title`,`gc_keywords`,`gc_description`) VALUES('135','指甲油','0','','0','123','255','1','1','','','');
INSERT INTO `shopnc_goods_class` (`gc_id`,`gc_name`,`type_id`,`type_name`,`store_id`,`gc_parent_id`,`gc_sort`,`gc_show`,`gc_index_show`,`gc_title`,`gc_keywords`,`gc_description`) VALUES('136','面膜','0','','0','122','255','1','1','','','');
INSERT INTO `shopnc_goods_class` (`gc_id`,`gc_name`,`type_id`,`type_name`,`store_id`,`gc_parent_id`,`gc_sort`,`gc_show`,`gc_index_show`,`gc_title`,`gc_keywords`,`gc_description`) VALUES('137','洁面','0','','0','122','255','1','1','','','');
INSERT INTO `shopnc_goods_class` (`gc_id`,`gc_name`,`type_id`,`type_name`,`store_id`,`gc_parent_id`,`gc_sort`,`gc_show`,`gc_index_show`,`gc_title`,`gc_keywords`,`gc_description`) VALUES('138','爽肤水','0','','0','122','255','1','0','','','');
INSERT INTO `shopnc_goods_class` (`gc_id`,`gc_name`,`type_id`,`type_name`,`store_id`,`gc_parent_id`,`gc_sort`,`gc_show`,`gc_index_show`,`gc_title`,`gc_keywords`,`gc_description`) VALUES('139','面霜/乳液','0','','0','122','255','1','0','','','');
INSERT INTO `shopnc_goods_class` (`gc_id`,`gc_name`,`type_id`,`type_name`,`store_id`,`gc_parent_id`,`gc_sort`,`gc_show`,`gc_index_show`,`gc_title`,`gc_keywords`,`gc_description`) VALUES('140','护肤套装','0','','0','122','255','1','0','','','');
INSERT INTO `shopnc_goods_class` (`gc_id`,`gc_name`,`type_id`,`type_name`,`store_id`,`gc_parent_id`,`gc_sort`,`gc_show`,`gc_index_show`,`gc_title`,`gc_keywords`,`gc_description`) VALUES('141','面部精华','0','','0','122','255','1','0','','','');
INSERT INTO `shopnc_goods_class` (`gc_id`,`gc_name`,`type_id`,`type_name`,`store_id`,`gc_parent_id`,`gc_sort`,`gc_show`,`gc_index_show`,`gc_title`,`gc_keywords`,`gc_description`) VALUES('142','喷雾','0','','0','122','255','1','1','','','');
INSERT INTO `shopnc_goods_class` (`gc_id`,`gc_name`,`type_id`,`type_name`,`store_id`,`gc_parent_id`,`gc_sort`,`gc_show`,`gc_index_show`,`gc_title`,`gc_keywords`,`gc_description`) VALUES('143','隔离/防晒','0','','0','122','255','1','0','','','');
INSERT INTO `shopnc_goods_class` (`gc_id`,`gc_name`,`type_id`,`type_name`,`store_id`,`gc_parent_id`,`gc_sort`,`gc_show`,`gc_index_show`,`gc_title`,`gc_keywords`,`gc_description`) VALUES('144','眼霜','0','','0','122','255','1','1','','','');
INSERT INTO `shopnc_goods_class` (`gc_id`,`gc_name`,`type_id`,`type_name`,`store_id`,`gc_parent_id`,`gc_sort`,`gc_show`,`gc_index_show`,`gc_title`,`gc_keywords`,`gc_description`) VALUES('145','润唇膏','0','','0','122','255','1','1','','','');
INSERT INTO `shopnc_goods_class` (`gc_id`,`gc_name`,`type_id`,`type_name`,`store_id`,`gc_parent_id`,`gc_sort`,`gc_show`,`gc_index_show`,`gc_title`,`gc_keywords`,`gc_description`) VALUES('146','T区护理','0','','0','122','255','1','0','','','');
INSERT INTO `shopnc_goods_class` (`gc_id`,`gc_name`,`type_id`,`type_name`,`store_id`,`gc_parent_id`,`gc_sort`,`gc_show`,`gc_index_show`,`gc_title`,`gc_keywords`,`gc_description`) VALUES('147','卸妆','0','','0','122','255','1','1','','','');
INSERT INTO `shopnc_goods_class` (`gc_id`,`gc_name`,`type_id`,`type_name`,`store_id`,`gc_parent_id`,`gc_sort`,`gc_show`,`gc_index_show`,`gc_title`,`gc_keywords`,`gc_description`) VALUES('148','手机','0','','0','4','255','1','1','','','');
INSERT INTO `shopnc_goods_class` (`gc_id`,`gc_name`,`type_id`,`type_name`,`store_id`,`gc_parent_id`,`gc_sort`,`gc_show`,`gc_index_show`,`gc_title`,`gc_keywords`,`gc_description`) VALUES('149','相机','5','照相机','0','4','255','1','1','','','');
INSERT INTO `shopnc_goods_class` (`gc_id`,`gc_name`,`type_id`,`type_name`,`store_id`,`gc_parent_id`,`gc_sort`,`gc_show`,`gc_index_show`,`gc_title`,`gc_keywords`,`gc_description`) VALUES('150','笔记本','0','','0','4','255','1','1','','','');
INSERT INTO `shopnc_goods_class` (`gc_id`,`gc_name`,`type_id`,`type_name`,`store_id`,`gc_parent_id`,`gc_sort`,`gc_show`,`gc_index_show`,`gc_title`,`gc_keywords`,`gc_description`) VALUES('151','团I3独显本','0','','0','150','255','1','0','','','');
INSERT INTO `shopnc_goods_class` (`gc_id`,`gc_name`,`type_id`,`type_name`,`store_id`,`gc_parent_id`,`gc_sort`,`gc_show`,`gc_index_show`,`gc_title`,`gc_keywords`,`gc_description`) VALUES('152','联想','0','','0','150','255','1','1','','','');
INSERT INTO `shopnc_goods_class` (`gc_id`,`gc_name`,`type_id`,`type_name`,`store_id`,`gc_parent_id`,`gc_sort`,`gc_show`,`gc_index_show`,`gc_title`,`gc_keywords`,`gc_description`) VALUES('153','苹果','0','','0','150','255','1','1','','','');
INSERT INTO `shopnc_goods_class` (`gc_id`,`gc_name`,`type_id`,`type_name`,`store_id`,`gc_parent_id`,`gc_sort`,`gc_show`,`gc_index_show`,`gc_title`,`gc_keywords`,`gc_description`) VALUES('154','华硕','0','','0','150','255','1','1','','','');
INSERT INTO `shopnc_goods_class` (`gc_id`,`gc_name`,`type_id`,`type_name`,`store_id`,`gc_parent_id`,`gc_sort`,`gc_show`,`gc_index_show`,`gc_title`,`gc_keywords`,`gc_description`) VALUES('155','惠普','0','','0','150','255','1','1','','','');
INSERT INTO `shopnc_goods_class` (`gc_id`,`gc_name`,`type_id`,`type_name`,`store_id`,`gc_parent_id`,`gc_sort`,`gc_show`,`gc_index_show`,`gc_title`,`gc_keywords`,`gc_description`) VALUES('156','宏基','0','','0','150','255','1','1','','','');
INSERT INTO `shopnc_goods_class` (`gc_id`,`gc_name`,`type_id`,`type_name`,`store_id`,`gc_parent_id`,`gc_sort`,`gc_show`,`gc_index_show`,`gc_title`,`gc_keywords`,`gc_description`) VALUES('157','戴尔','0','','0','150','255','1','1','','','');
INSERT INTO `shopnc_goods_class` (`gc_id`,`gc_name`,`type_id`,`type_name`,`store_id`,`gc_parent_id`,`gc_sort`,`gc_show`,`gc_index_show`,`gc_title`,`gc_keywords`,`gc_description`) VALUES('158','索尼','0','','0','150','255','1','1','','','');
INSERT INTO `shopnc_goods_class` (`gc_id`,`gc_name`,`type_id`,`type_name`,`store_id`,`gc_parent_id`,`gc_sort`,`gc_show`,`gc_index_show`,`gc_title`,`gc_keywords`,`gc_description`) VALUES('159','东芝','0','','0','150','255','1','1','','','');
INSERT INTO `shopnc_goods_class` (`gc_id`,`gc_name`,`type_id`,`type_name`,`store_id`,`gc_parent_id`,`gc_sort`,`gc_show`,`gc_index_show`,`gc_title`,`gc_keywords`,`gc_description`) VALUES('160','三星','0','','0','150','255','1','1','','','');
INSERT INTO `shopnc_goods_class` (`gc_id`,`gc_name`,`type_id`,`type_name`,`store_id`,`gc_parent_id`,`gc_sort`,`gc_show`,`gc_index_show`,`gc_title`,`gc_keywords`,`gc_description`) VALUES('161','神舟','0','','0','150','255','1','1','','','');
INSERT INTO `shopnc_goods_class` (`gc_id`,`gc_name`,`type_id`,`type_name`,`store_id`,`gc_parent_id`,`gc_sort`,`gc_show`,`gc_index_show`,`gc_title`,`gc_keywords`,`gc_description`) VALUES('162','iphone4','0','','0','148','255','1','0','','','');
INSERT INTO `shopnc_goods_class` (`gc_id`,`gc_name`,`type_id`,`type_name`,`store_id`,`gc_parent_id`,`gc_sort`,`gc_show`,`gc_index_show`,`gc_title`,`gc_keywords`,`gc_description`) VALUES('163','iPhone4s','0','','0','148','255','1','0','','','');
INSERT INTO `shopnc_goods_class` (`gc_id`,`gc_name`,`type_id`,`type_name`,`store_id`,`gc_parent_id`,`gc_sort`,`gc_show`,`gc_index_show`,`gc_title`,`gc_keywords`,`gc_description`) VALUES('164','ME525','0','','0','148','255','1','0','','','');
INSERT INTO `shopnc_goods_class` (`gc_id`,`gc_name`,`type_id`,`type_name`,`store_id`,`gc_parent_id`,`gc_sort`,`gc_show`,`gc_index_show`,`gc_title`,`gc_keywords`,`gc_description`) VALUES('165','导航手机','0','','0','148','255','1','0','','','');
INSERT INTO `shopnc_goods_class` (`gc_id`,`gc_name`,`type_id`,`type_name`,`store_id`,`gc_parent_id`,`gc_sort`,`gc_show`,`gc_index_show`,`gc_title`,`gc_keywords`,`gc_description`) VALUES('166','手机配件','0','','0','148','255','1','0','','','');
INSERT INTO `shopnc_goods_class` (`gc_id`,`gc_name`,`type_id`,`type_name`,`store_id`,`gc_parent_id`,`gc_sort`,`gc_show`,`gc_index_show`,`gc_title`,`gc_keywords`,`gc_description`) VALUES('167','三星/手机','0','','0','148','255','1','0','','','');
INSERT INTO `shopnc_goods_class` (`gc_id`,`gc_name`,`type_id`,`type_name`,`store_id`,`gc_parent_id`,`gc_sort`,`gc_show`,`gc_index_show`,`gc_title`,`gc_keywords`,`gc_description`) VALUES('168','3G/智能','0','','0','148','255','1','0','','','');
INSERT INTO `shopnc_goods_class` (`gc_id`,`gc_name`,`type_id`,`type_name`,`store_id`,`gc_parent_id`,`gc_sort`,`gc_show`,`gc_index_show`,`gc_title`,`gc_keywords`,`gc_description`) VALUES('169','摩托罗拉','0','','0','148','255','1','0','','','');
INSERT INTO `shopnc_goods_class` (`gc_id`,`gc_name`,`type_id`,`type_name`,`store_id`,`gc_parent_id`,`gc_sort`,`gc_show`,`gc_index_show`,`gc_title`,`gc_keywords`,`gc_description`) VALUES('170','NOKIA','0','','0','148','255','1','0','','','');
INSERT INTO `shopnc_goods_class` (`gc_id`,`gc_name`,`type_id`,`type_name`,`store_id`,`gc_parent_id`,`gc_sort`,`gc_show`,`gc_index_show`,`gc_title`,`gc_keywords`,`gc_description`) VALUES('171','HTC','0','','0','148','255','1','1','','','');
INSERT INTO `shopnc_goods_class` (`gc_id`,`gc_name`,`type_id`,`type_name`,`store_id`,`gc_parent_id`,`gc_sort`,`gc_show`,`gc_index_show`,`gc_title`,`gc_keywords`,`gc_description`) VALUES('172','htc/G13','0','','0','148','255','1','0','','','');
INSERT INTO `shopnc_goods_class` (`gc_id`,`gc_name`,`type_id`,`type_name`,`store_id`,`gc_parent_id`,`gc_sort`,`gc_show`,`gc_index_show`,`gc_title`,`gc_keywords`,`gc_description`) VALUES('173','卡片机','5','照相机','0','149','255','1','1','','','');
INSERT INTO `shopnc_goods_class` (`gc_id`,`gc_name`,`type_id`,`type_name`,`store_id`,`gc_parent_id`,`gc_sort`,`gc_show`,`gc_index_show`,`gc_title`,`gc_keywords`,`gc_description`) VALUES('174','单反','5','照相机','0','149','255','1','1','','','');
INSERT INTO `shopnc_goods_class` (`gc_id`,`gc_name`,`type_id`,`type_name`,`store_id`,`gc_parent_id`,`gc_sort`,`gc_show`,`gc_index_show`,`gc_title`,`gc_keywords`,`gc_description`) VALUES('175','摄像机','5','照相机','0','149','255','1','1','','','');
INSERT INTO `shopnc_goods_class` (`gc_id`,`gc_name`,`type_id`,`type_name`,`store_id`,`gc_parent_id`,`gc_sort`,`gc_show`,`gc_index_show`,`gc_title`,`gc_keywords`,`gc_description`) VALUES('176','佳能','5','照相机','0','149','255','1','1','','','');
INSERT INTO `shopnc_goods_class` (`gc_id`,`gc_name`,`type_id`,`type_name`,`store_id`,`gc_parent_id`,`gc_sort`,`gc_show`,`gc_index_show`,`gc_title`,`gc_keywords`,`gc_description`) VALUES('177','家纺床品','0','','0','5','255','1','1','','','');
INSERT INTO `shopnc_goods_class` (`gc_id`,`gc_name`,`type_id`,`type_name`,`store_id`,`gc_parent_id`,`gc_sort`,`gc_show`,`gc_index_show`,`gc_title`,`gc_keywords`,`gc_description`) VALUES('178','居家日用','0','','0','5','255','1','1','','','');
INSERT INTO `shopnc_goods_class` (`gc_id`,`gc_name`,`type_id`,`type_name`,`store_id`,`gc_parent_id`,`gc_sort`,`gc_show`,`gc_index_show`,`gc_title`,`gc_keywords`,`gc_description`) VALUES('179','厨房餐饮','0','','0','5','255','1','1','','','');
INSERT INTO `shopnc_goods_class` (`gc_id`,`gc_name`,`type_id`,`type_name`,`store_id`,`gc_parent_id`,`gc_sort`,`gc_show`,`gc_index_show`,`gc_title`,`gc_keywords`,`gc_description`) VALUES('180','床品套件','0','','0','177','255','1','0','','','');
INSERT INTO `shopnc_goods_class` (`gc_id`,`gc_name`,`type_id`,`type_name`,`store_id`,`gc_parent_id`,`gc_sort`,`gc_show`,`gc_index_show`,`gc_title`,`gc_keywords`,`gc_description`) VALUES('181','春夏被','0','','0','177','255','1','1','','','');
INSERT INTO `shopnc_goods_class` (`gc_id`,`gc_name`,`type_id`,`type_name`,`store_id`,`gc_parent_id`,`gc_sort`,`gc_show`,`gc_index_show`,`gc_title`,`gc_keywords`,`gc_description`) VALUES('182','保健枕','0','','0','177','255','1','1','','','');
INSERT INTO `shopnc_goods_class` (`gc_id`,`gc_name`,`type_id`,`type_name`,`store_id`,`gc_parent_id`,`gc_sort`,`gc_show`,`gc_index_show`,`gc_title`,`gc_keywords`,`gc_description`) VALUES('183','蚊帐','0','','0','177','255','1','1','','','');
INSERT INTO `shopnc_goods_class` (`gc_id`,`gc_name`,`type_id`,`type_name`,`store_id`,`gc_parent_id`,`gc_sort`,`gc_show`,`gc_index_show`,`gc_title`,`gc_keywords`,`gc_description`) VALUES('184','收纳整理','0','','0','178','255','1','1','','','');
INSERT INTO `shopnc_goods_class` (`gc_id`,`gc_name`,`type_id`,`type_name`,`store_id`,`gc_parent_id`,`gc_sort`,`gc_show`,`gc_index_show`,`gc_title`,`gc_keywords`,`gc_description`) VALUES('185','家务清洁','0','','0','178','255','1','0','','','');
INSERT INTO `shopnc_goods_class` (`gc_id`,`gc_name`,`type_id`,`type_name`,`store_id`,`gc_parent_id`,`gc_sort`,`gc_show`,`gc_index_show`,`gc_title`,`gc_keywords`,`gc_description`) VALUES('186','洗晒用具','0','','0','178','255','1','0','','','');
INSERT INTO `shopnc_goods_class` (`gc_id`,`gc_name`,`type_id`,`type_name`,`store_id`,`gc_parent_id`,`gc_sort`,`gc_show`,`gc_index_show`,`gc_title`,`gc_keywords`,`gc_description`) VALUES('187','卫浴用具','0','','0','178','255','1','0','','','');
INSERT INTO `shopnc_goods_class` (`gc_id`,`gc_name`,`type_id`,`type_name`,`store_id`,`gc_parent_id`,`gc_sort`,`gc_show`,`gc_index_show`,`gc_title`,`gc_keywords`,`gc_description`) VALUES('188','个人护理','0','','0','178','255','1','0','','','');
INSERT INTO `shopnc_goods_class` (`gc_id`,`gc_name`,`type_id`,`type_name`,`store_id`,`gc_parent_id`,`gc_sort`,`gc_show`,`gc_index_show`,`gc_title`,`gc_keywords`,`gc_description`) VALUES('189','雨伞雨具','0','','0','178','255','1','0','','','');
INSERT INTO `shopnc_goods_class` (`gc_id`,`gc_name`,`type_id`,`type_name`,`store_id`,`gc_parent_id`,`gc_sort`,`gc_show`,`gc_index_show`,`gc_title`,`gc_keywords`,`gc_description`) VALUES('190','驱蚊驱虫','0','','0','178','255','1','0','','','');
INSERT INTO `shopnc_goods_class` (`gc_id`,`gc_name`,`type_id`,`type_name`,`store_id`,`gc_parent_id`,`gc_sort`,`gc_show`,`gc_index_show`,`gc_title`,`gc_keywords`,`gc_description`) VALUES('191','居家杂货','0','','0','178','255','1','0','','','');
INSERT INTO `shopnc_goods_class` (`gc_id`,`gc_name`,`type_id`,`type_name`,`store_id`,`gc_parent_id`,`gc_sort`,`gc_show`,`gc_index_show`,`gc_title`,`gc_keywords`,`gc_description`) VALUES('192','烹饪锅具','0','','0','179','255','1','0','','','');
INSERT INTO `shopnc_goods_class` (`gc_id`,`gc_name`,`type_id`,`type_name`,`store_id`,`gc_parent_id`,`gc_sort`,`gc_show`,`gc_index_show`,`gc_title`,`gc_keywords`,`gc_description`) VALUES('193','烹饪勺铲','0','','0','179','255','1','0','','','');
INSERT INTO `shopnc_goods_class` (`gc_id`,`gc_name`,`type_id`,`type_name`,`store_id`,`gc_parent_id`,`gc_sort`,`gc_show`,`gc_index_show`,`gc_title`,`gc_keywords`,`gc_description`) VALUES('194','调味瓶罐','0','','0','179','255','1','0','','','');
INSERT INTO `shopnc_goods_class` (`gc_id`,`gc_name`,`type_id`,`type_name`,`store_id`,`gc_parent_id`,`gc_sort`,`gc_show`,`gc_index_show`,`gc_title`,`gc_keywords`,`gc_description`) VALUES('195','厨房帮手','0','','0','179','255','1','0','','','');
INSERT INTO `shopnc_goods_class` (`gc_id`,`gc_name`,`type_id`,`type_name`,`store_id`,`gc_parent_id`,`gc_sort`,`gc_show`,`gc_index_show`,`gc_title`,`gc_keywords`,`gc_description`) VALUES('196','保鲜盒','0','','0','179','255','1','1','','','');
INSERT INTO `shopnc_goods_class` (`gc_id`,`gc_name`,`type_id`,`type_name`,`store_id`,`gc_parent_id`,`gc_sort`,`gc_show`,`gc_index_show`,`gc_title`,`gc_keywords`,`gc_description`) VALUES('197','餐具','0','','0','179','255','1','1','','','');
INSERT INTO `shopnc_goods_class` (`gc_id`,`gc_name`,`type_id`,`type_name`,`store_id`,`gc_parent_id`,`gc_sort`,`gc_show`,`gc_index_show`,`gc_title`,`gc_keywords`,`gc_description`) VALUES('198','水杯水壶','0','','0','179','255','1','1','','','');
INSERT INTO `shopnc_goods_class` (`gc_id`,`gc_name`,`type_id`,`type_name`,`store_id`,`gc_parent_id`,`gc_sort`,`gc_show`,`gc_index_show`,`gc_title`,`gc_keywords`,`gc_description`) VALUES('199','茶具','4','茶具','0','179','255','1','1','','','');
INSERT INTO `shopnc_goods_class` (`gc_id`,`gc_name`,`type_id`,`type_name`,`store_id`,`gc_parent_id`,`gc_sort`,`gc_show`,`gc_index_show`,`gc_title`,`gc_keywords`,`gc_description`) VALUES('200','休闲零食','0','','0','6','255','1','1','','','');
INSERT INTO `shopnc_goods_class` (`gc_id`,`gc_name`,`type_id`,`type_name`,`store_id`,`gc_parent_id`,`gc_sort`,`gc_show`,`gc_index_show`,`gc_title`,`gc_keywords`,`gc_description`) VALUES('201','茶叶茗品','0','','0','6','255','1','1','','','');
INSERT INTO `shopnc_goods_class` (`gc_id`,`gc_name`,`type_id`,`type_name`,`store_id`,`gc_parent_id`,`gc_sort`,`gc_show`,`gc_index_show`,`gc_title`,`gc_keywords`,`gc_description`) VALUES('202','蜜饯果脯','0','','0','6','255','1','1','','','');
INSERT INTO `shopnc_goods_class` (`gc_id`,`gc_name`,`type_id`,`type_name`,`store_id`,`gc_parent_id`,`gc_sort`,`gc_show`,`gc_index_show`,`gc_title`,`gc_keywords`,`gc_description`) VALUES('203','鸭脖','0','','0','200','255','1','1','','','');
INSERT INTO `shopnc_goods_class` (`gc_id`,`gc_name`,`type_id`,`type_name`,`store_id`,`gc_parent_id`,`gc_sort`,`gc_show`,`gc_index_show`,`gc_title`,`gc_keywords`,`gc_description`) VALUES('204','鸭舌','0','','0','200','255','1','1','','','');
INSERT INTO `shopnc_goods_class` (`gc_id`,`gc_name`,`type_id`,`type_name`,`store_id`,`gc_parent_id`,`gc_sort`,`gc_show`,`gc_index_show`,`gc_title`,`gc_keywords`,`gc_description`) VALUES('205','鸡翅','0','','0','200','255','1','1','','','');
INSERT INTO `shopnc_goods_class` (`gc_id`,`gc_name`,`type_id`,`type_name`,`store_id`,`gc_parent_id`,`gc_sort`,`gc_show`,`gc_index_show`,`gc_title`,`gc_keywords`,`gc_description`) VALUES('206','牛肉干','0','','0','200','255','1','1','','','');
INSERT INTO `shopnc_goods_class` (`gc_id`,`gc_name`,`type_id`,`type_name`,`store_id`,`gc_parent_id`,`gc_sort`,`gc_show`,`gc_index_show`,`gc_title`,`gc_keywords`,`gc_description`) VALUES('207','猪肉脯','0','','0','200','255','1','1','','','');
INSERT INTO `shopnc_goods_class` (`gc_id`,`gc_name`,`type_id`,`type_name`,`store_id`,`gc_parent_id`,`gc_sort`,`gc_show`,`gc_index_show`,`gc_title`,`gc_keywords`,`gc_description`) VALUES('208','猪肉松','0','','0','200','255','1','1','','','');
INSERT INTO `shopnc_goods_class` (`gc_id`,`gc_name`,`type_id`,`type_name`,`store_id`,`gc_parent_id`,`gc_sort`,`gc_show`,`gc_index_show`,`gc_title`,`gc_keywords`,`gc_description`) VALUES('209','糖果','0','','0','200','255','1','1','','','');
INSERT INTO `shopnc_goods_class` (`gc_id`,`gc_name`,`type_id`,`type_name`,`store_id`,`gc_parent_id`,`gc_sort`,`gc_show`,`gc_index_show`,`gc_title`,`gc_keywords`,`gc_description`) VALUES('210','鱿鱼丝','0','','0','200','255','1','1','','','');
INSERT INTO `shopnc_goods_class` (`gc_id`,`gc_name`,`type_id`,`type_name`,`store_id`,`gc_parent_id`,`gc_sort`,`gc_show`,`gc_index_show`,`gc_title`,`gc_keywords`,`gc_description`) VALUES('211','饼干糕点','0','','0','200','255','1','0','','','');
INSERT INTO `shopnc_goods_class` (`gc_id`,`gc_name`,`type_id`,`type_name`,`store_id`,`gc_parent_id`,`gc_sort`,`gc_show`,`gc_index_show`,`gc_title`,`gc_keywords`,`gc_description`) VALUES('212','龙井','0','','0','201','255','1','1','','','');
INSERT INTO `shopnc_goods_class` (`gc_id`,`gc_name`,`type_id`,`type_name`,`store_id`,`gc_parent_id`,`gc_sort`,`gc_show`,`gc_index_show`,`gc_title`,`gc_keywords`,`gc_description`) VALUES('213','碧螺春','0','','0','201','255','1','1','','','');
INSERT INTO `shopnc_goods_class` (`gc_id`,`gc_name`,`type_id`,`type_name`,`store_id`,`gc_parent_id`,`gc_sort`,`gc_show`,`gc_index_show`,`gc_title`,`gc_keywords`,`gc_description`) VALUES('214','铁观音','0','','0','201','255','1','1','','','');
INSERT INTO `shopnc_goods_class` (`gc_id`,`gc_name`,`type_id`,`type_name`,`store_id`,`gc_parent_id`,`gc_sort`,`gc_show`,`gc_index_show`,`gc_title`,`gc_keywords`,`gc_description`) VALUES('215','红茶','0','','0','201','255','1','1','','','');
INSERT INTO `shopnc_goods_class` (`gc_id`,`gc_name`,`type_id`,`type_name`,`store_id`,`gc_parent_id`,`gc_sort`,`gc_show`,`gc_index_show`,`gc_title`,`gc_keywords`,`gc_description`) VALUES('216','普洱','0','','0','201','255','1','1','','','');
INSERT INTO `shopnc_goods_class` (`gc_id`,`gc_name`,`type_id`,`type_name`,`store_id`,`gc_parent_id`,`gc_sort`,`gc_show`,`gc_index_show`,`gc_title`,`gc_keywords`,`gc_description`) VALUES('217','花草茶','0','','0','201','255','1','1','','','');
INSERT INTO `shopnc_goods_class` (`gc_id`,`gc_name`,`type_id`,`type_name`,`store_id`,`gc_parent_id`,`gc_sort`,`gc_show`,`gc_index_show`,`gc_title`,`gc_keywords`,`gc_description`) VALUES('218','水果茶','0','','0','201','255','1','1','','','');
INSERT INTO `shopnc_goods_class` (`gc_id`,`gc_name`,`type_id`,`type_name`,`store_id`,`gc_parent_id`,`gc_sort`,`gc_show`,`gc_index_show`,`gc_title`,`gc_keywords`,`gc_description`) VALUES('219','保健茶','0','','0','201','255','1','1','','','');
INSERT INTO `shopnc_goods_class` (`gc_id`,`gc_name`,`type_id`,`type_name`,`store_id`,`gc_parent_id`,`gc_sort`,`gc_show`,`gc_index_show`,`gc_title`,`gc_keywords`,`gc_description`) VALUES('220','芒果干','0','','0','202','255','1','1','','','');
INSERT INTO `shopnc_goods_class` (`gc_id`,`gc_name`,`type_id`,`type_name`,`store_id`,`gc_parent_id`,`gc_sort`,`gc_show`,`gc_index_show`,`gc_title`,`gc_keywords`,`gc_description`) VALUES('221','葡萄干','0','','0','202','255','1','1','','','');
INSERT INTO `shopnc_goods_class` (`gc_id`,`gc_name`,`type_id`,`type_name`,`store_id`,`gc_parent_id`,`gc_sort`,`gc_show`,`gc_index_show`,`gc_title`,`gc_keywords`,`gc_description`) VALUES('222','梅类','0','','0','202','255','1','1','','','');
INSERT INTO `shopnc_goods_class` (`gc_id`,`gc_name`,`type_id`,`type_name`,`store_id`,`gc_parent_id`,`gc_sort`,`gc_show`,`gc_index_show`,`gc_title`,`gc_keywords`,`gc_description`) VALUES('223','菠萝干','0','','0','202','255','1','1','','','');
INSERT INTO `shopnc_goods_class` (`gc_id`,`gc_name`,`type_id`,`type_name`,`store_id`,`gc_parent_id`,`gc_sort`,`gc_show`,`gc_index_show`,`gc_title`,`gc_keywords`,`gc_description`) VALUES('224','草莓干','0','','0','202','255','1','1','','','');
INSERT INTO `shopnc_goods_class` (`gc_id`,`gc_name`,`type_id`,`type_name`,`store_id`,`gc_parent_id`,`gc_sort`,`gc_show`,`gc_index_show`,`gc_title`,`gc_keywords`,`gc_description`) VALUES('225','香蕉干','0','','0','202','255','1','1','','','');
INSERT INTO `shopnc_goods_class` (`gc_id`,`gc_name`,`type_id`,`type_name`,`store_id`,`gc_parent_id`,`gc_sort`,`gc_show`,`gc_index_show`,`gc_title`,`gc_keywords`,`gc_description`) VALUES('226','玫瑰脯','0','','0','202','255','1','1','','','');
INSERT INTO `shopnc_goods_class` (`gc_id`,`gc_name`,`type_id`,`type_name`,`store_id`,`gc_parent_id`,`gc_sort`,`gc_show`,`gc_index_show`,`gc_title`,`gc_keywords`,`gc_description`) VALUES('227','蓝莓','0','','0','202','255','1','1','','','');
INSERT INTO `shopnc_goods_class` (`gc_id`,`gc_name`,`type_id`,`type_name`,`store_id`,`gc_parent_id`,`gc_sort`,`gc_show`,`gc_index_show`,`gc_title`,`gc_keywords`,`gc_description`) VALUES('228','婴幼食品','0','','0','7','255','1','1','','','');
INSERT INTO `shopnc_goods_class` (`gc_id`,`gc_name`,`type_id`,`type_name`,`store_id`,`gc_parent_id`,`gc_sort`,`gc_show`,`gc_index_show`,`gc_title`,`gc_keywords`,`gc_description`) VALUES('229','婴幼用品','0','','0','7','255','1','1','','','');
INSERT INTO `shopnc_goods_class` (`gc_id`,`gc_name`,`type_id`,`type_name`,`store_id`,`gc_parent_id`,`gc_sort`,`gc_show`,`gc_index_show`,`gc_title`,`gc_keywords`,`gc_description`) VALUES('230','童装童鞋','0','','0','7','255','1','1','','','');
INSERT INTO `shopnc_goods_class` (`gc_id`,`gc_name`,`type_id`,`type_name`,`store_id`,`gc_parent_id`,`gc_sort`,`gc_show`,`gc_index_show`,`gc_title`,`gc_keywords`,`gc_description`) VALUES('231','配方奶粉','0','','0','228','255','1','0','','','');
INSERT INTO `shopnc_goods_class` (`gc_id`,`gc_name`,`type_id`,`type_name`,`store_id`,`gc_parent_id`,`gc_sort`,`gc_show`,`gc_index_show`,`gc_title`,`gc_keywords`,`gc_description`) VALUES('232','羊奶粉','0','','0','228','255','1','1','','','');
INSERT INTO `shopnc_goods_class` (`gc_id`,`gc_name`,`type_id`,`type_name`,`store_id`,`gc_parent_id`,`gc_sort`,`gc_show`,`gc_index_show`,`gc_title`,`gc_keywords`,`gc_description`) VALUES('233','辅食','0','','0','228','255','1','1','','','');
INSERT INTO `shopnc_goods_class` (`gc_id`,`gc_name`,`type_id`,`type_name`,`store_id`,`gc_parent_id`,`gc_sort`,`gc_show`,`gc_index_show`,`gc_title`,`gc_keywords`,`gc_description`) VALUES('234','营养品','0','','0','228','255','1','1','','','');
INSERT INTO `shopnc_goods_class` (`gc_id`,`gc_name`,`type_id`,`type_name`,`store_id`,`gc_parent_id`,`gc_sort`,`gc_show`,`gc_index_show`,`gc_title`,`gc_keywords`,`gc_description`) VALUES('235','纸尿裤','0','','0','229','255','1','1','','','');
INSERT INTO `shopnc_goods_class` (`gc_id`,`gc_name`,`type_id`,`type_name`,`store_id`,`gc_parent_id`,`gc_sort`,`gc_show`,`gc_index_show`,`gc_title`,`gc_keywords`,`gc_description`) VALUES('236','奶瓶','0','','0','229','255','1','1','','','');
INSERT INTO `shopnc_goods_class` (`gc_id`,`gc_name`,`type_id`,`type_name`,`store_id`,`gc_parent_id`,`gc_sort`,`gc_show`,`gc_index_show`,`gc_title`,`gc_keywords`,`gc_description`) VALUES('237','布尿裤','0','','0','229','255','1','1','','','');
INSERT INTO `shopnc_goods_class` (`gc_id`,`gc_name`,`type_id`,`type_name`,`store_id`,`gc_parent_id`,`gc_sort`,`gc_show`,`gc_index_show`,`gc_title`,`gc_keywords`,`gc_description`) VALUES('238','湿巾/纸巾','0','','0','229','255','1','0','','','');
INSERT INTO `shopnc_goods_class` (`gc_id`,`gc_name`,`type_id`,`type_name`,`store_id`,`gc_parent_id`,`gc_sort`,`gc_show`,`gc_index_show`,`gc_title`,`gc_keywords`,`gc_description`) VALUES('239','睡袋/蚊帐','0','','0','229','255','1','0','','','');
INSERT INTO `shopnc_goods_class` (`gc_id`,`gc_name`,`type_id`,`type_name`,`store_id`,`gc_parent_id`,`gc_sort`,`gc_show`,`gc_index_show`,`gc_title`,`gc_keywords`,`gc_description`) VALUES('240','抱被/毛毯','0','','0','229','255','1','0','','','');
INSERT INTO `shopnc_goods_class` (`gc_id`,`gc_name`,`type_id`,`type_name`,`store_id`,`gc_parent_id`,`gc_sort`,`gc_show`,`gc_index_show`,`gc_title`,`gc_keywords`,`gc_description`) VALUES('241','洗浴护肤','0','','0','229','255','1','0','','','');
INSERT INTO `shopnc_goods_class` (`gc_id`,`gc_name`,`type_id`,`type_name`,`store_id`,`gc_parent_id`,`gc_sort`,`gc_show`,`gc_index_show`,`gc_title`,`gc_keywords`,`gc_description`) VALUES('242','水杯/水壶','0','','0','229','255','1','0','','','');
INSERT INTO `shopnc_goods_class` (`gc_id`,`gc_name`,`type_id`,`type_name`,`store_id`,`gc_parent_id`,`gc_sort`,`gc_show`,`gc_index_show`,`gc_title`,`gc_keywords`,`gc_description`) VALUES('243','衣物清洗','0','','0','229','255','1','0','','','');
INSERT INTO `shopnc_goods_class` (`gc_id`,`gc_name`,`type_id`,`type_name`,`store_id`,`gc_parent_id`,`gc_sort`,`gc_show`,`gc_index_show`,`gc_title`,`gc_keywords`,`gc_description`) VALUES('244','套装','0','','0','230','255','1','1','','','');
INSERT INTO `shopnc_goods_class` (`gc_id`,`gc_name`,`type_id`,`type_name`,`store_id`,`gc_parent_id`,`gc_sort`,`gc_show`,`gc_index_show`,`gc_title`,`gc_keywords`,`gc_description`) VALUES('245','T恤','0','','0','230','255','1','1','','','');
INSERT INTO `shopnc_goods_class` (`gc_id`,`gc_name`,`type_id`,`type_name`,`store_id`,`gc_parent_id`,`gc_sort`,`gc_show`,`gc_index_show`,`gc_title`,`gc_keywords`,`gc_description`) VALUES('246','连衣裙','0','','0','230','255','1','1','','','');
INSERT INTO `shopnc_goods_class` (`gc_id`,`gc_name`,`type_id`,`type_name`,`store_id`,`gc_parent_id`,`gc_sort`,`gc_show`,`gc_index_show`,`gc_title`,`gc_keywords`,`gc_description`) VALUES('247','半截裙','0','','0','230','255','1','1','','','');
INSERT INTO `shopnc_goods_class` (`gc_id`,`gc_name`,`type_id`,`type_name`,`store_id`,`gc_parent_id`,`gc_sort`,`gc_show`,`gc_index_show`,`gc_title`,`gc_keywords`,`gc_description`) VALUES('248','休闲裤','0','','0','230','255','1','1','','','');
INSERT INTO `shopnc_goods_class` (`gc_id`,`gc_name`,`type_id`,`type_name`,`store_id`,`gc_parent_id`,`gc_sort`,`gc_show`,`gc_index_show`,`gc_title`,`gc_keywords`,`gc_description`) VALUES('249','凉鞋','0','','0','230','255','1','1','','','');
INSERT INTO `shopnc_goods_class` (`gc_id`,`gc_name`,`type_id`,`type_name`,`store_id`,`gc_parent_id`,`gc_sort`,`gc_show`,`gc_index_show`,`gc_title`,`gc_keywords`,`gc_description`) VALUES('250','运动鞋','0','','0','230','255','1','1','','','');
INSERT INTO `shopnc_goods_class` (`gc_id`,`gc_name`,`type_id`,`type_name`,`store_id`,`gc_parent_id`,`gc_sort`,`gc_show`,`gc_index_show`,`gc_title`,`gc_keywords`,`gc_description`) VALUES('251','帆布鞋','0','','0','230','255','1','1','','','');
INSERT INTO `shopnc_goods_class` (`gc_id`,`gc_name`,`type_id`,`type_name`,`store_id`,`gc_parent_id`,`gc_sort`,`gc_show`,`gc_index_show`,`gc_title`,`gc_keywords`,`gc_description`) VALUES('252','内衣裤','0','','0','230','255','1','1','','','');
INSERT INTO `shopnc_goods_class` (`gc_id`,`gc_name`,`type_id`,`type_name`,`store_id`,`gc_parent_id`,`gc_sort`,`gc_show`,`gc_index_show`,`gc_title`,`gc_keywords`,`gc_description`) VALUES('253','帽子/配件','0','','0','230','255','1','0','','','');
INSERT INTO `shopnc_goods_class` (`gc_id`,`gc_name`,`type_id`,`type_name`,`store_id`,`gc_parent_id`,`gc_sort`,`gc_show`,`gc_index_show`,`gc_title`,`gc_keywords`,`gc_description`) VALUES('254','亲子装','0','','0','230','255','1','1','','','');
INSERT INTO `shopnc_goods_class` (`gc_id`,`gc_name`,`type_id`,`type_name`,`store_id`,`gc_parent_id`,`gc_sort`,`gc_show`,`gc_index_show`,`gc_title`,`gc_keywords`,`gc_description`) VALUES('255','汽车用品','0','','0','9','255','1','0','','','');
INSERT INTO `shopnc_goods_class` (`gc_id`,`gc_name`,`type_id`,`type_name`,`store_id`,`gc_parent_id`,`gc_sort`,`gc_show`,`gc_index_show`,`gc_title`,`gc_keywords`,`gc_description`) VALUES('256','鲜花/乐器','0','','0','9','255','1','0','','','');
INSERT INTO `shopnc_goods_class` (`gc_id`,`gc_name`,`type_id`,`type_name`,`store_id`,`gc_parent_id`,`gc_sort`,`gc_show`,`gc_index_show`,`gc_title`,`gc_keywords`,`gc_description`) VALUES('257','图书/音像','0','','0','9','255','1','0','','','');
INSERT INTO `shopnc_goods_class` (`gc_id`,`gc_name`,`type_id`,`type_name`,`store_id`,`gc_parent_id`,`gc_sort`,`gc_show`,`gc_index_show`,`gc_title`,`gc_keywords`,`gc_description`) VALUES('258','GPS导航','0','','0','255','255','1','0','','','');
INSERT INTO `shopnc_goods_class` (`gc_id`,`gc_name`,`type_id`,`type_name`,`store_id`,`gc_parent_id`,`gc_sort`,`gc_show`,`gc_index_show`,`gc_title`,`gc_keywords`,`gc_description`) VALUES('259','充电器','0','','0','255','255','1','0','','','');
INSERT INTO `shopnc_goods_class` (`gc_id`,`gc_name`,`type_id`,`type_name`,`store_id`,`gc_parent_id`,`gc_sort`,`gc_show`,`gc_index_show`,`gc_title`,`gc_keywords`,`gc_description`) VALUES('260','车载影音','0','','0','255','255','1','0','','','');
INSERT INTO `shopnc_goods_class` (`gc_id`,`gc_name`,`type_id`,`type_name`,`store_id`,`gc_parent_id`,`gc_sort`,`gc_show`,`gc_index_show`,`gc_title`,`gc_keywords`,`gc_description`) VALUES('261','加热保温','0','','0','255','255','1','0','','','');
INSERT INTO `shopnc_goods_class` (`gc_id`,`gc_name`,`type_id`,`type_name`,`store_id`,`gc_parent_id`,`gc_sort`,`gc_show`,`gc_index_show`,`gc_title`,`gc_keywords`,`gc_description`) VALUES('262','座垫/座套','0','','0','255','255','1','0','','','');
INSERT INTO `shopnc_goods_class` (`gc_id`,`gc_name`,`type_id`,`type_name`,`store_id`,`gc_parent_id`,`gc_sort`,`gc_show`,`gc_index_show`,`gc_title`,`gc_keywords`,`gc_description`) VALUES('263','脚垫','0','','0','255','255','1','0','','','');
INSERT INTO `shopnc_goods_class` (`gc_id`,`gc_name`,`type_id`,`type_name`,`store_id`,`gc_parent_id`,`gc_sort`,`gc_show`,`gc_index_show`,`gc_title`,`gc_keywords`,`gc_description`) VALUES('264','专车专用','0','','0','255','255','1','0','','','');
INSERT INTO `shopnc_goods_class` (`gc_id`,`gc_name`,`type_id`,`type_name`,`store_id`,`gc_parent_id`,`gc_sort`,`gc_show`,`gc_index_show`,`gc_title`,`gc_keywords`,`gc_description`) VALUES('265','摩托车相关','0','','0','255','255','1','0','','','');
INSERT INTO `shopnc_goods_class` (`gc_id`,`gc_name`,`type_id`,`type_name`,`store_id`,`gc_parent_id`,`gc_sort`,`gc_show`,`gc_index_show`,`gc_title`,`gc_keywords`,`gc_description`) VALUES('266','外部装饰','0','','0','255','255','1','0','','','');
INSERT INTO `shopnc_goods_class` (`gc_id`,`gc_name`,`type_id`,`type_name`,`store_id`,`gc_parent_id`,`gc_sort`,`gc_show`,`gc_index_show`,`gc_title`,`gc_keywords`,`gc_description`) VALUES('267','汽车香水','0','','0','255','255','1','0','','','');
INSERT INTO `shopnc_goods_class` (`gc_id`,`gc_name`,`type_id`,`type_name`,`store_id`,`gc_parent_id`,`gc_sort`,`gc_show`,`gc_index_show`,`gc_title`,`gc_keywords`,`gc_description`) VALUES('268','改装配件','0','','0','255','255','1','0','','','');
INSERT INTO `shopnc_goods_class` (`gc_id`,`gc_name`,`type_id`,`type_name`,`store_id`,`gc_parent_id`,`gc_sort`,`gc_show`,`gc_index_show`,`gc_title`,`gc_keywords`,`gc_description`) VALUES('270','汽车保险','0','','0','255','255','1','0','','','');
INSERT INTO `shopnc_goods_class` (`gc_id`,`gc_name`,`type_id`,`type_name`,`store_id`,`gc_parent_id`,`gc_sort`,`gc_show`,`gc_index_show`,`gc_title`,`gc_keywords`,`gc_description`) VALUES('271','鲜花速递','0','','0','256','255','1','0','','','');
INSERT INTO `shopnc_goods_class` (`gc_id`,`gc_name`,`type_id`,`type_name`,`store_id`,`gc_parent_id`,`gc_sort`,`gc_show`,`gc_index_show`,`gc_title`,`gc_keywords`,`gc_description`) VALUES('272','礼品定制','0','','0','256','255','1','0','','','');
INSERT INTO `shopnc_goods_class` (`gc_id`,`gc_name`,`type_id`,`type_name`,`store_id`,`gc_parent_id`,`gc_sort`,`gc_show`,`gc_index_show`,`gc_title`,`gc_keywords`,`gc_description`) VALUES('273','绿植园艺','0','','0','256','255','1','0','','','');
INSERT INTO `shopnc_goods_class` (`gc_id`,`gc_name`,`type_id`,`type_name`,`store_id`,`gc_parent_id`,`gc_sort`,`gc_show`,`gc_index_show`,`gc_title`,`gc_keywords`,`gc_description`) VALUES('274','乐器','0','','0','256','255','1','0','','','');
INSERT INTO `shopnc_goods_class` (`gc_id`,`gc_name`,`type_id`,`type_name`,`store_id`,`gc_parent_id`,`gc_sort`,`gc_show`,`gc_index_show`,`gc_title`,`gc_keywords`,`gc_description`) VALUES('275','书籍','0','','0','257','255','1','0','','','');
INSERT INTO `shopnc_goods_class` (`gc_id`,`gc_name`,`type_id`,`type_name`,`store_id`,`gc_parent_id`,`gc_sort`,`gc_show`,`gc_index_show`,`gc_title`,`gc_keywords`,`gc_description`) VALUES('276','考试','0','','0','257','255','1','0','','','');
INSERT INTO `shopnc_goods_class` (`gc_id`,`gc_name`,`type_id`,`type_name`,`store_id`,`gc_parent_id`,`gc_sort`,`gc_show`,`gc_index_show`,`gc_title`,`gc_keywords`,`gc_description`) VALUES('277','计算机图书','0','','0','257','255','1','0','','','');
INSERT INTO `shopnc_goods_class` (`gc_id`,`gc_name`,`type_id`,`type_name`,`store_id`,`gc_parent_id`,`gc_sort`,`gc_show`,`gc_index_show`,`gc_title`,`gc_keywords`,`gc_description`) VALUES('278','期刊杂志','0','','0','257','255','1','0','','','');
INSERT INTO `shopnc_goods_class` (`gc_id`,`gc_name`,`type_id`,`type_name`,`store_id`,`gc_parent_id`,`gc_sort`,`gc_show`,`gc_index_show`,`gc_title`,`gc_keywords`,`gc_description`) VALUES('279','小说','0','','0','257','255','1','0','','','');
INSERT INTO `shopnc_goods_class` (`gc_id`,`gc_name`,`type_id`,`type_name`,`store_id`,`gc_parent_id`,`gc_sort`,`gc_show`,`gc_index_show`,`gc_title`,`gc_keywords`,`gc_description`) VALUES('280','漫画','0','','0','257','255','1','0','','','');
INSERT INTO `shopnc_goods_class` (`gc_id`,`gc_name`,`type_id`,`type_name`,`store_id`,`gc_parent_id`,`gc_sort`,`gc_show`,`gc_index_show`,`gc_title`,`gc_keywords`,`gc_description`) VALUES('281','CD/DVD','0','','0','257','255','1','0','','','');
INSERT INTO `shopnc_goods_class` (`gc_id`,`gc_name`,`type_id`,`type_name`,`store_id`,`gc_parent_id`,`gc_sort`,`gc_show`,`gc_index_show`,`gc_title`,`gc_keywords`,`gc_description`) VALUES('282','少儿图书','0','','0','257','255','1','0','','','');
INSERT INTO `shopnc_goods_class` (`gc_id`,`gc_name`,`type_id`,`type_name`,`store_id`,`gc_parent_id`,`gc_sort`,`gc_show`,`gc_index_show`,`gc_title`,`gc_keywords`,`gc_description`) VALUES('283','养生图书','0','','0','257','255','1','0','','','');
INSERT INTO `shopnc_goods_class` (`gc_id`,`gc_name`,`type_id`,`type_name`,`store_id`,`gc_parent_id`,`gc_sort`,`gc_show`,`gc_index_show`,`gc_title`,`gc_keywords`,`gc_description`) VALUES('284','艺术图书','0','','0','257','255','1','0','','','');
INSERT INTO `shopnc_goods_class` (`gc_id`,`gc_name`,`type_id`,`type_name`,`store_id`,`gc_parent_id`,`gc_sort`,`gc_show`,`gc_index_show`,`gc_title`,`gc_keywords`,`gc_description`) VALUES('285','励志图书','0','','0','257','255','1','0','','','');
INSERT INTO `shopnc_goods_class` (`gc_id`,`gc_name`,`type_id`,`type_name`,`store_id`,`gc_parent_id`,`gc_sort`,`gc_show`,`gc_index_show`,`gc_title`,`gc_keywords`,`gc_description`) VALUES('286','运动鞋帽','2','鞋码','0','8','255','1','1','','','');
INSERT INTO `shopnc_goods_class` (`gc_id`,`gc_name`,`type_id`,`type_name`,`store_id`,`gc_parent_id`,`gc_sort`,`gc_show`,`gc_index_show`,`gc_title`,`gc_keywords`,`gc_description`) VALUES('287','运动服包','0','','0','8','255','1','1','','','');
INSERT INTO `shopnc_goods_class` (`gc_id`,`gc_name`,`type_id`,`type_name`,`store_id`,`gc_parent_id`,`gc_sort`,`gc_show`,`gc_index_show`,`gc_title`,`gc_keywords`,`gc_description`) VALUES('288','户外装备','0','','0','8','255','1','1','','','');
INSERT INTO `shopnc_goods_class` (`gc_id`,`gc_name`,`type_id`,`type_name`,`store_id`,`gc_parent_id`,`gc_sort`,`gc_show`,`gc_index_show`,`gc_title`,`gc_keywords`,`gc_description`) VALUES('289','板鞋','2','鞋码','0','286','255','1','1','','','');
INSERT INTO `shopnc_goods_class` (`gc_id`,`gc_name`,`type_id`,`type_name`,`store_id`,`gc_parent_id`,`gc_sort`,`gc_show`,`gc_index_show`,`gc_title`,`gc_keywords`,`gc_description`) VALUES('290','休闲鞋','2','鞋码','0','286','255','1','1','','','');
INSERT INTO `shopnc_goods_class` (`gc_id`,`gc_name`,`type_id`,`type_name`,`store_id`,`gc_parent_id`,`gc_sort`,`gc_show`,`gc_index_show`,`gc_title`,`gc_keywords`,`gc_description`) VALUES('291','篮球鞋','2','鞋码','0','286','255','1','1','','','');
INSERT INTO `shopnc_goods_class` (`gc_id`,`gc_name`,`type_id`,`type_name`,`store_id`,`gc_parent_id`,`gc_sort`,`gc_show`,`gc_index_show`,`gc_title`,`gc_keywords`,`gc_description`) VALUES('292','帆布鞋','2','鞋码','0','286','255','1','1','','','');
INSERT INTO `shopnc_goods_class` (`gc_id`,`gc_name`,`type_id`,`type_name`,`store_id`,`gc_parent_id`,`gc_sort`,`gc_show`,`gc_index_show`,`gc_title`,`gc_keywords`,`gc_description`) VALUES('293','跑步鞋','2','鞋码','0','286','255','1','1','','','');
INSERT INTO `shopnc_goods_class` (`gc_id`,`gc_name`,`type_id`,`type_name`,`store_id`,`gc_parent_id`,`gc_sort`,`gc_show`,`gc_index_show`,`gc_title`,`gc_keywords`,`gc_description`) VALUES('294','足球鞋','2','鞋码','0','286','255','1','1','','','');
INSERT INTO `shopnc_goods_class` (`gc_id`,`gc_name`,`type_id`,`type_name`,`store_id`,`gc_parent_id`,`gc_sort`,`gc_show`,`gc_index_show`,`gc_title`,`gc_keywords`,`gc_description`) VALUES('295','网球鞋','2','鞋码','0','286','255','1','1','','','');
INSERT INTO `shopnc_goods_class` (`gc_id`,`gc_name`,`type_id`,`type_name`,`store_id`,`gc_parent_id`,`gc_sort`,`gc_show`,`gc_index_show`,`gc_title`,`gc_keywords`,`gc_description`) VALUES('296','训练鞋','2','鞋码','0','286','255','1','1','','','');
INSERT INTO `shopnc_goods_class` (`gc_id`,`gc_name`,`type_id`,`type_name`,`store_id`,`gc_parent_id`,`gc_sort`,`gc_show`,`gc_index_show`,`gc_title`,`gc_keywords`,`gc_description`) VALUES('297','套装','0','','0','287','255','1','1','','','');
INSERT INTO `shopnc_goods_class` (`gc_id`,`gc_name`,`type_id`,`type_name`,`store_id`,`gc_parent_id`,`gc_sort`,`gc_show`,`gc_index_show`,`gc_title`,`gc_keywords`,`gc_description`) VALUES('298','运动裤/裙','0','','0','287','255','1','0','','','');
INSERT INTO `shopnc_goods_class` (`gc_id`,`gc_name`,`type_id`,`type_name`,`store_id`,`gc_parent_id`,`gc_sort`,`gc_show`,`gc_index_show`,`gc_title`,`gc_keywords`,`gc_description`) VALUES('299','颈环/手环','0','','0','287','255','1','0','','','');
INSERT INTO `shopnc_goods_class` (`gc_id`,`gc_name`,`type_id`,`type_name`,`store_id`,`gc_parent_id`,`gc_sort`,`gc_show`,`gc_index_show`,`gc_title`,`gc_keywords`,`gc_description`) VALUES('300','夹克','0','','0','287','255','1','1','','','');
INSERT INTO `shopnc_goods_class` (`gc_id`,`gc_name`,`type_id`,`type_name`,`store_id`,`gc_parent_id`,`gc_sort`,`gc_show`,`gc_index_show`,`gc_title`,`gc_keywords`,`gc_description`) VALUES('301','运动包','0','','0','287','255','1','1','','','');
INSERT INTO `shopnc_goods_class` (`gc_id`,`gc_name`,`type_id`,`type_name`,`store_id`,`gc_parent_id`,`gc_sort`,`gc_show`,`gc_index_show`,`gc_title`,`gc_keywords`,`gc_description`) VALUES('302','运动风衣','0','','0','287','255','1','0','','','');
INSERT INTO `shopnc_goods_class` (`gc_id`,`gc_name`,`type_id`,`type_name`,`store_id`,`gc_parent_id`,`gc_sort`,`gc_show`,`gc_index_show`,`gc_title`,`gc_keywords`,`gc_description`) VALUES('303','休闲裤','0','','0','287','255','1','1','','','');
INSERT INTO `shopnc_goods_class` (`gc_id`,`gc_name`,`type_id`,`type_name`,`store_id`,`gc_parent_id`,`gc_sort`,`gc_show`,`gc_index_show`,`gc_title`,`gc_keywords`,`gc_description`) VALUES('304','运动配件','0','','0','287','255','1','0','','','');
INSERT INTO `shopnc_goods_class` (`gc_id`,`gc_name`,`type_id`,`type_name`,`store_id`,`gc_parent_id`,`gc_sort`,`gc_show`,`gc_index_show`,`gc_title`,`gc_keywords`,`gc_description`) VALUES('305','运动POLO','0','','0','287','255','1','0','','','');
INSERT INTO `shopnc_goods_class` (`gc_id`,`gc_name`,`type_id`,`type_name`,`store_id`,`gc_parent_id`,`gc_sort`,`gc_show`,`gc_index_show`,`gc_title`,`gc_keywords`,`gc_description`) VALUES('306','针织衫','0','','0','287','255','1','1','','','');
INSERT INTO `shopnc_goods_class` (`gc_id`,`gc_name`,`type_id`,`type_name`,`store_id`,`gc_parent_id`,`gc_sort`,`gc_show`,`gc_index_show`,`gc_title`,`gc_keywords`,`gc_description`) VALUES('307','户外鞋','0','','0','288','255','1','1','','','');
INSERT INTO `shopnc_goods_class` (`gc_id`,`gc_name`,`type_id`,`type_name`,`store_id`,`gc_parent_id`,`gc_sort`,`gc_show`,`gc_index_show`,`gc_title`,`gc_keywords`,`gc_description`) VALUES('308','户外服装','0','','0','288','255','1','0','','','');
INSERT INTO `shopnc_goods_class` (`gc_id`,`gc_name`,`type_id`,`type_name`,`store_id`,`gc_parent_id`,`gc_sort`,`gc_show`,`gc_index_show`,`gc_title`,`gc_keywords`,`gc_description`) VALUES('309','垂钓用品','0','','0','288','255','1','0','','','');
INSERT INTO `shopnc_goods_class` (`gc_id`,`gc_name`,`type_id`,`type_name`,`store_id`,`gc_parent_id`,`gc_sort`,`gc_show`,`gc_index_show`,`gc_title`,`gc_keywords`,`gc_description`) VALUES('310','服饰配件','0','','0','288','255','1','0','','','');
INSERT INTO `shopnc_goods_class` (`gc_id`,`gc_name`,`type_id`,`type_name`,`store_id`,`gc_parent_id`,`gc_sort`,`gc_show`,`gc_index_show`,`gc_title`,`gc_keywords`,`gc_description`) VALUES('311','户外军品','0','','0','288','255','1','0','','','');
INSERT INTO `shopnc_goods_class` (`gc_id`,`gc_name`,`type_id`,`type_name`,`store_id`,`gc_parent_id`,`gc_sort`,`gc_show`,`gc_index_show`,`gc_title`,`gc_keywords`,`gc_description`) VALUES('312','望远镜','0','','0','288','255','1','1','','','');
INSERT INTO `shopnc_goods_class` (`gc_id`,`gc_name`,`type_id`,`type_name`,`store_id`,`gc_parent_id`,`gc_sort`,`gc_show`,`gc_index_show`,`gc_title`,`gc_keywords`,`gc_description`) VALUES('313','工具/眼镜','0','','0','288','255','1','0','','','');
INSERT INTO `shopnc_goods_class` (`gc_id`,`gc_name`,`type_id`,`type_name`,`store_id`,`gc_parent_id`,`gc_sort`,`gc_show`,`gc_index_show`,`gc_title`,`gc_keywords`,`gc_description`) VALUES('314','户外手电筒','0','','0','288','255','1','0','','','');
INSERT INTO `shopnc_goods_class` (`gc_id`,`gc_name`,`type_id`,`type_name`,`store_id`,`gc_parent_id`,`gc_sort`,`gc_show`,`gc_index_show`,`gc_title`,`gc_keywords`,`gc_description`) VALUES('315','自行车','0','','0','288','255','1','1','','','');
INSERT INTO `shopnc_goods_class` (`gc_id`,`gc_name`,`type_id`,`type_name`,`store_id`,`gc_parent_id`,`gc_sort`,`gc_show`,`gc_index_show`,`gc_title`,`gc_keywords`,`gc_description`) VALUES('316','户外包袋','0','','0','288','255','1','0','','','');
INSERT INTO `shopnc_goods_class` (`gc_id`,`gc_name`,`type_id`,`type_name`,`store_id`,`gc_parent_id`,`gc_sort`,`gc_show`,`gc_index_show`,`gc_title`,`gc_keywords`,`gc_description`) VALUES('317','水上用品','0','','0','288','255','1','0','','','');
INSERT INTO `shopnc_goods_class` (`gc_id`,`gc_name`,`type_id`,`type_name`,`store_id`,`gc_parent_id`,`gc_sort`,`gc_show`,`gc_index_show`,`gc_title`,`gc_keywords`,`gc_description`) VALUES('318','生存用具','0','','0','288','255','1','0','','','');
INSERT INTO `shopnc_goods_class` (`gc_id`,`gc_name`,`type_id`,`type_name`,`store_id`,`gc_parent_id`,`gc_sort`,`gc_show`,`gc_index_show`,`gc_title`,`gc_keywords`,`gc_description`) VALUES('319','旅游','0','','0','11','255','1','0','','','');
INSERT INTO `shopnc_goods_class` (`gc_id`,`gc_name`,`type_id`,`type_name`,`store_id`,`gc_parent_id`,`gc_sort`,`gc_show`,`gc_index_show`,`gc_title`,`gc_keywords`,`gc_description`) VALUES('320','票务','0','','0','11','255','1','0','','','');
INSERT INTO `shopnc_goods_class` (`gc_id`,`gc_name`,`type_id`,`type_name`,`store_id`,`gc_parent_id`,`gc_sort`,`gc_show`,`gc_index_show`,`gc_title`,`gc_keywords`,`gc_description`) VALUES('321','保险','0','','0','11','255','1','0','','','');
INSERT INTO `shopnc_goods_class` (`gc_id`,`gc_name`,`type_id`,`type_name`,`store_id`,`gc_parent_id`,`gc_sort`,`gc_show`,`gc_index_show`,`gc_title`,`gc_keywords`,`gc_description`) VALUES('322','国内机票','0','','0','319','255','1','0','','','');
INSERT INTO `shopnc_goods_class` (`gc_id`,`gc_name`,`type_id`,`type_name`,`store_id`,`gc_parent_id`,`gc_sort`,`gc_show`,`gc_index_show`,`gc_title`,`gc_keywords`,`gc_description`) VALUES('323','国内酒店','0','','0','319','255','1','0','','','');
INSERT INTO `shopnc_goods_class` (`gc_id`,`gc_name`,`type_id`,`type_name`,`store_id`,`gc_parent_id`,`gc_sort`,`gc_show`,`gc_index_show`,`gc_title`,`gc_keywords`,`gc_description`) VALUES('324','酒店团购','0','','0','319','255','1','0','','','');
INSERT INTO `shopnc_goods_class` (`gc_id`,`gc_name`,`type_id`,`type_name`,`store_id`,`gc_parent_id`,`gc_sort`,`gc_show`,`gc_index_show`,`gc_title`,`gc_keywords`,`gc_description`) VALUES('325','旅行意外险','0','','0','321','255','1','0','','','');
INSERT INTO `shopnc_goods_class` (`gc_id`,`gc_name`,`type_id`,`type_name`,`store_id`,`gc_parent_id`,`gc_sort`,`gc_show`,`gc_index_show`,`gc_title`,`gc_keywords`,`gc_description`) VALUES('326','自驾意外险','0','','0','321','255','1','0','','','');
INSERT INTO `shopnc_goods_class` (`gc_id`,`gc_name`,`type_id`,`type_name`,`store_id`,`gc_parent_id`,`gc_sort`,`gc_show`,`gc_index_show`,`gc_title`,`gc_keywords`,`gc_description`) VALUES('327','家庭财产险','0','','0','321','255','1','0','','','');
INSERT INTO `shopnc_goods_class` (`gc_id`,`gc_name`,`type_id`,`type_name`,`store_id`,`gc_parent_id`,`gc_sort`,`gc_show`,`gc_index_show`,`gc_title`,`gc_keywords`,`gc_description`) VALUES('328','老人骨折险','0','','0','321','255','1','0','','','');
INSERT INTO `shopnc_goods_class` (`gc_id`,`gc_name`,`type_id`,`type_name`,`store_id`,`gc_parent_id`,`gc_sort`,`gc_show`,`gc_index_show`,`gc_title`,`gc_keywords`,`gc_description`) VALUES('329','家财火宅险','0','','0','321','255','1','0','','','');
INSERT INTO `shopnc_goods_class` (`gc_id`,`gc_name`,`type_id`,`type_name`,`store_id`,`gc_parent_id`,`gc_sort`,`gc_show`,`gc_index_show`,`gc_title`,`gc_keywords`,`gc_description`) VALUES('330','车险','0','','0','321','255','1','0','','','');
INSERT INTO `shopnc_goods_class` (`gc_id`,`gc_name`,`type_id`,`type_name`,`store_id`,`gc_parent_id`,`gc_sort`,`gc_show`,`gc_index_show`,`gc_title`,`gc_keywords`,`gc_description`) VALUES('331','演出门票','0','','0','320','255','1','0','','','');
INSERT INTO `shopnc_goods_class` (`gc_id`,`gc_name`,`type_id`,`type_name`,`store_id`,`gc_parent_id`,`gc_sort`,`gc_show`,`gc_index_show`,`gc_title`,`gc_keywords`,`gc_description`) VALUES('332','话剧歌剧','0','','0','320','255','1','0','','','');
INSERT INTO `shopnc_goods_class` (`gc_id`,`gc_name`,`type_id`,`type_name`,`store_id`,`gc_parent_id`,`gc_sort`,`gc_show`,`gc_index_show`,`gc_title`,`gc_keywords`,`gc_description`) VALUES('333','演唱会','0','','0','320','255','1','0','','','');
INSERT INTO `shopnc_goods_class` (`gc_id`,`gc_name`,`type_id`,`type_name`,`store_id`,`gc_parent_id`,`gc_sort`,`gc_show`,`gc_index_show`,`gc_title`,`gc_keywords`,`gc_description`) VALUES('334','音乐会','0','','0','320','255','1','0','','','');
INSERT INTO `shopnc_goods_class` (`gc_id`,`gc_name`,`type_id`,`type_name`,`store_id`,`gc_parent_id`,`gc_sort`,`gc_show`,`gc_index_show`,`gc_title`,`gc_keywords`,`gc_description`) VALUES('335','景区门票','0','','0','320','255','1','0','','','');
INSERT INTO `shopnc_goods_class` (`gc_id`,`gc_name`,`type_id`,`type_name`,`store_id`,`gc_parent_id`,`gc_sort`,`gc_show`,`gc_index_show`,`gc_title`,`gc_keywords`,`gc_description`) VALUES('336','温泉','0','','0','320','255','1','0','','','');
INSERT INTO `shopnc_goods_class` (`gc_id`,`gc_name`,`type_id`,`type_name`,`store_id`,`gc_parent_id`,`gc_sort`,`gc_show`,`gc_index_show`,`gc_title`,`gc_keywords`,`gc_description`) VALUES('337','主题乐园','0','','0','320','255','1','0','','','');
INSERT INTO `shopnc_goods_class` (`gc_id`,`gc_name`,`type_id`,`type_name`,`store_id`,`gc_parent_id`,`gc_sort`,`gc_show`,`gc_index_show`,`gc_title`,`gc_keywords`,`gc_description`) VALUES('338','四折电影票','0','','0','320','255','1','0','','','');
INSERT INTO `shopnc_goods_class` (`gc_id`,`gc_name`,`type_id`,`type_name`,`store_id`,`gc_parent_id`,`gc_sort`,`gc_show`,`gc_index_show`,`gc_title`,`gc_keywords`,`gc_description`) VALUES('339','折扣活动','0','','0','320','255','1','0','','','');
INSERT INTO `shopnc_goods_class` (`gc_id`,`gc_name`,`type_id`,`type_name`,`store_id`,`gc_parent_id`,`gc_sort`,`gc_show`,`gc_index_show`,`gc_title`,`gc_keywords`,`gc_description`) VALUES('340','免费抢票','0','','0','320','255','1','0','','','');
INSERT INTO `shopnc_goods_class_tag` (`gc_tag_id`,`gc_id_1`,`gc_id_2`,`gc_id_3`,`gc_tag_name`,`gc_tag_value`,`gc_id`,`type_id`) VALUES('1','1','12','16','男女服装&nbsp;&gt;&nbsp;女装&nbsp;&gt;&nbsp;棉衣','男女服装,女装,棉衣','16','1');
INSERT INTO `shopnc_goods_class_tag` (`gc_tag_id`,`gc_id_1`,`gc_id_2`,`gc_id_3`,`gc_tag_name`,`gc_tag_value`,`gc_id`,`type_id`) VALUES('2','1','12','17','男女服装&nbsp;&gt;&nbsp;女装&nbsp;&gt;&nbsp;毛呢大衣','男女服装,女装,毛呢大衣','17','1');
INSERT INTO `shopnc_goods_class_tag` (`gc_tag_id`,`gc_id_1`,`gc_id_2`,`gc_id_3`,`gc_tag_name`,`gc_tag_value`,`gc_id`,`type_id`) VALUES('3','1','12','18','男女服装&nbsp;&gt;&nbsp;女装&nbsp;&gt;&nbsp;风衣','男女服装,女装,风衣','18','1');
INSERT INTO `shopnc_goods_class_tag` (`gc_tag_id`,`gc_id_1`,`gc_id_2`,`gc_id_3`,`gc_tag_name`,`gc_tag_value`,`gc_id`,`type_id`) VALUES('4','1','12','19','男女服装&nbsp;&gt;&nbsp;女装&nbsp;&gt;&nbsp;打底衫','男女服装,女装,打底衫','19','1');
INSERT INTO `shopnc_goods_class_tag` (`gc_tag_id`,`gc_id_1`,`gc_id_2`,`gc_id_3`,`gc_tag_name`,`gc_tag_value`,`gc_id`,`type_id`) VALUES('5','1','12','20','男女服装&nbsp;&gt;&nbsp;女装&nbsp;&gt;&nbsp;情侣装','男女服装,女装,情侣装','20','1');
INSERT INTO `shopnc_goods_class_tag` (`gc_tag_id`,`gc_id_1`,`gc_id_2`,`gc_id_3`,`gc_tag_name`,`gc_tag_value`,`gc_id`,`type_id`) VALUES('6','1','12','21','男女服装&nbsp;&gt;&nbsp;女装&nbsp;&gt;&nbsp;毛呢短裤','男女服装,女装,毛呢短裤','21','1');
INSERT INTO `shopnc_goods_class_tag` (`gc_tag_id`,`gc_id_1`,`gc_id_2`,`gc_id_3`,`gc_tag_name`,`gc_tag_value`,`gc_id`,`type_id`) VALUES('7','1','12','22','男女服装&nbsp;&gt;&nbsp;女装&nbsp;&gt;&nbsp;牛仔裤','男女服装,女装,牛仔裤','22','1');
INSERT INTO `shopnc_goods_class_tag` (`gc_tag_id`,`gc_id_1`,`gc_id_2`,`gc_id_3`,`gc_tag_name`,`gc_tag_value`,`gc_id`,`type_id`) VALUES('8','1','12','23','男女服装&nbsp;&gt;&nbsp;女装&nbsp;&gt;&nbsp;加绒打底裤','男女服装,女装,加绒打底裤','23','1');
INSERT INTO `shopnc_goods_class_tag` (`gc_tag_id`,`gc_id_1`,`gc_id_2`,`gc_id_3`,`gc_tag_name`,`gc_tag_value`,`gc_id`,`type_id`) VALUES('9','1','12','24','男女服装&nbsp;&gt;&nbsp;女装&nbsp;&gt;&nbsp;小脚裤','男女服装,女装,小脚裤','24','1');
INSERT INTO `shopnc_goods_class_tag` (`gc_tag_id`,`gc_id_1`,`gc_id_2`,`gc_id_3`,`gc_tag_name`,`gc_tag_value`,`gc_id`,`type_id`) VALUES('10','1','12','25','男女服装&nbsp;&gt;&nbsp;女装&nbsp;&gt;&nbsp;半身裙','男女服装,女装,半身裙','25','1');
INSERT INTO `shopnc_goods_class_tag` (`gc_tag_id`,`gc_id_1`,`gc_id_2`,`gc_id_3`,`gc_tag_name`,`gc_tag_value`,`gc_id`,`type_id`) VALUES('11','1','12','26','男女服装&nbsp;&gt;&nbsp;女装&nbsp;&gt;&nbsp;毛呢连衣裙','男女服装,女装,毛呢连衣裙','26','1');
INSERT INTO `shopnc_goods_class_tag` (`gc_tag_id`,`gc_id_1`,`gc_id_2`,`gc_id_3`,`gc_tag_name`,`gc_tag_value`,`gc_id`,`type_id`) VALUES('12','1','12','27','男女服装&nbsp;&gt;&nbsp;女装&nbsp;&gt;&nbsp;长袖连衣裙','男女服装,女装,长袖连衣裙','27','1');
INSERT INTO `shopnc_goods_class_tag` (`gc_tag_id`,`gc_id_1`,`gc_id_2`,`gc_id_3`,`gc_tag_name`,`gc_tag_value`,`gc_id`,`type_id`) VALUES('13','1','13','15','男女服装&nbsp;&gt;&nbsp;男装&nbsp;&gt;&nbsp;羽绒服','男女服装,男装,羽绒服','15','1');
INSERT INTO `shopnc_goods_class_tag` (`gc_tag_id`,`gc_id_1`,`gc_id_2`,`gc_id_3`,`gc_tag_name`,`gc_tag_value`,`gc_id`,`type_id`) VALUES('14','1','13','28','男女服装&nbsp;&gt;&nbsp;男装&nbsp;&gt;&nbsp;卫衣','男女服装,男装,卫衣','28','1');
INSERT INTO `shopnc_goods_class_tag` (`gc_tag_id`,`gc_id_1`,`gc_id_2`,`gc_id_3`,`gc_tag_name`,`gc_tag_value`,`gc_id`,`type_id`) VALUES('15','1','13','29','男女服装&nbsp;&gt;&nbsp;男装&nbsp;&gt;&nbsp;长袖T恤','男女服装,男装,长袖T恤','29','1');
INSERT INTO `shopnc_goods_class_tag` (`gc_tag_id`,`gc_id_1`,`gc_id_2`,`gc_id_3`,`gc_tag_name`,`gc_tag_value`,`gc_id`,`type_id`) VALUES('16','1','13','30','男女服装&nbsp;&gt;&nbsp;男装&nbsp;&gt;&nbsp;长袖衬衫','男女服装,男装,长袖衬衫','30','1');
INSERT INTO `shopnc_goods_class_tag` (`gc_tag_id`,`gc_id_1`,`gc_id_2`,`gc_id_3`,`gc_tag_name`,`gc_tag_value`,`gc_id`,`type_id`) VALUES('17','1','13','31','男女服装&nbsp;&gt;&nbsp;男装&nbsp;&gt;&nbsp;品质秋冬外套','男女服装,男装,品质秋冬外套','31','1');
INSERT INTO `shopnc_goods_class_tag` (`gc_tag_id`,`gc_id_1`,`gc_id_2`,`gc_id_3`,`gc_tag_name`,`gc_tag_value`,`gc_id`,`type_id`) VALUES('18','1','13','32','男女服装&nbsp;&gt;&nbsp;男装&nbsp;&gt;&nbsp;风衣','男女服装,男装,风衣','32','1');
INSERT INTO `shopnc_goods_class_tag` (`gc_tag_id`,`gc_id_1`,`gc_id_2`,`gc_id_3`,`gc_tag_name`,`gc_tag_value`,`gc_id`,`type_id`) VALUES('19','1','13','33','男女服装&nbsp;&gt;&nbsp;男装&nbsp;&gt;&nbsp;休闲西装','男女服装,男装,休闲西装','33','1');
INSERT INTO `shopnc_goods_class_tag` (`gc_tag_id`,`gc_id_1`,`gc_id_2`,`gc_id_3`,`gc_tag_name`,`gc_tag_value`,`gc_id`,`type_id`) VALUES('20','1','13','34','男女服装&nbsp;&gt;&nbsp;男装&nbsp;&gt;&nbsp;棉衣','男女服装,男装,棉衣','34','1');
INSERT INTO `shopnc_goods_class_tag` (`gc_tag_id`,`gc_id_1`,`gc_id_2`,`gc_id_3`,`gc_tag_name`,`gc_tag_value`,`gc_id`,`type_id`) VALUES('21','1','13','35','男女服装&nbsp;&gt;&nbsp;男装&nbsp;&gt;&nbsp;休闲长裤','男女服装,男装,休闲长裤','35','1');
INSERT INTO `shopnc_goods_class_tag` (`gc_tag_id`,`gc_id_1`,`gc_id_2`,`gc_id_3`,`gc_tag_name`,`gc_tag_value`,`gc_id`,`type_id`) VALUES('22','1','13','36','男女服装&nbsp;&gt;&nbsp;男装&nbsp;&gt;&nbsp;内衣内裤','男女服装,男装,内衣内裤','36','1');
INSERT INTO `shopnc_goods_class_tag` (`gc_tag_id`,`gc_id_1`,`gc_id_2`,`gc_id_3`,`gc_tag_name`,`gc_tag_value`,`gc_id`,`type_id`) VALUES('23','1','14','37','男女服装&nbsp;&gt;&nbsp;内衣/睡衣&nbsp;&gt;&nbsp;保暖内衣','男女服装,内衣/睡衣,保暖内衣','37','1');
INSERT INTO `shopnc_goods_class_tag` (`gc_tag_id`,`gc_id_1`,`gc_id_2`,`gc_id_3`,`gc_tag_name`,`gc_tag_value`,`gc_id`,`type_id`) VALUES('24','1','14','38','男女服装&nbsp;&gt;&nbsp;内衣/睡衣&nbsp;&gt;&nbsp;保暖打底裤','男女服装,内衣/睡衣,保暖打底裤','38','1');
INSERT INTO `shopnc_goods_class_tag` (`gc_tag_id`,`gc_id_1`,`gc_id_2`,`gc_id_3`,`gc_tag_name`,`gc_tag_value`,`gc_id`,`type_id`) VALUES('25','1','14','39','男女服装&nbsp;&gt;&nbsp;内衣/睡衣&nbsp;&gt;&nbsp;秋冬睡衣','男女服装,内衣/睡衣,秋冬睡衣','39','1');
INSERT INTO `shopnc_goods_class_tag` (`gc_tag_id`,`gc_id_1`,`gc_id_2`,`gc_id_3`,`gc_tag_name`,`gc_tag_value`,`gc_id`,`type_id`) VALUES('26','1','14','40','男女服装&nbsp;&gt;&nbsp;内衣/睡衣&nbsp;&gt;&nbsp;珊瑚绒睡衣','男女服装,内衣/睡衣,珊瑚绒睡衣','40','1');
INSERT INTO `shopnc_goods_class_tag` (`gc_tag_id`,`gc_id_1`,`gc_id_2`,`gc_id_3`,`gc_tag_name`,`gc_tag_value`,`gc_id`,`type_id`) VALUES('27','1','14','41','男女服装&nbsp;&gt;&nbsp;内衣/睡衣&nbsp;&gt;&nbsp;塑身内衣','男女服装,内衣/睡衣,塑身内衣','41','1');
INSERT INTO `shopnc_goods_class_tag` (`gc_tag_id`,`gc_id_1`,`gc_id_2`,`gc_id_3`,`gc_tag_name`,`gc_tag_value`,`gc_id`,`type_id`) VALUES('28','1','14','42','男女服装&nbsp;&gt;&nbsp;内衣/睡衣&nbsp;&gt;&nbsp;文胸套装','男女服装,内衣/睡衣,文胸套装','42','1');
INSERT INTO `shopnc_goods_class_tag` (`gc_tag_id`,`gc_id_1`,`gc_id_2`,`gc_id_3`,`gc_tag_name`,`gc_tag_value`,`gc_id`,`type_id`) VALUES('29','1','14','43','男女服装&nbsp;&gt;&nbsp;内衣/睡衣&nbsp;&gt;&nbsp;文胸','男女服装,内衣/睡衣,文胸','43','1');
INSERT INTO `shopnc_goods_class_tag` (`gc_tag_id`,`gc_id_1`,`gc_id_2`,`gc_id_3`,`gc_tag_name`,`gc_tag_value`,`gc_id`,`type_id`) VALUES('30','1','14','44','男女服装&nbsp;&gt;&nbsp;内衣/睡衣&nbsp;&gt;&nbsp;内裤','男女服装,内衣/睡衣,内裤','44','1');
INSERT INTO `shopnc_goods_class_tag` (`gc_tag_id`,`gc_id_1`,`gc_id_2`,`gc_id_3`,`gc_tag_name`,`gc_tag_value`,`gc_id`,`type_id`) VALUES('31','1','14','45','男女服装&nbsp;&gt;&nbsp;内衣/睡衣&nbsp;&gt;&nbsp;袜子','男女服装,内衣/睡衣,袜子','45','1');
INSERT INTO `shopnc_goods_class_tag` (`gc_tag_id`,`gc_id_1`,`gc_id_2`,`gc_id_3`,`gc_tag_name`,`gc_tag_value`,`gc_id`,`type_id`) VALUES('32','1','14','46','男女服装&nbsp;&gt;&nbsp;内衣/睡衣&nbsp;&gt;&nbsp;连裤袜','男女服装,内衣/睡衣,连裤袜','46','1');
INSERT INTO `shopnc_goods_class_tag` (`gc_tag_id`,`gc_id_1`,`gc_id_2`,`gc_id_3`,`gc_tag_name`,`gc_tag_value`,`gc_id`,`type_id`) VALUES('33','1','14','47','男女服装&nbsp;&gt;&nbsp;内衣/睡衣&nbsp;&gt;&nbsp;棉袜','男女服装,内衣/睡衣,棉袜','47','1');
INSERT INTO `shopnc_goods_class_tag` (`gc_tag_id`,`gc_id_1`,`gc_id_2`,`gc_id_3`,`gc_tag_name`,`gc_tag_value`,`gc_id`,`type_id`) VALUES('34','2','93','96','鞋包配饰&nbsp;&gt;&nbsp;皮具箱包&nbsp;&gt;&nbsp;单肩包','鞋包配饰,皮具箱包,单肩包','96','3');
INSERT INTO `shopnc_goods_class_tag` (`gc_tag_id`,`gc_id_1`,`gc_id_2`,`gc_id_3`,`gc_tag_name`,`gc_tag_value`,`gc_id`,`type_id`) VALUES('35','2','93','97','鞋包配饰&nbsp;&gt;&nbsp;皮具箱包&nbsp;&gt;&nbsp;手提包','鞋包配饰,皮具箱包,手提包','97','3');
INSERT INTO `shopnc_goods_class_tag` (`gc_tag_id`,`gc_id_1`,`gc_id_2`,`gc_id_3`,`gc_tag_name`,`gc_tag_value`,`gc_id`,`type_id`) VALUES('36','2','93','98','鞋包配饰&nbsp;&gt;&nbsp;皮具箱包&nbsp;&gt;&nbsp;斜挎包','鞋包配饰,皮具箱包,斜挎包','98','3');
INSERT INTO `shopnc_goods_class_tag` (`gc_tag_id`,`gc_id_1`,`gc_id_2`,`gc_id_3`,`gc_tag_name`,`gc_tag_value`,`gc_id`,`type_id`) VALUES('37','2','93','99','鞋包配饰&nbsp;&gt;&nbsp;皮具箱包&nbsp;&gt;&nbsp;多功能包','鞋包配饰,皮具箱包,多功能包','99','3');
INSERT INTO `shopnc_goods_class_tag` (`gc_tag_id`,`gc_id_1`,`gc_id_2`,`gc_id_3`,`gc_tag_name`,`gc_tag_value`,`gc_id`,`type_id`) VALUES('38','2','93','100','鞋包配饰&nbsp;&gt;&nbsp;皮具箱包&nbsp;&gt;&nbsp;双肩包','鞋包配饰,皮具箱包,双肩包','100','3');
INSERT INTO `shopnc_goods_class_tag` (`gc_tag_id`,`gc_id_1`,`gc_id_2`,`gc_id_3`,`gc_tag_name`,`gc_tag_value`,`gc_id`,`type_id`) VALUES('39','2','93','101','鞋包配饰&nbsp;&gt;&nbsp;皮具箱包&nbsp;&gt;&nbsp;旅行箱','鞋包配饰,皮具箱包,旅行箱','101','3');
INSERT INTO `shopnc_goods_class_tag` (`gc_tag_id`,`gc_id_1`,`gc_id_2`,`gc_id_3`,`gc_tag_name`,`gc_tag_value`,`gc_id`,`type_id`) VALUES('40','2','93','102','鞋包配饰&nbsp;&gt;&nbsp;皮具箱包&nbsp;&gt;&nbsp;男包','鞋包配饰,皮具箱包,男包','102','3');
INSERT INTO `shopnc_goods_class_tag` (`gc_tag_id`,`gc_id_1`,`gc_id_2`,`gc_id_3`,`gc_tag_name`,`gc_tag_value`,`gc_id`,`type_id`) VALUES('41','2','93','103','鞋包配饰&nbsp;&gt;&nbsp;皮具箱包&nbsp;&gt;&nbsp;电脑数码包','鞋包配饰,皮具箱包,电脑数码包','103','3');
INSERT INTO `shopnc_goods_class_tag` (`gc_tag_id`,`gc_id_1`,`gc_id_2`,`gc_id_3`,`gc_tag_name`,`gc_tag_value`,`gc_id`,`type_id`) VALUES('42','2','93','104','鞋包配饰&nbsp;&gt;&nbsp;皮具箱包&nbsp;&gt;&nbsp;真皮包','鞋包配饰,皮具箱包,真皮包','104','3');
INSERT INTO `shopnc_goods_class_tag` (`gc_tag_id`,`gc_id_1`,`gc_id_2`,`gc_id_3`,`gc_tag_name`,`gc_tag_value`,`gc_id`,`type_id`) VALUES('43','2','93','105','鞋包配饰&nbsp;&gt;&nbsp;皮具箱包&nbsp;&gt;&nbsp;钱包/卡套','鞋包配饰,皮具箱包,钱包/卡套','105','3');
INSERT INTO `shopnc_goods_class_tag` (`gc_tag_id`,`gc_id_1`,`gc_id_2`,`gc_id_3`,`gc_tag_name`,`gc_tag_value`,`gc_id`,`type_id`) VALUES('44','2','94','106','鞋包配饰&nbsp;&gt;&nbsp;男鞋&nbsp;&gt;&nbsp;秋季新款','鞋包配饰,男鞋,秋季新款','106','2');
INSERT INTO `shopnc_goods_class_tag` (`gc_tag_id`,`gc_id_1`,`gc_id_2`,`gc_id_3`,`gc_tag_name`,`gc_tag_value`,`gc_id`,`type_id`) VALUES('45','2','94','107','鞋包配饰&nbsp;&gt;&nbsp;男鞋&nbsp;&gt;&nbsp;商城精品','鞋包配饰,男鞋,商城精品','107','2');
INSERT INTO `shopnc_goods_class_tag` (`gc_tag_id`,`gc_id_1`,`gc_id_2`,`gc_id_3`,`gc_tag_name`,`gc_tag_value`,`gc_id`,`type_id`) VALUES('46','2','94','108','鞋包配饰&nbsp;&gt;&nbsp;男鞋&nbsp;&gt;&nbsp;舒适男鞋','鞋包配饰,男鞋,舒适男鞋','108','2');
INSERT INTO `shopnc_goods_class_tag` (`gc_tag_id`,`gc_id_1`,`gc_id_2`,`gc_id_3`,`gc_tag_name`,`gc_tag_value`,`gc_id`,`type_id`) VALUES('47','2','94','109','鞋包配饰&nbsp;&gt;&nbsp;男鞋&nbsp;&gt;&nbsp;保暖必备','鞋包配饰,男鞋,保暖必备','109','2');
INSERT INTO `shopnc_goods_class_tag` (`gc_tag_id`,`gc_id_1`,`gc_id_2`,`gc_id_3`,`gc_tag_name`,`gc_tag_value`,`gc_id`,`type_id`) VALUES('48','2','95','110','鞋包配饰&nbsp;&gt;&nbsp;女鞋&nbsp;&gt;&nbsp;冬靴来了','鞋包配饰,女鞋,冬靴来了','110','2');
INSERT INTO `shopnc_goods_class_tag` (`gc_tag_id`,`gc_id_1`,`gc_id_2`,`gc_id_3`,`gc_tag_name`,`gc_tag_value`,`gc_id`,`type_id`) VALUES('49','2','95','111','鞋包配饰&nbsp;&gt;&nbsp;女鞋&nbsp;&gt;&nbsp;短靴踝靴','鞋包配饰,女鞋,短靴踝靴','111','2');
INSERT INTO `shopnc_goods_class_tag` (`gc_tag_id`,`gc_id_1`,`gc_id_2`,`gc_id_3`,`gc_tag_name`,`gc_tag_value`,`gc_id`,`type_id`) VALUES('50','2','95','112','鞋包配饰&nbsp;&gt;&nbsp;女鞋&nbsp;&gt;&nbsp;中筒靴','鞋包配饰,女鞋,中筒靴','112','2');
INSERT INTO `shopnc_goods_class_tag` (`gc_tag_id`,`gc_id_1`,`gc_id_2`,`gc_id_3`,`gc_tag_name`,`gc_tag_value`,`gc_id`,`type_id`) VALUES('51','2','95','113','鞋包配饰&nbsp;&gt;&nbsp;女鞋&nbsp;&gt;&nbsp;雪地靴','鞋包配饰,女鞋,雪地靴','113','2');
INSERT INTO `shopnc_goods_class_tag` (`gc_tag_id`,`gc_id_1`,`gc_id_2`,`gc_id_3`,`gc_tag_name`,`gc_tag_value`,`gc_id`,`type_id`) VALUES('52','2','95','114','鞋包配饰&nbsp;&gt;&nbsp;女鞋&nbsp;&gt;&nbsp;单鞋','鞋包配饰,女鞋,单鞋','114','2');
INSERT INTO `shopnc_goods_class_tag` (`gc_tag_id`,`gc_id_1`,`gc_id_2`,`gc_id_3`,`gc_tag_name`,`gc_tag_value`,`gc_id`,`type_id`) VALUES('53','2','95','115','鞋包配饰&nbsp;&gt;&nbsp;女鞋&nbsp;&gt;&nbsp;经典中跟','鞋包配饰,女鞋,经典中跟','115','2');
INSERT INTO `shopnc_goods_class_tag` (`gc_tag_id`,`gc_id_1`,`gc_id_2`,`gc_id_3`,`gc_tag_name`,`gc_tag_value`,`gc_id`,`type_id`) VALUES('54','2','95','116','鞋包配饰&nbsp;&gt;&nbsp;女鞋&nbsp;&gt;&nbsp;显腿瘦高跟','鞋包配饰,女鞋,显腿瘦高跟','116','2');
INSERT INTO `shopnc_goods_class_tag` (`gc_tag_id`,`gc_id_1`,`gc_id_2`,`gc_id_3`,`gc_tag_name`,`gc_tag_value`,`gc_id`,`type_id`) VALUES('55','2','95','117','鞋包配饰&nbsp;&gt;&nbsp;女鞋&nbsp;&gt;&nbsp;舒适平跟','鞋包配饰,女鞋,舒适平跟','117','2');
INSERT INTO `shopnc_goods_class_tag` (`gc_tag_id`,`gc_id_1`,`gc_id_2`,`gc_id_3`,`gc_tag_name`,`gc_tag_value`,`gc_id`,`type_id`) VALUES('56','2','95','118','鞋包配饰&nbsp;&gt;&nbsp;女鞋&nbsp;&gt;&nbsp;帆布鞋','鞋包配饰,女鞋,帆布鞋','118','2');
INSERT INTO `shopnc_goods_class_tag` (`gc_tag_id`,`gc_id_1`,`gc_id_2`,`gc_id_3`,`gc_tag_name`,`gc_tag_value`,`gc_id`,`type_id`) VALUES('57','2','95','119','鞋包配饰&nbsp;&gt;&nbsp;女鞋&nbsp;&gt;&nbsp;爆潮厚底鞋','鞋包配饰,女鞋,爆潮厚底鞋','119','2');
INSERT INTO `shopnc_goods_class_tag` (`gc_tag_id`,`gc_id_1`,`gc_id_2`,`gc_id_3`,`gc_tag_name`,`gc_tag_value`,`gc_id`,`type_id`) VALUES('58','2','95','120','鞋包配饰&nbsp;&gt;&nbsp;女鞋&nbsp;&gt;&nbsp;休闲鞋','鞋包配饰,女鞋,休闲鞋','120','2');
INSERT INTO `shopnc_goods_class_tag` (`gc_tag_id`,`gc_id_1`,`gc_id_2`,`gc_id_3`,`gc_tag_name`,`gc_tag_value`,`gc_id`,`type_id`) VALUES('59','2','95','121','鞋包配饰&nbsp;&gt;&nbsp;女鞋&nbsp;&gt;&nbsp;凉鞋清仓','鞋包配饰,女鞋,凉鞋清仓','121','2');
INSERT INTO `shopnc_goods_class_tag` (`gc_tag_id`,`gc_id_1`,`gc_id_2`,`gc_id_3`,`gc_tag_name`,`gc_tag_value`,`gc_id`,`type_id`) VALUES('60','3','122','136','美容美妆&nbsp;&gt;&nbsp;护肤&nbsp;&gt;&nbsp;面膜','美容美妆,护肤,面膜','136','0');
INSERT INTO `shopnc_goods_class_tag` (`gc_tag_id`,`gc_id_1`,`gc_id_2`,`gc_id_3`,`gc_tag_name`,`gc_tag_value`,`gc_id`,`type_id`) VALUES('61','3','122','137','美容美妆&nbsp;&gt;&nbsp;护肤&nbsp;&gt;&nbsp;洁面','美容美妆,护肤,洁面','137','0');
INSERT INTO `shopnc_goods_class_tag` (`gc_tag_id`,`gc_id_1`,`gc_id_2`,`gc_id_3`,`gc_tag_name`,`gc_tag_value`,`gc_id`,`type_id`) VALUES('62','3','122','138','美容美妆&nbsp;&gt;&nbsp;护肤&nbsp;&gt;&nbsp;爽肤水','美容美妆,护肤,爽肤水','138','0');
INSERT INTO `shopnc_goods_class_tag` (`gc_tag_id`,`gc_id_1`,`gc_id_2`,`gc_id_3`,`gc_tag_name`,`gc_tag_value`,`gc_id`,`type_id`) VALUES('63','3','122','139','美容美妆&nbsp;&gt;&nbsp;护肤&nbsp;&gt;&nbsp;面霜/乳液','美容美妆,护肤,面霜/乳液','139','0');
INSERT INTO `shopnc_goods_class_tag` (`gc_tag_id`,`gc_id_1`,`gc_id_2`,`gc_id_3`,`gc_tag_name`,`gc_tag_value`,`gc_id`,`type_id`) VALUES('64','3','122','140','美容美妆&nbsp;&gt;&nbsp;护肤&nbsp;&gt;&nbsp;护肤套装','美容美妆,护肤,护肤套装','140','0');
INSERT INTO `shopnc_goods_class_tag` (`gc_tag_id`,`gc_id_1`,`gc_id_2`,`gc_id_3`,`gc_tag_name`,`gc_tag_value`,`gc_id`,`type_id`) VALUES('65','3','122','141','美容美妆&nbsp;&gt;&nbsp;护肤&nbsp;&gt;&nbsp;面部精华','美容美妆,护肤,面部精华','141','0');
INSERT INTO `shopnc_goods_class_tag` (`gc_tag_id`,`gc_id_1`,`gc_id_2`,`gc_id_3`,`gc_tag_name`,`gc_tag_value`,`gc_id`,`type_id`) VALUES('66','3','122','142','美容美妆&nbsp;&gt;&nbsp;护肤&nbsp;&gt;&nbsp;喷雾','美容美妆,护肤,喷雾','142','0');
INSERT INTO `shopnc_goods_class_tag` (`gc_tag_id`,`gc_id_1`,`gc_id_2`,`gc_id_3`,`gc_tag_name`,`gc_tag_value`,`gc_id`,`type_id`) VALUES('67','3','122','143','美容美妆&nbsp;&gt;&nbsp;护肤&nbsp;&gt;&nbsp;隔离/防晒','美容美妆,护肤,隔离/防晒','143','0');
INSERT INTO `shopnc_goods_class_tag` (`gc_tag_id`,`gc_id_1`,`gc_id_2`,`gc_id_3`,`gc_tag_name`,`gc_tag_value`,`gc_id`,`type_id`) VALUES('68','3','122','144','美容美妆&nbsp;&gt;&nbsp;护肤&nbsp;&gt;&nbsp;眼霜','美容美妆,护肤,眼霜','144','0');
INSERT INTO `shopnc_goods_class_tag` (`gc_tag_id`,`gc_id_1`,`gc_id_2`,`gc_id_3`,`gc_tag_name`,`gc_tag_value`,`gc_id`,`type_id`) VALUES('69','3','122','145','美容美妆&nbsp;&gt;&nbsp;护肤&nbsp;&gt;&nbsp;润唇膏','美容美妆,护肤,润唇膏','145','0');
INSERT INTO `shopnc_goods_class_tag` (`gc_tag_id`,`gc_id_1`,`gc_id_2`,`gc_id_3`,`gc_tag_name`,`gc_tag_value`,`gc_id`,`type_id`) VALUES('70','3','122','146','美容美妆&nbsp;&gt;&nbsp;护肤&nbsp;&gt;&nbsp;T区护理','美容美妆,护肤,T区护理','146','0');
INSERT INTO `shopnc_goods_class_tag` (`gc_tag_id`,`gc_id_1`,`gc_id_2`,`gc_id_3`,`gc_tag_name`,`gc_tag_value`,`gc_id`,`type_id`) VALUES('71','3','122','147','美容美妆&nbsp;&gt;&nbsp;护肤&nbsp;&gt;&nbsp;卸妆','美容美妆,护肤,卸妆','147','0');
INSERT INTO `shopnc_goods_class_tag` (`gc_tag_id`,`gc_id_1`,`gc_id_2`,`gc_id_3`,`gc_tag_name`,`gc_tag_value`,`gc_id`,`type_id`) VALUES('72','3','123','129','美容美妆&nbsp;&gt;&nbsp;彩妆&nbsp;&gt;&nbsp;睫毛膏','美容美妆,彩妆,睫毛膏','129','0');
INSERT INTO `shopnc_goods_class_tag` (`gc_tag_id`,`gc_id_1`,`gc_id_2`,`gc_id_3`,`gc_tag_name`,`gc_tag_value`,`gc_id`,`type_id`) VALUES('73','3','123','130','美容美妆&nbsp;&gt;&nbsp;彩妆&nbsp;&gt;&nbsp;粉底液','美容美妆,彩妆,粉底液','130','0');
INSERT INTO `shopnc_goods_class_tag` (`gc_tag_id`,`gc_id_1`,`gc_id_2`,`gc_id_3`,`gc_tag_name`,`gc_tag_value`,`gc_id`,`type_id`) VALUES('74','3','123','131','美容美妆&nbsp;&gt;&nbsp;彩妆&nbsp;&gt;&nbsp;粉饼','美容美妆,彩妆,粉饼','131','0');
INSERT INTO `shopnc_goods_class_tag` (`gc_tag_id`,`gc_id_1`,`gc_id_2`,`gc_id_3`,`gc_tag_name`,`gc_tag_value`,`gc_id`,`type_id`) VALUES('75','3','123','132','美容美妆&nbsp;&gt;&nbsp;彩妆&nbsp;&gt;&nbsp;眼线','美容美妆,彩妆,眼线','132','0');
INSERT INTO `shopnc_goods_class_tag` (`gc_tag_id`,`gc_id_1`,`gc_id_2`,`gc_id_3`,`gc_tag_name`,`gc_tag_value`,`gc_id`,`type_id`) VALUES('76','3','123','133','美容美妆&nbsp;&gt;&nbsp;彩妆&nbsp;&gt;&nbsp;唇彩','美容美妆,彩妆,唇彩','133','0');
INSERT INTO `shopnc_goods_class_tag` (`gc_tag_id`,`gc_id_1`,`gc_id_2`,`gc_id_3`,`gc_tag_name`,`gc_tag_value`,`gc_id`,`type_id`) VALUES('77','3','123','134','美容美妆&nbsp;&gt;&nbsp;彩妆&nbsp;&gt;&nbsp;眼影','美容美妆,彩妆,眼影','134','0');
INSERT INTO `shopnc_goods_class_tag` (`gc_tag_id`,`gc_id_1`,`gc_id_2`,`gc_id_3`,`gc_tag_name`,`gc_tag_value`,`gc_id`,`type_id`) VALUES('78','3','123','135','美容美妆&nbsp;&gt;&nbsp;彩妆&nbsp;&gt;&nbsp;指甲油','美容美妆,彩妆,指甲油','135','0');
INSERT INTO `shopnc_goods_class_tag` (`gc_tag_id`,`gc_id_1`,`gc_id_2`,`gc_id_3`,`gc_tag_name`,`gc_tag_value`,`gc_id`,`type_id`) VALUES('79','3','124','125','美容美妆&nbsp;&gt;&nbsp;男士&nbsp;&gt;&nbsp;男士洁面','美容美妆,男士,男士洁面','125','0');
INSERT INTO `shopnc_goods_class_tag` (`gc_tag_id`,`gc_id_1`,`gc_id_2`,`gc_id_3`,`gc_tag_name`,`gc_tag_value`,`gc_id`,`type_id`) VALUES('80','3','124','126','美容美妆&nbsp;&gt;&nbsp;男士&nbsp;&gt;&nbsp;男士乳液','美容美妆,男士,男士乳液','126','0');
INSERT INTO `shopnc_goods_class_tag` (`gc_tag_id`,`gc_id_1`,`gc_id_2`,`gc_id_3`,`gc_tag_name`,`gc_tag_value`,`gc_id`,`type_id`) VALUES('81','3','124','127','美容美妆&nbsp;&gt;&nbsp;男士&nbsp;&gt;&nbsp;男士爽肤水','美容美妆,男士,男士爽肤水','127','0');
INSERT INTO `shopnc_goods_class_tag` (`gc_tag_id`,`gc_id_1`,`gc_id_2`,`gc_id_3`,`gc_tag_name`,`gc_tag_value`,`gc_id`,`type_id`) VALUES('82','3','124','128','美容美妆&nbsp;&gt;&nbsp;男士&nbsp;&gt;&nbsp;男士套装','美容美妆,男士,男士套装','128','0');
INSERT INTO `shopnc_goods_class_tag` (`gc_tag_id`,`gc_id_1`,`gc_id_2`,`gc_id_3`,`gc_tag_name`,`gc_tag_value`,`gc_id`,`type_id`) VALUES('83','8','286','289','运动户外&nbsp;&gt;&nbsp;运动鞋帽&nbsp;&gt;&nbsp;板鞋','运动户外,运动鞋帽,板鞋','289','2');
INSERT INTO `shopnc_goods_class_tag` (`gc_tag_id`,`gc_id_1`,`gc_id_2`,`gc_id_3`,`gc_tag_name`,`gc_tag_value`,`gc_id`,`type_id`) VALUES('84','8','286','290','运动户外&nbsp;&gt;&nbsp;运动鞋帽&nbsp;&gt;&nbsp;休闲鞋','运动户外,运动鞋帽,休闲鞋','290','2');
INSERT INTO `shopnc_goods_class_tag` (`gc_tag_id`,`gc_id_1`,`gc_id_2`,`gc_id_3`,`gc_tag_name`,`gc_tag_value`,`gc_id`,`type_id`) VALUES('85','8','286','291','运动户外&nbsp;&gt;&nbsp;运动鞋帽&nbsp;&gt;&nbsp;篮球鞋','运动户外,运动鞋帽,篮球鞋','291','2');
INSERT INTO `shopnc_goods_class_tag` (`gc_tag_id`,`gc_id_1`,`gc_id_2`,`gc_id_3`,`gc_tag_name`,`gc_tag_value`,`gc_id`,`type_id`) VALUES('86','8','286','292','运动户外&nbsp;&gt;&nbsp;运动鞋帽&nbsp;&gt;&nbsp;帆布鞋','运动户外,运动鞋帽,帆布鞋','292','2');
INSERT INTO `shopnc_goods_class_tag` (`gc_tag_id`,`gc_id_1`,`gc_id_2`,`gc_id_3`,`gc_tag_name`,`gc_tag_value`,`gc_id`,`type_id`) VALUES('87','8','286','293','运动户外&nbsp;&gt;&nbsp;运动鞋帽&nbsp;&gt;&nbsp;跑步鞋','运动户外,运动鞋帽,跑步鞋','293','2');
INSERT INTO `shopnc_goods_class_tag` (`gc_tag_id`,`gc_id_1`,`gc_id_2`,`gc_id_3`,`gc_tag_name`,`gc_tag_value`,`gc_id`,`type_id`) VALUES('88','8','286','294','运动户外&nbsp;&gt;&nbsp;运动鞋帽&nbsp;&gt;&nbsp;足球鞋','运动户外,运动鞋帽,足球鞋','294','2');
INSERT INTO `shopnc_goods_class_tag` (`gc_tag_id`,`gc_id_1`,`gc_id_2`,`gc_id_3`,`gc_tag_name`,`gc_tag_value`,`gc_id`,`type_id`) VALUES('89','8','286','295','运动户外&nbsp;&gt;&nbsp;运动鞋帽&nbsp;&gt;&nbsp;网球鞋','运动户外,运动鞋帽,网球鞋','295','2');
INSERT INTO `shopnc_goods_class_tag` (`gc_tag_id`,`gc_id_1`,`gc_id_2`,`gc_id_3`,`gc_tag_name`,`gc_tag_value`,`gc_id`,`type_id`) VALUES('90','8','286','296','运动户外&nbsp;&gt;&nbsp;运动鞋帽&nbsp;&gt;&nbsp;训练鞋','运动户外,运动鞋帽,训练鞋','296','2');
INSERT INTO `shopnc_goods_class_tag` (`gc_tag_id`,`gc_id_1`,`gc_id_2`,`gc_id_3`,`gc_tag_name`,`gc_tag_value`,`gc_id`,`type_id`) VALUES('91','8','287','297','运动户外&nbsp;&gt;&nbsp;运动服包&nbsp;&gt;&nbsp;套装','运动户外,运动服包,套装','297','0');
INSERT INTO `shopnc_goods_class_tag` (`gc_tag_id`,`gc_id_1`,`gc_id_2`,`gc_id_3`,`gc_tag_name`,`gc_tag_value`,`gc_id`,`type_id`) VALUES('92','8','287','298','运动户外&nbsp;&gt;&nbsp;运动服包&nbsp;&gt;&nbsp;运动裤/裙','运动户外,运动服包,运动裤/裙','298','0');
INSERT INTO `shopnc_goods_class_tag` (`gc_tag_id`,`gc_id_1`,`gc_id_2`,`gc_id_3`,`gc_tag_name`,`gc_tag_value`,`gc_id`,`type_id`) VALUES('93','8','287','299','运动户外&nbsp;&gt;&nbsp;运动服包&nbsp;&gt;&nbsp;颈环/手环','运动户外,运动服包,颈环/手环','299','0');
INSERT INTO `shopnc_goods_class_tag` (`gc_tag_id`,`gc_id_1`,`gc_id_2`,`gc_id_3`,`gc_tag_name`,`gc_tag_value`,`gc_id`,`type_id`) VALUES('94','8','287','300','运动户外&nbsp;&gt;&nbsp;运动服包&nbsp;&gt;&nbsp;夹克','运动户外,运动服包,夹克','300','0');
INSERT INTO `shopnc_goods_class_tag` (`gc_tag_id`,`gc_id_1`,`gc_id_2`,`gc_id_3`,`gc_tag_name`,`gc_tag_value`,`gc_id`,`type_id`) VALUES('95','8','287','301','运动户外&nbsp;&gt;&nbsp;运动服包&nbsp;&gt;&nbsp;运动包','运动户外,运动服包,运动包','301','0');
INSERT INTO `shopnc_goods_class_tag` (`gc_tag_id`,`gc_id_1`,`gc_id_2`,`gc_id_3`,`gc_tag_name`,`gc_tag_value`,`gc_id`,`type_id`) VALUES('96','8','287','302','运动户外&nbsp;&gt;&nbsp;运动服包&nbsp;&gt;&nbsp;运动风衣','运动户外,运动服包,运动风衣','302','0');
INSERT INTO `shopnc_goods_class_tag` (`gc_tag_id`,`gc_id_1`,`gc_id_2`,`gc_id_3`,`gc_tag_name`,`gc_tag_value`,`gc_id`,`type_id`) VALUES('97','8','287','303','运动户外&nbsp;&gt;&nbsp;运动服包&nbsp;&gt;&nbsp;休闲裤','运动户外,运动服包,休闲裤','303','0');
INSERT INTO `shopnc_goods_class_tag` (`gc_tag_id`,`gc_id_1`,`gc_id_2`,`gc_id_3`,`gc_tag_name`,`gc_tag_value`,`gc_id`,`type_id`) VALUES('98','8','287','304','运动户外&nbsp;&gt;&nbsp;运动服包&nbsp;&gt;&nbsp;运动配件','运动户外,运动服包,运动配件','304','0');
INSERT INTO `shopnc_goods_class_tag` (`gc_tag_id`,`gc_id_1`,`gc_id_2`,`gc_id_3`,`gc_tag_name`,`gc_tag_value`,`gc_id`,`type_id`) VALUES('99','8','287','305','运动户外&nbsp;&gt;&nbsp;运动服包&nbsp;&gt;&nbsp;运动POLO','运动户外,运动服包,运动POLO','305','0');
INSERT INTO `shopnc_goods_class_tag` (`gc_tag_id`,`gc_id_1`,`gc_id_2`,`gc_id_3`,`gc_tag_name`,`gc_tag_value`,`gc_id`,`type_id`) VALUES('100','8','287','306','运动户外&nbsp;&gt;&nbsp;运动服包&nbsp;&gt;&nbsp;针织衫','运动户外,运动服包,针织衫','306','0');
INSERT INTO `shopnc_goods_class_tag` (`gc_tag_id`,`gc_id_1`,`gc_id_2`,`gc_id_3`,`gc_tag_name`,`gc_tag_value`,`gc_id`,`type_id`) VALUES('101','8','288','307','运动户外&nbsp;&gt;&nbsp;户外装备&nbsp;&gt;&nbsp;户外鞋','运动户外,户外装备,户外鞋','307','0');
INSERT INTO `shopnc_goods_class_tag` (`gc_tag_id`,`gc_id_1`,`gc_id_2`,`gc_id_3`,`gc_tag_name`,`gc_tag_value`,`gc_id`,`type_id`) VALUES('102','8','288','308','运动户外&nbsp;&gt;&nbsp;户外装备&nbsp;&gt;&nbsp;户外服装','运动户外,户外装备,户外服装','308','0');
INSERT INTO `shopnc_goods_class_tag` (`gc_tag_id`,`gc_id_1`,`gc_id_2`,`gc_id_3`,`gc_tag_name`,`gc_tag_value`,`gc_id`,`type_id`) VALUES('103','8','288','309','运动户外&nbsp;&gt;&nbsp;户外装备&nbsp;&gt;&nbsp;垂钓用品','运动户外,户外装备,垂钓用品','309','0');
INSERT INTO `shopnc_goods_class_tag` (`gc_tag_id`,`gc_id_1`,`gc_id_2`,`gc_id_3`,`gc_tag_name`,`gc_tag_value`,`gc_id`,`type_id`) VALUES('104','8','288','310','运动户外&nbsp;&gt;&nbsp;户外装备&nbsp;&gt;&nbsp;服饰配件','运动户外,户外装备,服饰配件','310','0');
INSERT INTO `shopnc_goods_class_tag` (`gc_tag_id`,`gc_id_1`,`gc_id_2`,`gc_id_3`,`gc_tag_name`,`gc_tag_value`,`gc_id`,`type_id`) VALUES('105','8','288','311','运动户外&nbsp;&gt;&nbsp;户外装备&nbsp;&gt;&nbsp;户外军品','运动户外,户外装备,户外军品','311','0');
INSERT INTO `shopnc_goods_class_tag` (`gc_tag_id`,`gc_id_1`,`gc_id_2`,`gc_id_3`,`gc_tag_name`,`gc_tag_value`,`gc_id`,`type_id`) VALUES('106','8','288','312','运动户外&nbsp;&gt;&nbsp;户外装备&nbsp;&gt;&nbsp;望远镜','运动户外,户外装备,望远镜','312','0');
INSERT INTO `shopnc_goods_class_tag` (`gc_tag_id`,`gc_id_1`,`gc_id_2`,`gc_id_3`,`gc_tag_name`,`gc_tag_value`,`gc_id`,`type_id`) VALUES('107','8','288','313','运动户外&nbsp;&gt;&nbsp;户外装备&nbsp;&gt;&nbsp;工具/眼镜','运动户外,户外装备,工具/眼镜','313','0');
INSERT INTO `shopnc_goods_class_tag` (`gc_tag_id`,`gc_id_1`,`gc_id_2`,`gc_id_3`,`gc_tag_name`,`gc_tag_value`,`gc_id`,`type_id`) VALUES('108','8','288','314','运动户外&nbsp;&gt;&nbsp;户外装备&nbsp;&gt;&nbsp;户外手电筒','运动户外,户外装备,户外手电筒','314','0');
INSERT INTO `shopnc_goods_class_tag` (`gc_tag_id`,`gc_id_1`,`gc_id_2`,`gc_id_3`,`gc_tag_name`,`gc_tag_value`,`gc_id`,`type_id`) VALUES('109','8','288','315','运动户外&nbsp;&gt;&nbsp;户外装备&nbsp;&gt;&nbsp;自行车','运动户外,户外装备,自行车','315','0');
INSERT INTO `shopnc_goods_class_tag` (`gc_tag_id`,`gc_id_1`,`gc_id_2`,`gc_id_3`,`gc_tag_name`,`gc_tag_value`,`gc_id`,`type_id`) VALUES('110','8','288','316','运动户外&nbsp;&gt;&nbsp;户外装备&nbsp;&gt;&nbsp;户外包袋','运动户外,户外装备,户外包袋','316','0');
INSERT INTO `shopnc_goods_class_tag` (`gc_tag_id`,`gc_id_1`,`gc_id_2`,`gc_id_3`,`gc_tag_name`,`gc_tag_value`,`gc_id`,`type_id`) VALUES('111','8','288','317','运动户外&nbsp;&gt;&nbsp;户外装备&nbsp;&gt;&nbsp;水上用品','运动户外,户外装备,水上用品','317','0');
INSERT INTO `shopnc_goods_class_tag` (`gc_tag_id`,`gc_id_1`,`gc_id_2`,`gc_id_3`,`gc_tag_name`,`gc_tag_value`,`gc_id`,`type_id`) VALUES('112','8','288','318','运动户外&nbsp;&gt;&nbsp;户外装备&nbsp;&gt;&nbsp;生存用具','运动户外,户外装备,生存用具','318','0');
INSERT INTO `shopnc_goods_class_tag` (`gc_tag_id`,`gc_id_1`,`gc_id_2`,`gc_id_3`,`gc_tag_name`,`gc_tag_value`,`gc_id`,`type_id`) VALUES('113','4','148','162','数码家电&nbsp;&gt;&nbsp;手机&nbsp;&gt;&nbsp;iphone4','数码家电,手机,iphone4','162','0');
INSERT INTO `shopnc_goods_class_tag` (`gc_tag_id`,`gc_id_1`,`gc_id_2`,`gc_id_3`,`gc_tag_name`,`gc_tag_value`,`gc_id`,`type_id`) VALUES('114','4','148','163','数码家电&nbsp;&gt;&nbsp;手机&nbsp;&gt;&nbsp;iPhone4s','数码家电,手机,iPhone4s','163','0');
INSERT INTO `shopnc_goods_class_tag` (`gc_tag_id`,`gc_id_1`,`gc_id_2`,`gc_id_3`,`gc_tag_name`,`gc_tag_value`,`gc_id`,`type_id`) VALUES('115','4','148','164','数码家电&nbsp;&gt;&nbsp;手机&nbsp;&gt;&nbsp;ME525','数码家电,手机,ME525','164','0');
INSERT INTO `shopnc_goods_class_tag` (`gc_tag_id`,`gc_id_1`,`gc_id_2`,`gc_id_3`,`gc_tag_name`,`gc_tag_value`,`gc_id`,`type_id`) VALUES('116','4','148','165','数码家电&nbsp;&gt;&nbsp;手机&nbsp;&gt;&nbsp;导航手机','数码家电,手机,导航手机','165','0');
INSERT INTO `shopnc_goods_class_tag` (`gc_tag_id`,`gc_id_1`,`gc_id_2`,`gc_id_3`,`gc_tag_name`,`gc_tag_value`,`gc_id`,`type_id`) VALUES('117','4','148','166','数码家电&nbsp;&gt;&nbsp;手机&nbsp;&gt;&nbsp;手机配件','数码家电,手机,手机配件','166','0');
INSERT INTO `shopnc_goods_class_tag` (`gc_tag_id`,`gc_id_1`,`gc_id_2`,`gc_id_3`,`gc_tag_name`,`gc_tag_value`,`gc_id`,`type_id`) VALUES('118','4','148','167','数码家电&nbsp;&gt;&nbsp;手机&nbsp;&gt;&nbsp;三星/手机','数码家电,手机,三星/手机','167','0');
INSERT INTO `shopnc_goods_class_tag` (`gc_tag_id`,`gc_id_1`,`gc_id_2`,`gc_id_3`,`gc_tag_name`,`gc_tag_value`,`gc_id`,`type_id`) VALUES('119','4','148','168','数码家电&nbsp;&gt;&nbsp;手机&nbsp;&gt;&nbsp;3G/智能','数码家电,手机,3G/智能','168','0');
INSERT INTO `shopnc_goods_class_tag` (`gc_tag_id`,`gc_id_1`,`gc_id_2`,`gc_id_3`,`gc_tag_name`,`gc_tag_value`,`gc_id`,`type_id`) VALUES('120','4','148','169','数码家电&nbsp;&gt;&nbsp;手机&nbsp;&gt;&nbsp;摩托罗拉','数码家电,手机,摩托罗拉','169','0');
INSERT INTO `shopnc_goods_class_tag` (`gc_tag_id`,`gc_id_1`,`gc_id_2`,`gc_id_3`,`gc_tag_name`,`gc_tag_value`,`gc_id`,`type_id`) VALUES('121','4','148','170','数码家电&nbsp;&gt;&nbsp;手机&nbsp;&gt;&nbsp;NOKIA','数码家电,手机,NOKIA','170','0');
INSERT INTO `shopnc_goods_class_tag` (`gc_tag_id`,`gc_id_1`,`gc_id_2`,`gc_id_3`,`gc_tag_name`,`gc_tag_value`,`gc_id`,`type_id`) VALUES('122','4','148','171','数码家电&nbsp;&gt;&nbsp;手机&nbsp;&gt;&nbsp;HTC','数码家电,手机,HTC','171','0');
INSERT INTO `shopnc_goods_class_tag` (`gc_tag_id`,`gc_id_1`,`gc_id_2`,`gc_id_3`,`gc_tag_name`,`gc_tag_value`,`gc_id`,`type_id`) VALUES('123','4','148','172','数码家电&nbsp;&gt;&nbsp;手机&nbsp;&gt;&nbsp;htc/G13','数码家电,手机,htc/G13','172','0');
INSERT INTO `shopnc_goods_class_tag` (`gc_tag_id`,`gc_id_1`,`gc_id_2`,`gc_id_3`,`gc_tag_name`,`gc_tag_value`,`gc_id`,`type_id`) VALUES('124','4','149','173','数码家电&nbsp;&gt;&nbsp;相机&nbsp;&gt;&nbsp;卡片机','数码家电,相机,卡片机','173','5');
INSERT INTO `shopnc_goods_class_tag` (`gc_tag_id`,`gc_id_1`,`gc_id_2`,`gc_id_3`,`gc_tag_name`,`gc_tag_value`,`gc_id`,`type_id`) VALUES('125','4','149','174','数码家电&nbsp;&gt;&nbsp;相机&nbsp;&gt;&nbsp;单反','数码家电,相机,单反','174','5');
INSERT INTO `shopnc_goods_class_tag` (`gc_tag_id`,`gc_id_1`,`gc_id_2`,`gc_id_3`,`gc_tag_name`,`gc_tag_value`,`gc_id`,`type_id`) VALUES('126','4','149','175','数码家电&nbsp;&gt;&nbsp;相机&nbsp;&gt;&nbsp;摄像机','数码家电,相机,摄像机','175','5');
INSERT INTO `shopnc_goods_class_tag` (`gc_tag_id`,`gc_id_1`,`gc_id_2`,`gc_id_3`,`gc_tag_name`,`gc_tag_value`,`gc_id`,`type_id`) VALUES('127','4','149','176','数码家电&nbsp;&gt;&nbsp;相机&nbsp;&gt;&nbsp;佳能','数码家电,相机,佳能','176','5');
INSERT INTO `shopnc_goods_class_tag` (`gc_tag_id`,`gc_id_1`,`gc_id_2`,`gc_id_3`,`gc_tag_name`,`gc_tag_value`,`gc_id`,`type_id`) VALUES('128','4','150','151','数码家电&nbsp;&gt;&nbsp;笔记本&nbsp;&gt;&nbsp;团I3独显本','数码家电,笔记本,团I3独显本','151','0');
INSERT INTO `shopnc_goods_class_tag` (`gc_tag_id`,`gc_id_1`,`gc_id_2`,`gc_id_3`,`gc_tag_name`,`gc_tag_value`,`gc_id`,`type_id`) VALUES('129','4','150','152','数码家电&nbsp;&gt;&nbsp;笔记本&nbsp;&gt;&nbsp;联想','数码家电,笔记本,联想','152','0');
INSERT INTO `shopnc_goods_class_tag` (`gc_tag_id`,`gc_id_1`,`gc_id_2`,`gc_id_3`,`gc_tag_name`,`gc_tag_value`,`gc_id`,`type_id`) VALUES('130','4','150','153','数码家电&nbsp;&gt;&nbsp;笔记本&nbsp;&gt;&nbsp;苹果','数码家电,笔记本,苹果','153','0');
INSERT INTO `shopnc_goods_class_tag` (`gc_tag_id`,`gc_id_1`,`gc_id_2`,`gc_id_3`,`gc_tag_name`,`gc_tag_value`,`gc_id`,`type_id`) VALUES('131','4','150','154','数码家电&nbsp;&gt;&nbsp;笔记本&nbsp;&gt;&nbsp;华硕','数码家电,笔记本,华硕','154','0');
INSERT INTO `shopnc_goods_class_tag` (`gc_tag_id`,`gc_id_1`,`gc_id_2`,`gc_id_3`,`gc_tag_name`,`gc_tag_value`,`gc_id`,`type_id`) VALUES('132','4','150','155','数码家电&nbsp;&gt;&nbsp;笔记本&nbsp;&gt;&nbsp;惠普','数码家电,笔记本,惠普','155','0');
INSERT INTO `shopnc_goods_class_tag` (`gc_tag_id`,`gc_id_1`,`gc_id_2`,`gc_id_3`,`gc_tag_name`,`gc_tag_value`,`gc_id`,`type_id`) VALUES('133','4','150','156','数码家电&nbsp;&gt;&nbsp;笔记本&nbsp;&gt;&nbsp;宏基','数码家电,笔记本,宏基','156','0');
INSERT INTO `shopnc_goods_class_tag` (`gc_tag_id`,`gc_id_1`,`gc_id_2`,`gc_id_3`,`gc_tag_name`,`gc_tag_value`,`gc_id`,`type_id`) VALUES('134','4','150','157','数码家电&nbsp;&gt;&nbsp;笔记本&nbsp;&gt;&nbsp;戴尔','数码家电,笔记本,戴尔','157','0');
INSERT INTO `shopnc_goods_class_tag` (`gc_tag_id`,`gc_id_1`,`gc_id_2`,`gc_id_3`,`gc_tag_name`,`gc_tag_value`,`gc_id`,`type_id`) VALUES('135','4','150','158','数码家电&nbsp;&gt;&nbsp;笔记本&nbsp;&gt;&nbsp;索尼','数码家电,笔记本,索尼','158','0');
INSERT INTO `shopnc_goods_class_tag` (`gc_tag_id`,`gc_id_1`,`gc_id_2`,`gc_id_3`,`gc_tag_name`,`gc_tag_value`,`gc_id`,`type_id`) VALUES('136','4','150','159','数码家电&nbsp;&gt;&nbsp;笔记本&nbsp;&gt;&nbsp;东芝','数码家电,笔记本,东芝','159','0');
INSERT INTO `shopnc_goods_class_tag` (`gc_tag_id`,`gc_id_1`,`gc_id_2`,`gc_id_3`,`gc_tag_name`,`gc_tag_value`,`gc_id`,`type_id`) VALUES('137','4','150','160','数码家电&nbsp;&gt;&nbsp;笔记本&nbsp;&gt;&nbsp;三星','数码家电,笔记本,三星','160','0');
INSERT INTO `shopnc_goods_class_tag` (`gc_tag_id`,`gc_id_1`,`gc_id_2`,`gc_id_3`,`gc_tag_name`,`gc_tag_value`,`gc_id`,`type_id`) VALUES('138','4','150','161','数码家电&nbsp;&gt;&nbsp;笔记本&nbsp;&gt;&nbsp;神舟','数码家电,笔记本,神舟','161','0');
INSERT INTO `shopnc_goods_class_tag` (`gc_tag_id`,`gc_id_1`,`gc_id_2`,`gc_id_3`,`gc_tag_name`,`gc_tag_value`,`gc_id`,`type_id`) VALUES('139','5','177','180','家居家装&nbsp;&gt;&nbsp;家纺床品&nbsp;&gt;&nbsp;床品套件','家居家装,家纺床品,床品套件','180','0');
INSERT INTO `shopnc_goods_class_tag` (`gc_tag_id`,`gc_id_1`,`gc_id_2`,`gc_id_3`,`gc_tag_name`,`gc_tag_value`,`gc_id`,`type_id`) VALUES('140','5','177','181','家居家装&nbsp;&gt;&nbsp;家纺床品&nbsp;&gt;&nbsp;春夏被','家居家装,家纺床品,春夏被','181','0');
INSERT INTO `shopnc_goods_class_tag` (`gc_tag_id`,`gc_id_1`,`gc_id_2`,`gc_id_3`,`gc_tag_name`,`gc_tag_value`,`gc_id`,`type_id`) VALUES('141','5','177','182','家居家装&nbsp;&gt;&nbsp;家纺床品&nbsp;&gt;&nbsp;保健枕','家居家装,家纺床品,保健枕','182','0');
INSERT INTO `shopnc_goods_class_tag` (`gc_tag_id`,`gc_id_1`,`gc_id_2`,`gc_id_3`,`gc_tag_name`,`gc_tag_value`,`gc_id`,`type_id`) VALUES('142','5','177','183','家居家装&nbsp;&gt;&nbsp;家纺床品&nbsp;&gt;&nbsp;蚊帐','家居家装,家纺床品,蚊帐','183','0');
INSERT INTO `shopnc_goods_class_tag` (`gc_tag_id`,`gc_id_1`,`gc_id_2`,`gc_id_3`,`gc_tag_name`,`gc_tag_value`,`gc_id`,`type_id`) VALUES('143','5','178','184','家居家装&nbsp;&gt;&nbsp;居家日用&nbsp;&gt;&nbsp;收纳整理','家居家装,居家日用,收纳整理','184','0');
INSERT INTO `shopnc_goods_class_tag` (`gc_tag_id`,`gc_id_1`,`gc_id_2`,`gc_id_3`,`gc_tag_name`,`gc_tag_value`,`gc_id`,`type_id`) VALUES('144','5','178','185','家居家装&nbsp;&gt;&nbsp;居家日用&nbsp;&gt;&nbsp;家务清洁','家居家装,居家日用,家务清洁','185','0');
INSERT INTO `shopnc_goods_class_tag` (`gc_tag_id`,`gc_id_1`,`gc_id_2`,`gc_id_3`,`gc_tag_name`,`gc_tag_value`,`gc_id`,`type_id`) VALUES('145','5','178','186','家居家装&nbsp;&gt;&nbsp;居家日用&nbsp;&gt;&nbsp;洗晒用具','家居家装,居家日用,洗晒用具','186','0');
INSERT INTO `shopnc_goods_class_tag` (`gc_tag_id`,`gc_id_1`,`gc_id_2`,`gc_id_3`,`gc_tag_name`,`gc_tag_value`,`gc_id`,`type_id`) VALUES('146','5','178','187','家居家装&nbsp;&gt;&nbsp;居家日用&nbsp;&gt;&nbsp;卫浴用具','家居家装,居家日用,卫浴用具','187','0');
INSERT INTO `shopnc_goods_class_tag` (`gc_tag_id`,`gc_id_1`,`gc_id_2`,`gc_id_3`,`gc_tag_name`,`gc_tag_value`,`gc_id`,`type_id`) VALUES('147','5','178','188','家居家装&nbsp;&gt;&nbsp;居家日用&nbsp;&gt;&nbsp;个人护理','家居家装,居家日用,个人护理','188','0');
INSERT INTO `shopnc_goods_class_tag` (`gc_tag_id`,`gc_id_1`,`gc_id_2`,`gc_id_3`,`gc_tag_name`,`gc_tag_value`,`gc_id`,`type_id`) VALUES('148','5','178','189','家居家装&nbsp;&gt;&nbsp;居家日用&nbsp;&gt;&nbsp;雨伞雨具','家居家装,居家日用,雨伞雨具','189','0');
INSERT INTO `shopnc_goods_class_tag` (`gc_tag_id`,`gc_id_1`,`gc_id_2`,`gc_id_3`,`gc_tag_name`,`gc_tag_value`,`gc_id`,`type_id`) VALUES('149','5','178','190','家居家装&nbsp;&gt;&nbsp;居家日用&nbsp;&gt;&nbsp;驱蚊驱虫','家居家装,居家日用,驱蚊驱虫','190','0');
INSERT INTO `shopnc_goods_class_tag` (`gc_tag_id`,`gc_id_1`,`gc_id_2`,`gc_id_3`,`gc_tag_name`,`gc_tag_value`,`gc_id`,`type_id`) VALUES('150','5','178','191','家居家装&nbsp;&gt;&nbsp;居家日用&nbsp;&gt;&nbsp;居家杂货','家居家装,居家日用,居家杂货','191','0');
INSERT INTO `shopnc_goods_class_tag` (`gc_tag_id`,`gc_id_1`,`gc_id_2`,`gc_id_3`,`gc_tag_name`,`gc_tag_value`,`gc_id`,`type_id`) VALUES('151','5','179','192','家居家装&nbsp;&gt;&nbsp;厨房餐饮&nbsp;&gt;&nbsp;烹饪锅具','家居家装,厨房餐饮,烹饪锅具','192','0');
INSERT INTO `shopnc_goods_class_tag` (`gc_tag_id`,`gc_id_1`,`gc_id_2`,`gc_id_3`,`gc_tag_name`,`gc_tag_value`,`gc_id`,`type_id`) VALUES('152','5','179','193','家居家装&nbsp;&gt;&nbsp;厨房餐饮&nbsp;&gt;&nbsp;烹饪勺铲','家居家装,厨房餐饮,烹饪勺铲','193','0');
INSERT INTO `shopnc_goods_class_tag` (`gc_tag_id`,`gc_id_1`,`gc_id_2`,`gc_id_3`,`gc_tag_name`,`gc_tag_value`,`gc_id`,`type_id`) VALUES('153','5','179','194','家居家装&nbsp;&gt;&nbsp;厨房餐饮&nbsp;&gt;&nbsp;调味瓶罐','家居家装,厨房餐饮,调味瓶罐','194','0');
INSERT INTO `shopnc_goods_class_tag` (`gc_tag_id`,`gc_id_1`,`gc_id_2`,`gc_id_3`,`gc_tag_name`,`gc_tag_value`,`gc_id`,`type_id`) VALUES('154','5','179','195','家居家装&nbsp;&gt;&nbsp;厨房餐饮&nbsp;&gt;&nbsp;厨房帮手','家居家装,厨房餐饮,厨房帮手','195','0');
INSERT INTO `shopnc_goods_class_tag` (`gc_tag_id`,`gc_id_1`,`gc_id_2`,`gc_id_3`,`gc_tag_name`,`gc_tag_value`,`gc_id`,`type_id`) VALUES('155','5','179','196','家居家装&nbsp;&gt;&nbsp;厨房餐饮&nbsp;&gt;&nbsp;保鲜盒','家居家装,厨房餐饮,保鲜盒','196','0');
INSERT INTO `shopnc_goods_class_tag` (`gc_tag_id`,`gc_id_1`,`gc_id_2`,`gc_id_3`,`gc_tag_name`,`gc_tag_value`,`gc_id`,`type_id`) VALUES('156','5','179','197','家居家装&nbsp;&gt;&nbsp;厨房餐饮&nbsp;&gt;&nbsp;餐具','家居家装,厨房餐饮,餐具','197','0');
INSERT INTO `shopnc_goods_class_tag` (`gc_tag_id`,`gc_id_1`,`gc_id_2`,`gc_id_3`,`gc_tag_name`,`gc_tag_value`,`gc_id`,`type_id`) VALUES('157','5','179','198','家居家装&nbsp;&gt;&nbsp;厨房餐饮&nbsp;&gt;&nbsp;水杯水壶','家居家装,厨房餐饮,水杯水壶','198','0');
INSERT INTO `shopnc_goods_class_tag` (`gc_tag_id`,`gc_id_1`,`gc_id_2`,`gc_id_3`,`gc_tag_name`,`gc_tag_value`,`gc_id`,`type_id`) VALUES('158','5','179','199','家居家装&nbsp;&gt;&nbsp;厨房餐饮&nbsp;&gt;&nbsp;茶具','家居家装,厨房餐饮,茶具','199','4');
INSERT INTO `shopnc_goods_class_tag` (`gc_tag_id`,`gc_id_1`,`gc_id_2`,`gc_id_3`,`gc_tag_name`,`gc_tag_value`,`gc_id`,`type_id`) VALUES('159','5','341','342','家居家装&nbsp;&gt;&nbsp;家具&nbsp;&gt;&nbsp;沙发','家居家装,家具,沙发','342','0');
INSERT INTO `shopnc_goods_class_tag` (`gc_tag_id`,`gc_id_1`,`gc_id_2`,`gc_id_3`,`gc_tag_name`,`gc_tag_value`,`gc_id`,`type_id`) VALUES('160','5','341','343','家居家装&nbsp;&gt;&nbsp;家具&nbsp;&gt;&nbsp;茶几','家居家装,家具,茶几','343','0');
INSERT INTO `shopnc_goods_class_tag` (`gc_tag_id`,`gc_id_1`,`gc_id_2`,`gc_id_3`,`gc_tag_name`,`gc_tag_value`,`gc_id`,`type_id`) VALUES('161','6','200','203','食品保健&nbsp;&gt;&nbsp;休闲零食&nbsp;&gt;&nbsp;鸭脖','食品保健,休闲零食,鸭脖','203','0');
INSERT INTO `shopnc_goods_class_tag` (`gc_tag_id`,`gc_id_1`,`gc_id_2`,`gc_id_3`,`gc_tag_name`,`gc_tag_value`,`gc_id`,`type_id`) VALUES('162','6','200','204','食品保健&nbsp;&gt;&nbsp;休闲零食&nbsp;&gt;&nbsp;鸭舌','食品保健,休闲零食,鸭舌','204','0');
INSERT INTO `shopnc_goods_class_tag` (`gc_tag_id`,`gc_id_1`,`gc_id_2`,`gc_id_3`,`gc_tag_name`,`gc_tag_value`,`gc_id`,`type_id`) VALUES('163','6','200','205','食品保健&nbsp;&gt;&nbsp;休闲零食&nbsp;&gt;&nbsp;鸡翅','食品保健,休闲零食,鸡翅','205','0');
INSERT INTO `shopnc_goods_class_tag` (`gc_tag_id`,`gc_id_1`,`gc_id_2`,`gc_id_3`,`gc_tag_name`,`gc_tag_value`,`gc_id`,`type_id`) VALUES('164','6','200','206','食品保健&nbsp;&gt;&nbsp;休闲零食&nbsp;&gt;&nbsp;牛肉干','食品保健,休闲零食,牛肉干','206','0');
INSERT INTO `shopnc_goods_class_tag` (`gc_tag_id`,`gc_id_1`,`gc_id_2`,`gc_id_3`,`gc_tag_name`,`gc_tag_value`,`gc_id`,`type_id`) VALUES('165','6','200','207','食品保健&nbsp;&gt;&nbsp;休闲零食&nbsp;&gt;&nbsp;猪肉脯','食品保健,休闲零食,猪肉脯','207','0');
INSERT INTO `shopnc_goods_class_tag` (`gc_tag_id`,`gc_id_1`,`gc_id_2`,`gc_id_3`,`gc_tag_name`,`gc_tag_value`,`gc_id`,`type_id`) VALUES('166','6','200','208','食品保健&nbsp;&gt;&nbsp;休闲零食&nbsp;&gt;&nbsp;猪肉松','食品保健,休闲零食,猪肉松','208','0');
INSERT INTO `shopnc_goods_class_tag` (`gc_tag_id`,`gc_id_1`,`gc_id_2`,`gc_id_3`,`gc_tag_name`,`gc_tag_value`,`gc_id`,`type_id`) VALUES('167','6','200','209','食品保健&nbsp;&gt;&nbsp;休闲零食&nbsp;&gt;&nbsp;糖果','食品保健,休闲零食,糖果','209','0');
INSERT INTO `shopnc_goods_class_tag` (`gc_tag_id`,`gc_id_1`,`gc_id_2`,`gc_id_3`,`gc_tag_name`,`gc_tag_value`,`gc_id`,`type_id`) VALUES('168','6','200','210','食品保健&nbsp;&gt;&nbsp;休闲零食&nbsp;&gt;&nbsp;鱿鱼丝','食品保健,休闲零食,鱿鱼丝','210','0');
INSERT INTO `shopnc_goods_class_tag` (`gc_tag_id`,`gc_id_1`,`gc_id_2`,`gc_id_3`,`gc_tag_name`,`gc_tag_value`,`gc_id`,`type_id`) VALUES('169','6','200','211','食品保健&nbsp;&gt;&nbsp;休闲零食&nbsp;&gt;&nbsp;饼干糕点','食品保健,休闲零食,饼干糕点','211','0');
INSERT INTO `shopnc_goods_class_tag` (`gc_tag_id`,`gc_id_1`,`gc_id_2`,`gc_id_3`,`gc_tag_name`,`gc_tag_value`,`gc_id`,`type_id`) VALUES('170','6','201','212','食品保健&nbsp;&gt;&nbsp;茶叶茗品&nbsp;&gt;&nbsp;龙井','食品保健,茶叶茗品,龙井','212','0');
INSERT INTO `shopnc_goods_class_tag` (`gc_tag_id`,`gc_id_1`,`gc_id_2`,`gc_id_3`,`gc_tag_name`,`gc_tag_value`,`gc_id`,`type_id`) VALUES('171','6','201','213','食品保健&nbsp;&gt;&nbsp;茶叶茗品&nbsp;&gt;&nbsp;碧螺春','食品保健,茶叶茗品,碧螺春','213','0');
INSERT INTO `shopnc_goods_class_tag` (`gc_tag_id`,`gc_id_1`,`gc_id_2`,`gc_id_3`,`gc_tag_name`,`gc_tag_value`,`gc_id`,`type_id`) VALUES('172','6','201','214','食品保健&nbsp;&gt;&nbsp;茶叶茗品&nbsp;&gt;&nbsp;铁观音','食品保健,茶叶茗品,铁观音','214','0');
INSERT INTO `shopnc_goods_class_tag` (`gc_tag_id`,`gc_id_1`,`gc_id_2`,`gc_id_3`,`gc_tag_name`,`gc_tag_value`,`gc_id`,`type_id`) VALUES('173','6','201','215','食品保健&nbsp;&gt;&nbsp;茶叶茗品&nbsp;&gt;&nbsp;红茶','食品保健,茶叶茗品,红茶','215','0');
INSERT INTO `shopnc_goods_class_tag` (`gc_tag_id`,`gc_id_1`,`gc_id_2`,`gc_id_3`,`gc_tag_name`,`gc_tag_value`,`gc_id`,`type_id`) VALUES('174','6','201','216','食品保健&nbsp;&gt;&nbsp;茶叶茗品&nbsp;&gt;&nbsp;普洱','食品保健,茶叶茗品,普洱','216','0');
INSERT INTO `shopnc_goods_class_tag` (`gc_tag_id`,`gc_id_1`,`gc_id_2`,`gc_id_3`,`gc_tag_name`,`gc_tag_value`,`gc_id`,`type_id`) VALUES('175','6','201','217','食品保健&nbsp;&gt;&nbsp;茶叶茗品&nbsp;&gt;&nbsp;花草茶','食品保健,茶叶茗品,花草茶','217','0');
INSERT INTO `shopnc_goods_class_tag` (`gc_tag_id`,`gc_id_1`,`gc_id_2`,`gc_id_3`,`gc_tag_name`,`gc_tag_value`,`gc_id`,`type_id`) VALUES('176','6','201','218','食品保健&nbsp;&gt;&nbsp;茶叶茗品&nbsp;&gt;&nbsp;水果茶','食品保健,茶叶茗品,水果茶','218','0');
INSERT INTO `shopnc_goods_class_tag` (`gc_tag_id`,`gc_id_1`,`gc_id_2`,`gc_id_3`,`gc_tag_name`,`gc_tag_value`,`gc_id`,`type_id`) VALUES('177','6','201','219','食品保健&nbsp;&gt;&nbsp;茶叶茗品&nbsp;&gt;&nbsp;保健茶','食品保健,茶叶茗品,保健茶','219','0');
INSERT INTO `shopnc_goods_class_tag` (`gc_tag_id`,`gc_id_1`,`gc_id_2`,`gc_id_3`,`gc_tag_name`,`gc_tag_value`,`gc_id`,`type_id`) VALUES('178','6','202','220','食品保健&nbsp;&gt;&nbsp;蜜饯果脯&nbsp;&gt;&nbsp;芒果干','食品保健,蜜饯果脯,芒果干','220','0');
INSERT INTO `shopnc_goods_class_tag` (`gc_tag_id`,`gc_id_1`,`gc_id_2`,`gc_id_3`,`gc_tag_name`,`gc_tag_value`,`gc_id`,`type_id`) VALUES('179','6','202','221','食品保健&nbsp;&gt;&nbsp;蜜饯果脯&nbsp;&gt;&nbsp;葡萄干','食品保健,蜜饯果脯,葡萄干','221','0');
INSERT INTO `shopnc_goods_class_tag` (`gc_tag_id`,`gc_id_1`,`gc_id_2`,`gc_id_3`,`gc_tag_name`,`gc_tag_value`,`gc_id`,`type_id`) VALUES('180','6','202','222','食品保健&nbsp;&gt;&nbsp;蜜饯果脯&nbsp;&gt;&nbsp;梅类','食品保健,蜜饯果脯,梅类','222','0');
INSERT INTO `shopnc_goods_class_tag` (`gc_tag_id`,`gc_id_1`,`gc_id_2`,`gc_id_3`,`gc_tag_name`,`gc_tag_value`,`gc_id`,`type_id`) VALUES('181','6','202','223','食品保健&nbsp;&gt;&nbsp;蜜饯果脯&nbsp;&gt;&nbsp;菠萝干','食品保健,蜜饯果脯,菠萝干','223','0');
INSERT INTO `shopnc_goods_class_tag` (`gc_tag_id`,`gc_id_1`,`gc_id_2`,`gc_id_3`,`gc_tag_name`,`gc_tag_value`,`gc_id`,`type_id`) VALUES('182','6','202','224','食品保健&nbsp;&gt;&nbsp;蜜饯果脯&nbsp;&gt;&nbsp;草莓干','食品保健,蜜饯果脯,草莓干','224','0');
INSERT INTO `shopnc_goods_class_tag` (`gc_tag_id`,`gc_id_1`,`gc_id_2`,`gc_id_3`,`gc_tag_name`,`gc_tag_value`,`gc_id`,`type_id`) VALUES('183','6','202','225','食品保健&nbsp;&gt;&nbsp;蜜饯果脯&nbsp;&gt;&nbsp;香蕉干','食品保健,蜜饯果脯,香蕉干','225','0');
INSERT INTO `shopnc_goods_class_tag` (`gc_tag_id`,`gc_id_1`,`gc_id_2`,`gc_id_3`,`gc_tag_name`,`gc_tag_value`,`gc_id`,`type_id`) VALUES('184','6','202','226','食品保健&nbsp;&gt;&nbsp;蜜饯果脯&nbsp;&gt;&nbsp;玫瑰脯','食品保健,蜜饯果脯,玫瑰脯','226','0');
INSERT INTO `shopnc_goods_class_tag` (`gc_tag_id`,`gc_id_1`,`gc_id_2`,`gc_id_3`,`gc_tag_name`,`gc_tag_value`,`gc_id`,`type_id`) VALUES('185','6','202','227','食品保健&nbsp;&gt;&nbsp;蜜饯果脯&nbsp;&gt;&nbsp;蓝莓','食品保健,蜜饯果脯,蓝莓','227','0');
INSERT INTO `shopnc_goods_class_tag` (`gc_tag_id`,`gc_id_1`,`gc_id_2`,`gc_id_3`,`gc_tag_name`,`gc_tag_value`,`gc_id`,`type_id`) VALUES('186','7','228','231','母婴用品&nbsp;&gt;&nbsp;婴幼食品&nbsp;&gt;&nbsp;配方奶粉','母婴用品,婴幼食品,配方奶粉','231','0');
INSERT INTO `shopnc_goods_class_tag` (`gc_tag_id`,`gc_id_1`,`gc_id_2`,`gc_id_3`,`gc_tag_name`,`gc_tag_value`,`gc_id`,`type_id`) VALUES('187','7','228','232','母婴用品&nbsp;&gt;&nbsp;婴幼食品&nbsp;&gt;&nbsp;羊奶粉','母婴用品,婴幼食品,羊奶粉','232','0');
INSERT INTO `shopnc_goods_class_tag` (`gc_tag_id`,`gc_id_1`,`gc_id_2`,`gc_id_3`,`gc_tag_name`,`gc_tag_value`,`gc_id`,`type_id`) VALUES('188','7','228','233','母婴用品&nbsp;&gt;&nbsp;婴幼食品&nbsp;&gt;&nbsp;辅食','母婴用品,婴幼食品,辅食','233','0');
INSERT INTO `shopnc_goods_class_tag` (`gc_tag_id`,`gc_id_1`,`gc_id_2`,`gc_id_3`,`gc_tag_name`,`gc_tag_value`,`gc_id`,`type_id`) VALUES('189','7','228','234','母婴用品&nbsp;&gt;&nbsp;婴幼食品&nbsp;&gt;&nbsp;营养品','母婴用品,婴幼食品,营养品','234','0');
INSERT INTO `shopnc_goods_class_tag` (`gc_tag_id`,`gc_id_1`,`gc_id_2`,`gc_id_3`,`gc_tag_name`,`gc_tag_value`,`gc_id`,`type_id`) VALUES('190','7','229','235','母婴用品&nbsp;&gt;&nbsp;婴幼用品&nbsp;&gt;&nbsp;纸尿裤','母婴用品,婴幼用品,纸尿裤','235','0');
INSERT INTO `shopnc_goods_class_tag` (`gc_tag_id`,`gc_id_1`,`gc_id_2`,`gc_id_3`,`gc_tag_name`,`gc_tag_value`,`gc_id`,`type_id`) VALUES('191','7','229','236','母婴用品&nbsp;&gt;&nbsp;婴幼用品&nbsp;&gt;&nbsp;奶瓶','母婴用品,婴幼用品,奶瓶','236','0');
INSERT INTO `shopnc_goods_class_tag` (`gc_tag_id`,`gc_id_1`,`gc_id_2`,`gc_id_3`,`gc_tag_name`,`gc_tag_value`,`gc_id`,`type_id`) VALUES('192','7','229','237','母婴用品&nbsp;&gt;&nbsp;婴幼用品&nbsp;&gt;&nbsp;布尿裤','母婴用品,婴幼用品,布尿裤','237','0');
INSERT INTO `shopnc_goods_class_tag` (`gc_tag_id`,`gc_id_1`,`gc_id_2`,`gc_id_3`,`gc_tag_name`,`gc_tag_value`,`gc_id`,`type_id`) VALUES('193','7','229','238','母婴用品&nbsp;&gt;&nbsp;婴幼用品&nbsp;&gt;&nbsp;湿巾/纸巾','母婴用品,婴幼用品,湿巾/纸巾','238','0');
INSERT INTO `shopnc_goods_class_tag` (`gc_tag_id`,`gc_id_1`,`gc_id_2`,`gc_id_3`,`gc_tag_name`,`gc_tag_value`,`gc_id`,`type_id`) VALUES('194','7','229','239','母婴用品&nbsp;&gt;&nbsp;婴幼用品&nbsp;&gt;&nbsp;睡袋/蚊帐','母婴用品,婴幼用品,睡袋/蚊帐','239','0');
INSERT INTO `shopnc_goods_class_tag` (`gc_tag_id`,`gc_id_1`,`gc_id_2`,`gc_id_3`,`gc_tag_name`,`gc_tag_value`,`gc_id`,`type_id`) VALUES('195','7','229','240','母婴用品&nbsp;&gt;&nbsp;婴幼用品&nbsp;&gt;&nbsp;抱被/毛毯','母婴用品,婴幼用品,抱被/毛毯','240','0');
INSERT INTO `shopnc_goods_class_tag` (`gc_tag_id`,`gc_id_1`,`gc_id_2`,`gc_id_3`,`gc_tag_name`,`gc_tag_value`,`gc_id`,`type_id`) VALUES('196','7','229','241','母婴用品&nbsp;&gt;&nbsp;婴幼用品&nbsp;&gt;&nbsp;洗浴护肤','母婴用品,婴幼用品,洗浴护肤','241','0');
INSERT INTO `shopnc_goods_class_tag` (`gc_tag_id`,`gc_id_1`,`gc_id_2`,`gc_id_3`,`gc_tag_name`,`gc_tag_value`,`gc_id`,`type_id`) VALUES('197','7','229','242','母婴用品&nbsp;&gt;&nbsp;婴幼用品&nbsp;&gt;&nbsp;水杯/水壶','母婴用品,婴幼用品,水杯/水壶','242','0');
INSERT INTO `shopnc_goods_class_tag` (`gc_tag_id`,`gc_id_1`,`gc_id_2`,`gc_id_3`,`gc_tag_name`,`gc_tag_value`,`gc_id`,`type_id`) VALUES('198','7','229','243','母婴用品&nbsp;&gt;&nbsp;婴幼用品&nbsp;&gt;&nbsp;衣物清洗','母婴用品,婴幼用品,衣物清洗','243','0');
INSERT INTO `shopnc_goods_class_tag` (`gc_tag_id`,`gc_id_1`,`gc_id_2`,`gc_id_3`,`gc_tag_name`,`gc_tag_value`,`gc_id`,`type_id`) VALUES('199','7','230','244','母婴用品&nbsp;&gt;&nbsp;童装童鞋&nbsp;&gt;&nbsp;套装','母婴用品,童装童鞋,套装','244','0');
INSERT INTO `shopnc_goods_class_tag` (`gc_tag_id`,`gc_id_1`,`gc_id_2`,`gc_id_3`,`gc_tag_name`,`gc_tag_value`,`gc_id`,`type_id`) VALUES('200','7','230','245','母婴用品&nbsp;&gt;&nbsp;童装童鞋&nbsp;&gt;&nbsp;T恤','母婴用品,童装童鞋,T恤','245','0');
INSERT INTO `shopnc_goods_class_tag` (`gc_tag_id`,`gc_id_1`,`gc_id_2`,`gc_id_3`,`gc_tag_name`,`gc_tag_value`,`gc_id`,`type_id`) VALUES('201','7','230','246','母婴用品&nbsp;&gt;&nbsp;童装童鞋&nbsp;&gt;&nbsp;连衣裙','母婴用品,童装童鞋,连衣裙','246','0');
INSERT INTO `shopnc_goods_class_tag` (`gc_tag_id`,`gc_id_1`,`gc_id_2`,`gc_id_3`,`gc_tag_name`,`gc_tag_value`,`gc_id`,`type_id`) VALUES('202','7','230','247','母婴用品&nbsp;&gt;&nbsp;童装童鞋&nbsp;&gt;&nbsp;半截裙','母婴用品,童装童鞋,半截裙','247','0');
INSERT INTO `shopnc_goods_class_tag` (`gc_tag_id`,`gc_id_1`,`gc_id_2`,`gc_id_3`,`gc_tag_name`,`gc_tag_value`,`gc_id`,`type_id`) VALUES('203','7','230','248','母婴用品&nbsp;&gt;&nbsp;童装童鞋&nbsp;&gt;&nbsp;休闲裤','母婴用品,童装童鞋,休闲裤','248','0');
INSERT INTO `shopnc_goods_class_tag` (`gc_tag_id`,`gc_id_1`,`gc_id_2`,`gc_id_3`,`gc_tag_name`,`gc_tag_value`,`gc_id`,`type_id`) VALUES('204','7','230','249','母婴用品&nbsp;&gt;&nbsp;童装童鞋&nbsp;&gt;&nbsp;凉鞋','母婴用品,童装童鞋,凉鞋','249','0');
INSERT INTO `shopnc_goods_class_tag` (`gc_tag_id`,`gc_id_1`,`gc_id_2`,`gc_id_3`,`gc_tag_name`,`gc_tag_value`,`gc_id`,`type_id`) VALUES('205','7','230','250','母婴用品&nbsp;&gt;&nbsp;童装童鞋&nbsp;&gt;&nbsp;运动鞋','母婴用品,童装童鞋,运动鞋','250','0');
INSERT INTO `shopnc_goods_class_tag` (`gc_tag_id`,`gc_id_1`,`gc_id_2`,`gc_id_3`,`gc_tag_name`,`gc_tag_value`,`gc_id`,`type_id`) VALUES('206','7','230','251','母婴用品&nbsp;&gt;&nbsp;童装童鞋&nbsp;&gt;&nbsp;帆布鞋','母婴用品,童装童鞋,帆布鞋','251','0');
INSERT INTO `shopnc_goods_class_tag` (`gc_tag_id`,`gc_id_1`,`gc_id_2`,`gc_id_3`,`gc_tag_name`,`gc_tag_value`,`gc_id`,`type_id`) VALUES('207','7','230','252','母婴用品&nbsp;&gt;&nbsp;童装童鞋&nbsp;&gt;&nbsp;内衣裤','母婴用品,童装童鞋,内衣裤','252','0');
INSERT INTO `shopnc_goods_class_tag` (`gc_tag_id`,`gc_id_1`,`gc_id_2`,`gc_id_3`,`gc_tag_name`,`gc_tag_value`,`gc_id`,`type_id`) VALUES('208','7','230','253','母婴用品&nbsp;&gt;&nbsp;童装童鞋&nbsp;&gt;&nbsp;帽子/配件','母婴用品,童装童鞋,帽子/配件','253','0');
INSERT INTO `shopnc_goods_class_tag` (`gc_tag_id`,`gc_id_1`,`gc_id_2`,`gc_id_3`,`gc_tag_name`,`gc_tag_value`,`gc_id`,`type_id`) VALUES('209','7','230','254','母婴用品&nbsp;&gt;&nbsp;童装童鞋&nbsp;&gt;&nbsp;亲子装','母婴用品,童装童鞋,亲子装','254','0');
INSERT INTO `shopnc_goods_class_tag` (`gc_tag_id`,`gc_id_1`,`gc_id_2`,`gc_id_3`,`gc_tag_name`,`gc_tag_value`,`gc_id`,`type_id`) VALUES('210','9','255','258','文化娱乐&nbsp;&gt;&nbsp;汽车用品&nbsp;&gt;&nbsp;GPS导航','文化娱乐,汽车用品,GPS导航','258','0');
INSERT INTO `shopnc_goods_class_tag` (`gc_tag_id`,`gc_id_1`,`gc_id_2`,`gc_id_3`,`gc_tag_name`,`gc_tag_value`,`gc_id`,`type_id`) VALUES('211','9','255','259','文化娱乐&nbsp;&gt;&nbsp;汽车用品&nbsp;&gt;&nbsp;充电器','文化娱乐,汽车用品,充电器','259','0');
INSERT INTO `shopnc_goods_class_tag` (`gc_tag_id`,`gc_id_1`,`gc_id_2`,`gc_id_3`,`gc_tag_name`,`gc_tag_value`,`gc_id`,`type_id`) VALUES('212','9','255','260','文化娱乐&nbsp;&gt;&nbsp;汽车用品&nbsp;&gt;&nbsp;车载影音','文化娱乐,汽车用品,车载影音','260','0');
INSERT INTO `shopnc_goods_class_tag` (`gc_tag_id`,`gc_id_1`,`gc_id_2`,`gc_id_3`,`gc_tag_name`,`gc_tag_value`,`gc_id`,`type_id`) VALUES('213','9','255','261','文化娱乐&nbsp;&gt;&nbsp;汽车用品&nbsp;&gt;&nbsp;加热保温','文化娱乐,汽车用品,加热保温','261','0');
INSERT INTO `shopnc_goods_class_tag` (`gc_tag_id`,`gc_id_1`,`gc_id_2`,`gc_id_3`,`gc_tag_name`,`gc_tag_value`,`gc_id`,`type_id`) VALUES('214','9','255','262','文化娱乐&nbsp;&gt;&nbsp;汽车用品&nbsp;&gt;&nbsp;座垫/座套','文化娱乐,汽车用品,座垫/座套','262','0');
INSERT INTO `shopnc_goods_class_tag` (`gc_tag_id`,`gc_id_1`,`gc_id_2`,`gc_id_3`,`gc_tag_name`,`gc_tag_value`,`gc_id`,`type_id`) VALUES('215','9','255','263','文化娱乐&nbsp;&gt;&nbsp;汽车用品&nbsp;&gt;&nbsp;脚垫','文化娱乐,汽车用品,脚垫','263','0');
INSERT INTO `shopnc_goods_class_tag` (`gc_tag_id`,`gc_id_1`,`gc_id_2`,`gc_id_3`,`gc_tag_name`,`gc_tag_value`,`gc_id`,`type_id`) VALUES('216','9','255','264','文化娱乐&nbsp;&gt;&nbsp;汽车用品&nbsp;&gt;&nbsp;专车专用','文化娱乐,汽车用品,专车专用','264','0');
INSERT INTO `shopnc_goods_class_tag` (`gc_tag_id`,`gc_id_1`,`gc_id_2`,`gc_id_3`,`gc_tag_name`,`gc_tag_value`,`gc_id`,`type_id`) VALUES('217','9','255','265','文化娱乐&nbsp;&gt;&nbsp;汽车用品&nbsp;&gt;&nbsp;摩托车相关','文化娱乐,汽车用品,摩托车相关','265','0');
INSERT INTO `shopnc_goods_class_tag` (`gc_tag_id`,`gc_id_1`,`gc_id_2`,`gc_id_3`,`gc_tag_name`,`gc_tag_value`,`gc_id`,`type_id`) VALUES('218','9','255','266','文化娱乐&nbsp;&gt;&nbsp;汽车用品&nbsp;&gt;&nbsp;外部装饰','文化娱乐,汽车用品,外部装饰','266','0');
INSERT INTO `shopnc_goods_class_tag` (`gc_tag_id`,`gc_id_1`,`gc_id_2`,`gc_id_3`,`gc_tag_name`,`gc_tag_value`,`gc_id`,`type_id`) VALUES('219','9','255','267','文化娱乐&nbsp;&gt;&nbsp;汽车用品&nbsp;&gt;&nbsp;汽车香水','文化娱乐,汽车用品,汽车香水','267','0');
INSERT INTO `shopnc_goods_class_tag` (`gc_tag_id`,`gc_id_1`,`gc_id_2`,`gc_id_3`,`gc_tag_name`,`gc_tag_value`,`gc_id`,`type_id`) VALUES('220','9','255','268','文化娱乐&nbsp;&gt;&nbsp;汽车用品&nbsp;&gt;&nbsp;改装配件','文化娱乐,汽车用品,改装配件','268','0');
INSERT INTO `shopnc_goods_class_tag` (`gc_tag_id`,`gc_id_1`,`gc_id_2`,`gc_id_3`,`gc_tag_name`,`gc_tag_value`,`gc_id`,`type_id`) VALUES('221','9','255','270','文化娱乐&nbsp;&gt;&nbsp;汽车用品&nbsp;&gt;&nbsp;汽车保险','文化娱乐,汽车用品,汽车保险','270','0');
INSERT INTO `shopnc_goods_class_tag` (`gc_tag_id`,`gc_id_1`,`gc_id_2`,`gc_id_3`,`gc_tag_name`,`gc_tag_value`,`gc_id`,`type_id`) VALUES('222','9','256','271','文化娱乐&nbsp;&gt;&nbsp;鲜花/乐器&nbsp;&gt;&nbsp;鲜花速递','文化娱乐,鲜花/乐器,鲜花速递','271','0');
INSERT INTO `shopnc_goods_class_tag` (`gc_tag_id`,`gc_id_1`,`gc_id_2`,`gc_id_3`,`gc_tag_name`,`gc_tag_value`,`gc_id`,`type_id`) VALUES('223','9','256','272','文化娱乐&nbsp;&gt;&nbsp;鲜花/乐器&nbsp;&gt;&nbsp;礼品定制','文化娱乐,鲜花/乐器,礼品定制','272','0');
INSERT INTO `shopnc_goods_class_tag` (`gc_tag_id`,`gc_id_1`,`gc_id_2`,`gc_id_3`,`gc_tag_name`,`gc_tag_value`,`gc_id`,`type_id`) VALUES('224','9','256','273','文化娱乐&nbsp;&gt;&nbsp;鲜花/乐器&nbsp;&gt;&nbsp;绿植园艺','文化娱乐,鲜花/乐器,绿植园艺','273','0');
INSERT INTO `shopnc_goods_class_tag` (`gc_tag_id`,`gc_id_1`,`gc_id_2`,`gc_id_3`,`gc_tag_name`,`gc_tag_value`,`gc_id`,`type_id`) VALUES('225','9','256','274','文化娱乐&nbsp;&gt;&nbsp;鲜花/乐器&nbsp;&gt;&nbsp;乐器','文化娱乐,鲜花/乐器,乐器','274','0');
INSERT INTO `shopnc_goods_class_tag` (`gc_tag_id`,`gc_id_1`,`gc_id_2`,`gc_id_3`,`gc_tag_name`,`gc_tag_value`,`gc_id`,`type_id`) VALUES('226','9','257','275','文化娱乐&nbsp;&gt;&nbsp;图书/音像&nbsp;&gt;&nbsp;书籍','文化娱乐,图书/音像,书籍','275','0');
INSERT INTO `shopnc_goods_class_tag` (`gc_tag_id`,`gc_id_1`,`gc_id_2`,`gc_id_3`,`gc_tag_name`,`gc_tag_value`,`gc_id`,`type_id`) VALUES('227','9','257','276','文化娱乐&nbsp;&gt;&nbsp;图书/音像&nbsp;&gt;&nbsp;考试','文化娱乐,图书/音像,考试','276','0');
INSERT INTO `shopnc_goods_class_tag` (`gc_tag_id`,`gc_id_1`,`gc_id_2`,`gc_id_3`,`gc_tag_name`,`gc_tag_value`,`gc_id`,`type_id`) VALUES('228','9','257','277','文化娱乐&nbsp;&gt;&nbsp;图书/音像&nbsp;&gt;&nbsp;计算机图书','文化娱乐,图书/音像,计算机图书','277','0');
INSERT INTO `shopnc_goods_class_tag` (`gc_tag_id`,`gc_id_1`,`gc_id_2`,`gc_id_3`,`gc_tag_name`,`gc_tag_value`,`gc_id`,`type_id`) VALUES('229','9','257','278','文化娱乐&nbsp;&gt;&nbsp;图书/音像&nbsp;&gt;&nbsp;期刊杂志','文化娱乐,图书/音像,期刊杂志','278','0');
INSERT INTO `shopnc_goods_class_tag` (`gc_tag_id`,`gc_id_1`,`gc_id_2`,`gc_id_3`,`gc_tag_name`,`gc_tag_value`,`gc_id`,`type_id`) VALUES('230','9','257','279','文化娱乐&nbsp;&gt;&nbsp;图书/音像&nbsp;&gt;&nbsp;小说','文化娱乐,图书/音像,小说','279','0');
INSERT INTO `shopnc_goods_class_tag` (`gc_tag_id`,`gc_id_1`,`gc_id_2`,`gc_id_3`,`gc_tag_name`,`gc_tag_value`,`gc_id`,`type_id`) VALUES('231','9','257','280','文化娱乐&nbsp;&gt;&nbsp;图书/音像&nbsp;&gt;&nbsp;漫画','文化娱乐,图书/音像,漫画','280','0');
INSERT INTO `shopnc_goods_class_tag` (`gc_tag_id`,`gc_id_1`,`gc_id_2`,`gc_id_3`,`gc_tag_name`,`gc_tag_value`,`gc_id`,`type_id`) VALUES('232','9','257','281','文化娱乐&nbsp;&gt;&nbsp;图书/音像&nbsp;&gt;&nbsp;CD/DVD','文化娱乐,图书/音像,CD/DVD','281','0');
INSERT INTO `shopnc_goods_class_tag` (`gc_tag_id`,`gc_id_1`,`gc_id_2`,`gc_id_3`,`gc_tag_name`,`gc_tag_value`,`gc_id`,`type_id`) VALUES('233','9','257','282','文化娱乐&nbsp;&gt;&nbsp;图书/音像&nbsp;&gt;&nbsp;少儿图书','文化娱乐,图书/音像,少儿图书','282','0');
INSERT INTO `shopnc_goods_class_tag` (`gc_tag_id`,`gc_id_1`,`gc_id_2`,`gc_id_3`,`gc_tag_name`,`gc_tag_value`,`gc_id`,`type_id`) VALUES('234','9','257','283','文化娱乐&nbsp;&gt;&nbsp;图书/音像&nbsp;&gt;&nbsp;养生图书','文化娱乐,图书/音像,养生图书','283','0');
INSERT INTO `shopnc_goods_class_tag` (`gc_tag_id`,`gc_id_1`,`gc_id_2`,`gc_id_3`,`gc_tag_name`,`gc_tag_value`,`gc_id`,`type_id`) VALUES('235','9','257','284','文化娱乐&nbsp;&gt;&nbsp;图书/音像&nbsp;&gt;&nbsp;艺术图书','文化娱乐,图书/音像,艺术图书','284','0');
INSERT INTO `shopnc_goods_class_tag` (`gc_tag_id`,`gc_id_1`,`gc_id_2`,`gc_id_3`,`gc_tag_name`,`gc_tag_value`,`gc_id`,`type_id`) VALUES('236','9','257','285','文化娱乐&nbsp;&gt;&nbsp;图书/音像&nbsp;&gt;&nbsp;励志图书','文化娱乐,图书/音像,励志图书','285','0');
INSERT INTO `shopnc_goods_class_tag` (`gc_tag_id`,`gc_id_1`,`gc_id_2`,`gc_id_3`,`gc_tag_name`,`gc_tag_value`,`gc_id`,`type_id`) VALUES('237','10','48','51','话费网游&nbsp;&gt;&nbsp;话费&nbsp;&gt;&nbsp;话费直充','话费网游,话费,话费直充','51','0');
INSERT INTO `shopnc_goods_class_tag` (`gc_tag_id`,`gc_id_1`,`gc_id_2`,`gc_id_3`,`gc_tag_name`,`gc_tag_value`,`gc_id`,`type_id`) VALUES('238','10','48','52','话费网游&nbsp;&gt;&nbsp;话费&nbsp;&gt;&nbsp;移动充值卡','话费网游,话费,移动充值卡','52','0');
INSERT INTO `shopnc_goods_class_tag` (`gc_tag_id`,`gc_id_1`,`gc_id_2`,`gc_id_3`,`gc_tag_name`,`gc_tag_value`,`gc_id`,`type_id`) VALUES('239','10','48','53','话费网游&nbsp;&gt;&nbsp;话费&nbsp;&gt;&nbsp;联通充值卡','话费网游,话费,联通充值卡','53','0');
INSERT INTO `shopnc_goods_class_tag` (`gc_tag_id`,`gc_id_1`,`gc_id_2`,`gc_id_3`,`gc_tag_name`,`gc_tag_value`,`gc_id`,`type_id`) VALUES('240','10','48','54','话费网游&nbsp;&gt;&nbsp;话费&nbsp;&gt;&nbsp;电信充值卡','话费网游,话费,电信充值卡','54','0');
INSERT INTO `shopnc_goods_class_tag` (`gc_tag_id`,`gc_id_1`,`gc_id_2`,`gc_id_3`,`gc_tag_name`,`gc_tag_value`,`gc_id`,`type_id`) VALUES('241','10','48','55','话费网游&nbsp;&gt;&nbsp;话费&nbsp;&gt;&nbsp;固话充值卡','话费网游,话费,固话充值卡','55','0');
INSERT INTO `shopnc_goods_class_tag` (`gc_tag_id`,`gc_id_1`,`gc_id_2`,`gc_id_3`,`gc_tag_name`,`gc_tag_value`,`gc_id`,`type_id`) VALUES('242','10','48','56','话费网游&nbsp;&gt;&nbsp;话费&nbsp;&gt;&nbsp;IP卡','话费网游,话费,IP卡','56','0');
INSERT INTO `shopnc_goods_class_tag` (`gc_tag_id`,`gc_id_1`,`gc_id_2`,`gc_id_3`,`gc_tag_name`,`gc_tag_value`,`gc_id`,`type_id`) VALUES('243','10','48','57','话费网游&nbsp;&gt;&nbsp;话费&nbsp;&gt;&nbsp;网络电话','话费网游,话费,网络电话','57','0');
INSERT INTO `shopnc_goods_class_tag` (`gc_tag_id`,`gc_id_1`,`gc_id_2`,`gc_id_3`,`gc_tag_name`,`gc_tag_value`,`gc_id`,`type_id`) VALUES('244','10','48','58','话费网游&nbsp;&gt;&nbsp;话费&nbsp;&gt;&nbsp;手机号码卡','话费网游,话费,手机号码卡','58','0');
INSERT INTO `shopnc_goods_class_tag` (`gc_tag_id`,`gc_id_1`,`gc_id_2`,`gc_id_3`,`gc_tag_name`,`gc_tag_value`,`gc_id`,`type_id`) VALUES('245','10','49','75','话费网游&nbsp;&gt;&nbsp;保险&nbsp;&gt;&nbsp;旅行意外险','话费网游,保险,旅行意外险','75','0');
INSERT INTO `shopnc_goods_class_tag` (`gc_tag_id`,`gc_id_1`,`gc_id_2`,`gc_id_3`,`gc_tag_name`,`gc_tag_value`,`gc_id`,`type_id`) VALUES('246','10','49','76','话费网游&nbsp;&gt;&nbsp;保险&nbsp;&gt;&nbsp;自驾意外险','话费网游,保险,自驾意外险','76','0');
INSERT INTO `shopnc_goods_class_tag` (`gc_tag_id`,`gc_id_1`,`gc_id_2`,`gc_id_3`,`gc_tag_name`,`gc_tag_value`,`gc_id`,`type_id`) VALUES('247','10','49','77','话费网游&nbsp;&gt;&nbsp;保险&nbsp;&gt;&nbsp;家庭财产险','话费网游,保险,家庭财产险','77','0');
INSERT INTO `shopnc_goods_class_tag` (`gc_tag_id`,`gc_id_1`,`gc_id_2`,`gc_id_3`,`gc_tag_name`,`gc_tag_value`,`gc_id`,`type_id`) VALUES('248','10','49','78','话费网游&nbsp;&gt;&nbsp;保险&nbsp;&gt;&nbsp;老人骨折险','话费网游,保险,老人骨折险','78','0');
INSERT INTO `shopnc_goods_class_tag` (`gc_tag_id`,`gc_id_1`,`gc_id_2`,`gc_id_3`,`gc_tag_name`,`gc_tag_value`,`gc_id`,`type_id`) VALUES('249','10','49','79','话费网游&nbsp;&gt;&nbsp;保险&nbsp;&gt;&nbsp;家财火宅险','话费网游,保险,家财火宅险','79','0');
INSERT INTO `shopnc_goods_class_tag` (`gc_tag_id`,`gc_id_1`,`gc_id_2`,`gc_id_3`,`gc_tag_name`,`gc_tag_value`,`gc_id`,`type_id`) VALUES('250','10','49','80','话费网游&nbsp;&gt;&nbsp;保险&nbsp;&gt;&nbsp;车险','话费网游,保险,车险','80','0');
INSERT INTO `shopnc_goods_class_tag` (`gc_tag_id`,`gc_id_1`,`gc_id_2`,`gc_id_3`,`gc_tag_name`,`gc_tag_value`,`gc_id`,`type_id`) VALUES('251','10','50','81','话费网游&nbsp;&gt;&nbsp;腾讯业务&nbsp;&gt;&nbsp;Q币充值','话费网游,腾讯业务,Q币充值','81','0');
INSERT INTO `shopnc_goods_class_tag` (`gc_tag_id`,`gc_id_1`,`gc_id_2`,`gc_id_3`,`gc_tag_name`,`gc_tag_value`,`gc_id`,`type_id`) VALUES('252','10','50','82','话费网游&nbsp;&gt;&nbsp;腾讯业务&nbsp;&gt;&nbsp;Q点充值','话费网游,腾讯业务,Q点充值','82','0');
INSERT INTO `shopnc_goods_class_tag` (`gc_tag_id`,`gc_id_1`,`gc_id_2`,`gc_id_3`,`gc_tag_name`,`gc_tag_value`,`gc_id`,`type_id`) VALUES('253','10','50','83','话费网游&nbsp;&gt;&nbsp;腾讯业务&nbsp;&gt;&nbsp;QQ卡','话费网游,腾讯业务,QQ卡','83','0');
INSERT INTO `shopnc_goods_class_tag` (`gc_tag_id`,`gc_id_1`,`gc_id_2`,`gc_id_3`,`gc_tag_name`,`gc_tag_value`,`gc_id`,`type_id`) VALUES('254','10','50','84','话费网游&nbsp;&gt;&nbsp;腾讯业务&nbsp;&gt;&nbsp;超级QQ','话费网游,腾讯业务,超级QQ','84','0');
INSERT INTO `shopnc_goods_class_tag` (`gc_tag_id`,`gc_id_1`,`gc_id_2`,`gc_id_3`,`gc_tag_name`,`gc_tag_value`,`gc_id`,`type_id`) VALUES('255','10','50','85','话费网游&nbsp;&gt;&nbsp;腾讯业务&nbsp;&gt;&nbsp;QQ会员','话费网游,腾讯业务,QQ会员','85','0');
INSERT INTO `shopnc_goods_class_tag` (`gc_tag_id`,`gc_id_1`,`gc_id_2`,`gc_id_3`,`gc_tag_name`,`gc_tag_value`,`gc_id`,`type_id`) VALUES('256','10','50','86','话费网游&nbsp;&gt;&nbsp;腾讯业务&nbsp;&gt;&nbsp;红钻','话费网游,腾讯业务,红钻','86','0');
INSERT INTO `shopnc_goods_class_tag` (`gc_tag_id`,`gc_id_1`,`gc_id_2`,`gc_id_3`,`gc_tag_name`,`gc_tag_value`,`gc_id`,`type_id`) VALUES('257','10','50','87','话费网游&nbsp;&gt;&nbsp;腾讯业务&nbsp;&gt;&nbsp;黄钻','话费网游,腾讯业务,黄钻','87','0');
INSERT INTO `shopnc_goods_class_tag` (`gc_tag_id`,`gc_id_1`,`gc_id_2`,`gc_id_3`,`gc_tag_name`,`gc_tag_value`,`gc_id`,`type_id`) VALUES('258','10','50','88','话费网游&nbsp;&gt;&nbsp;腾讯业务&nbsp;&gt;&nbsp;绿钻','话费网游,腾讯业务,绿钻','88','0');
INSERT INTO `shopnc_goods_class_tag` (`gc_tag_id`,`gc_id_1`,`gc_id_2`,`gc_id_3`,`gc_tag_name`,`gc_tag_value`,`gc_id`,`type_id`) VALUES('259','10','50','89','话费网游&nbsp;&gt;&nbsp;腾讯业务&nbsp;&gt;&nbsp;蓝钻','话费网游,腾讯业务,蓝钻','89','0');
INSERT INTO `shopnc_goods_class_tag` (`gc_tag_id`,`gc_id_1`,`gc_id_2`,`gc_id_3`,`gc_tag_name`,`gc_tag_value`,`gc_id`,`type_id`) VALUES('260','10','50','90','话费网游&nbsp;&gt;&nbsp;腾讯业务&nbsp;&gt;&nbsp;DNF黑钻','话费网游,腾讯业务,DNF黑钻','90','0');
INSERT INTO `shopnc_goods_class_tag` (`gc_tag_id`,`gc_id_1`,`gc_id_2`,`gc_id_3`,`gc_tag_name`,`gc_tag_value`,`gc_id`,`type_id`) VALUES('261','10','50','91','话费网游&nbsp;&gt;&nbsp;腾讯业务&nbsp;&gt;&nbsp;CF会员','话费网游,腾讯业务,CF会员','91','0');
INSERT INTO `shopnc_goods_class_tag` (`gc_tag_id`,`gc_id_1`,`gc_id_2`,`gc_id_3`,`gc_tag_name`,`gc_tag_value`,`gc_id`,`type_id`) VALUES('262','10','50','92','话费网游&nbsp;&gt;&nbsp;腾讯业务&nbsp;&gt;&nbsp;音速紫钻','话费网游,腾讯业务,音速紫钻','92','0');
INSERT INTO `shopnc_goods_class_tag` (`gc_tag_id`,`gc_id_1`,`gc_id_2`,`gc_id_3`,`gc_tag_name`,`gc_tag_value`,`gc_id`,`type_id`) VALUES('263','11','319','322','票务旅游&nbsp;&gt;&nbsp;旅游&nbsp;&gt;&nbsp;国内机票','票务旅游,旅游,国内机票','322','0');
INSERT INTO `shopnc_goods_class_tag` (`gc_tag_id`,`gc_id_1`,`gc_id_2`,`gc_id_3`,`gc_tag_name`,`gc_tag_value`,`gc_id`,`type_id`) VALUES('264','11','319','323','票务旅游&nbsp;&gt;&nbsp;旅游&nbsp;&gt;&nbsp;国内酒店','票务旅游,旅游,国内酒店','323','0');
INSERT INTO `shopnc_goods_class_tag` (`gc_tag_id`,`gc_id_1`,`gc_id_2`,`gc_id_3`,`gc_tag_name`,`gc_tag_value`,`gc_id`,`type_id`) VALUES('265','11','319','324','票务旅游&nbsp;&gt;&nbsp;旅游&nbsp;&gt;&nbsp;酒店团购','票务旅游,旅游,酒店团购','324','0');
INSERT INTO `shopnc_goods_class_tag` (`gc_tag_id`,`gc_id_1`,`gc_id_2`,`gc_id_3`,`gc_tag_name`,`gc_tag_value`,`gc_id`,`type_id`) VALUES('266','11','320','331','票务旅游&nbsp;&gt;&nbsp;票务&nbsp;&gt;&nbsp;演出门票','票务旅游,票务,演出门票','331','0');
INSERT INTO `shopnc_goods_class_tag` (`gc_tag_id`,`gc_id_1`,`gc_id_2`,`gc_id_3`,`gc_tag_name`,`gc_tag_value`,`gc_id`,`type_id`) VALUES('267','11','320','332','票务旅游&nbsp;&gt;&nbsp;票务&nbsp;&gt;&nbsp;话剧歌剧','票务旅游,票务,话剧歌剧','332','0');
INSERT INTO `shopnc_goods_class_tag` (`gc_tag_id`,`gc_id_1`,`gc_id_2`,`gc_id_3`,`gc_tag_name`,`gc_tag_value`,`gc_id`,`type_id`) VALUES('268','11','320','333','票务旅游&nbsp;&gt;&nbsp;票务&nbsp;&gt;&nbsp;演唱会','票务旅游,票务,演唱会','333','0');
INSERT INTO `shopnc_goods_class_tag` (`gc_tag_id`,`gc_id_1`,`gc_id_2`,`gc_id_3`,`gc_tag_name`,`gc_tag_value`,`gc_id`,`type_id`) VALUES('269','11','320','334','票务旅游&nbsp;&gt;&nbsp;票务&nbsp;&gt;&nbsp;音乐会','票务旅游,票务,音乐会','334','0');
INSERT INTO `shopnc_goods_class_tag` (`gc_tag_id`,`gc_id_1`,`gc_id_2`,`gc_id_3`,`gc_tag_name`,`gc_tag_value`,`gc_id`,`type_id`) VALUES('270','11','320','335','票务旅游&nbsp;&gt;&nbsp;票务&nbsp;&gt;&nbsp;景区门票','票务旅游,票务,景区门票','335','0');
INSERT INTO `shopnc_goods_class_tag` (`gc_tag_id`,`gc_id_1`,`gc_id_2`,`gc_id_3`,`gc_tag_name`,`gc_tag_value`,`gc_id`,`type_id`) VALUES('271','11','320','336','票务旅游&nbsp;&gt;&nbsp;票务&nbsp;&gt;&nbsp;温泉','票务旅游,票务,温泉','336','0');
INSERT INTO `shopnc_goods_class_tag` (`gc_tag_id`,`gc_id_1`,`gc_id_2`,`gc_id_3`,`gc_tag_name`,`gc_tag_value`,`gc_id`,`type_id`) VALUES('272','11','320','337','票务旅游&nbsp;&gt;&nbsp;票务&nbsp;&gt;&nbsp;主题乐园','票务旅游,票务,主题乐园','337','0');
INSERT INTO `shopnc_goods_class_tag` (`gc_tag_id`,`gc_id_1`,`gc_id_2`,`gc_id_3`,`gc_tag_name`,`gc_tag_value`,`gc_id`,`type_id`) VALUES('273','11','320','338','票务旅游&nbsp;&gt;&nbsp;票务&nbsp;&gt;&nbsp;四折电影票','票务旅游,票务,四折电影票','338','0');
INSERT INTO `shopnc_goods_class_tag` (`gc_tag_id`,`gc_id_1`,`gc_id_2`,`gc_id_3`,`gc_tag_name`,`gc_tag_value`,`gc_id`,`type_id`) VALUES('274','11','320','339','票务旅游&nbsp;&gt;&nbsp;票务&nbsp;&gt;&nbsp;折扣活动','票务旅游,票务,折扣活动','339','0');
INSERT INTO `shopnc_goods_class_tag` (`gc_tag_id`,`gc_id_1`,`gc_id_2`,`gc_id_3`,`gc_tag_name`,`gc_tag_value`,`gc_id`,`type_id`) VALUES('275','11','320','340','票务旅游&nbsp;&gt;&nbsp;票务&nbsp;&gt;&nbsp;免费抢票','票务旅游,票务,免费抢票','340','0');
INSERT INTO `shopnc_goods_class_tag` (`gc_tag_id`,`gc_id_1`,`gc_id_2`,`gc_id_3`,`gc_tag_name`,`gc_tag_value`,`gc_id`,`type_id`) VALUES('276','11','321','325','票务旅游&nbsp;&gt;&nbsp;保险&nbsp;&gt;&nbsp;旅行意外险','票务旅游,保险,旅行意外险','325','0');
INSERT INTO `shopnc_goods_class_tag` (`gc_tag_id`,`gc_id_1`,`gc_id_2`,`gc_id_3`,`gc_tag_name`,`gc_tag_value`,`gc_id`,`type_id`) VALUES('277','11','321','326','票务旅游&nbsp;&gt;&nbsp;保险&nbsp;&gt;&nbsp;自驾意外险','票务旅游,保险,自驾意外险','326','0');
INSERT INTO `shopnc_goods_class_tag` (`gc_tag_id`,`gc_id_1`,`gc_id_2`,`gc_id_3`,`gc_tag_name`,`gc_tag_value`,`gc_id`,`type_id`) VALUES('278','11','321','327','票务旅游&nbsp;&gt;&nbsp;保险&nbsp;&gt;&nbsp;家庭财产险','票务旅游,保险,家庭财产险','327','0');
INSERT INTO `shopnc_goods_class_tag` (`gc_tag_id`,`gc_id_1`,`gc_id_2`,`gc_id_3`,`gc_tag_name`,`gc_tag_value`,`gc_id`,`type_id`) VALUES('279','11','321','328','票务旅游&nbsp;&gt;&nbsp;保险&nbsp;&gt;&nbsp;老人骨折险','票务旅游,保险,老人骨折险','328','0');
INSERT INTO `shopnc_goods_class_tag` (`gc_tag_id`,`gc_id_1`,`gc_id_2`,`gc_id_3`,`gc_tag_name`,`gc_tag_value`,`gc_id`,`type_id`) VALUES('280','11','321','329','票务旅游&nbsp;&gt;&nbsp;保险&nbsp;&gt;&nbsp;家财火宅险','票务旅游,保险,家财火宅险','329','0');
INSERT INTO `shopnc_goods_class_tag` (`gc_tag_id`,`gc_id_1`,`gc_id_2`,`gc_id_3`,`gc_tag_name`,`gc_tag_value`,`gc_id`,`type_id`) VALUES('281','11','321','330','票务旅游&nbsp;&gt;&nbsp;保险&nbsp;&gt;&nbsp;车险','票务旅游,保险,车险','330','0');
INSERT INTO `shopnc_goods_group` (`group_id`,`group_name`,`template_id`,`template_name`,`group_help`,`start_time`,`end_time`,`goods_id`,`goods_name`,`store_id`,`store_name`,`spec_price`,`goods_price`,`groupbuy_price`,`limit_type`,`virtual_quantity`,`buyer_count`,`def_quantity`,`min_quantity`,`sale_quantity`,`max_num`,`group_intro`,`state`,`recommended`,`published`,`views`,`cancel_intro`,`class_id`,`area_id`,`group_pic`,`rebate`,`remark`) VALUES('1','【爆款团购】A团金士顿TF 8G卡B团16G TF卡C团8G','1','2012-2',NULL,'1333123200','1356883200','83','金士顿TF 8G卡','2','极限运动基地','','119.00','69.00','0','0','0','0','1','0','100','<img src="upload/store/goods/2/e99e2e310263c5a3190926bff38ad416.jpg_max.jpg" />','3','1','0','1',NULL,'2','1','b9b56b145b4a2a2c8b6ecaf382a30e9e.jpg_small.jpg','5.80','');
INSERT INTO `shopnc_goods_group` (`group_id`,`group_name`,`template_id`,`template_name`,`group_help`,`start_time`,`end_time`,`goods_id`,`goods_name`,`store_id`,`store_name`,`spec_price`,`goods_price`,`groupbuy_price`,`limit_type`,`virtual_quantity`,`buyer_count`,`def_quantity`,`min_quantity`,`sale_quantity`,`max_num`,`group_intro`,`state`,`recommended`,`published`,`views`,`cancel_intro`,`class_id`,`area_id`,`group_pic`,`rebate`,`remark`) VALUES('2','新款鳄鱼恤男式钱包 进口二层牛皮男皮夹钱包','1','2012-2',NULL,'1333123200','1356883200','84','新款鳄鱼恤男式钱包 进口二层牛皮男皮夹钱包','2','极限运动基地','','298.00','69.00','0','0','0','0','1','0','200','<img src="upload/store/goods/2/4b31a940c3acd55c40658565fb08c0ad.jpg_max.jpg" />','3','0','0','0',NULL,'0','0','176ef2fe9f642f292cd1f03fa12ad814.jpg_small.jpg','2.32','');

INSERT INTO `shopnc_goods_spec` (`spec_id`,`goods_id`,`spec_name`,`spec_goods_price`,`spec_goods_storage`,`spec_salenum`,`spec_goods_color`,`spec_goods_serial`,`spec_goods_spec`) VALUES('1','1','','4999.00','20','0','','YWUHJH','');
INSERT INTO `shopnc_goods_spec` (`spec_id`,`goods_id`,`spec_name`,`spec_goods_price`,`spec_goods_storage`,`spec_salenum`,`spec_goods_color`,`spec_goods_serial`,`spec_goods_spec`) VALUES('4','3','','5999.00','20','0','','HSJAAA','');
INSERT INTO `shopnc_goods_spec` (`spec_id`,`goods_id`,`spec_name`,`spec_goods_price`,`spec_goods_storage`,`spec_salenum`,`spec_goods_color`,`spec_goods_serial`,`spec_goods_spec`) VALUES('5','4','','3999.00','20','0','','HHSYA','');
INSERT INTO `shopnc_goods_spec` (`spec_id`,`goods_id`,`spec_name`,`spec_goods_price`,`spec_goods_storage`,`spec_salenum`,`spec_goods_color`,`spec_goods_serial`,`spec_goods_spec`) VALUES('6','5','','4999.00','20','0','','HHHHS','');
INSERT INTO `shopnc_goods_spec` (`spec_id`,`goods_id`,`spec_name`,`spec_goods_price`,`spec_goods_storage`,`spec_salenum`,`spec_goods_color`,`spec_goods_serial`,`spec_goods_spec`) VALUES('7','6','','5299.00','20','0','','HGDHG','');
INSERT INTO `shopnc_goods_spec` (`spec_id`,`goods_id`,`spec_name`,`spec_goods_price`,`spec_goods_storage`,`spec_salenum`,`spec_goods_color`,`spec_goods_serial`,`spec_goods_spec`) VALUES('8','7','','6999.00','20','0','','JJHHJ','');
INSERT INTO `shopnc_goods_spec` (`spec_id`,`goods_id`,`spec_name`,`spec_goods_price`,`spec_goods_storage`,`spec_salenum`,`spec_goods_color`,`spec_goods_serial`,`spec_goods_spec`) VALUES('9','8','','8999.00','20','0','','TYWGH','');
INSERT INTO `shopnc_goods_spec` (`spec_id`,`goods_id`,`spec_name`,`spec_goods_price`,`spec_goods_storage`,`spec_salenum`,`spec_goods_color`,`spec_goods_serial`,`spec_goods_spec`) VALUES('10','9','','12066.00','20','0','','GHUGDD','');
INSERT INTO `shopnc_goods_spec` (`spec_id`,`goods_id`,`spec_name`,`spec_goods_price`,`spec_goods_storage`,`spec_salenum`,`spec_goods_color`,`spec_goods_serial`,`spec_goods_spec`) VALUES('11','10','','8688.00','20','0','','JHJHJ','');
INSERT INTO `shopnc_goods_spec` (`spec_id`,`goods_id`,`spec_name`,`spec_goods_price`,`spec_goods_storage`,`spec_salenum`,`spec_goods_color`,`spec_goods_serial`,`spec_goods_spec`) VALUES('12','11','','55728.00','20','0','','HJHJJ','');
INSERT INTO `shopnc_goods_spec` (`spec_id`,`goods_id`,`spec_name`,`spec_goods_price`,`spec_goods_storage`,`spec_salenum`,`spec_goods_color`,`spec_goods_serial`,`spec_goods_spec`) VALUES('173','2','a:2:{i:1;s:6:"颜色";i:2;s:6:"尺码";}','600.00','5','0','','shopnc0030001','a:2:{i:1;s:6:"白色";i:15;s:1:"S";}');
INSERT INTO `shopnc_goods_spec` (`spec_id`,`goods_id`,`spec_name`,`spec_goods_price`,`spec_goods_storage`,`spec_salenum`,`spec_goods_color`,`spec_goods_serial`,`spec_goods_spec`) VALUES('15','13','','166.00','20','0','','','');
INSERT INTO `shopnc_goods_spec` (`spec_id`,`goods_id`,`spec_name`,`spec_goods_price`,`spec_goods_storage`,`spec_salenum`,`spec_goods_color`,`spec_goods_serial`,`spec_goods_spec`) VALUES('16','14','','56.00','20','0','','','');
INSERT INTO `shopnc_goods_spec` (`spec_id`,`goods_id`,`spec_name`,`spec_goods_price`,`spec_goods_storage`,`spec_salenum`,`spec_goods_color`,`spec_goods_serial`,`spec_goods_spec`) VALUES('17','15','','23.00','20','0','','','');
INSERT INTO `shopnc_goods_spec` (`spec_id`,`goods_id`,`spec_name`,`spec_goods_price`,`spec_goods_storage`,`spec_salenum`,`spec_goods_color`,`spec_goods_serial`,`spec_goods_spec`) VALUES('167','12','a:2:{i:1;s:6:"颜色";i:2;s:6:"尺码";}','439.00','5','0','','shopnc0020001','a:2:{i:1;s:6:"白色";i:15;s:1:"S";}');
INSERT INTO `shopnc_goods_spec` (`spec_id`,`goods_id`,`spec_name`,`spec_goods_price`,`spec_goods_storage`,`spec_salenum`,`spec_goods_color`,`spec_goods_serial`,`spec_goods_spec`) VALUES('20','17','','78.00','20','0','','','');
INSERT INTO `shopnc_goods_spec` (`spec_id`,`goods_id`,`spec_name`,`spec_goods_price`,`spec_goods_storage`,`spec_salenum`,`spec_goods_color`,`spec_goods_serial`,`spec_goods_spec`) VALUES('21','18','','65.00','20','0','','','');
INSERT INTO `shopnc_goods_spec` (`spec_id`,`goods_id`,`spec_name`,`spec_goods_price`,`spec_goods_storage`,`spec_salenum`,`spec_goods_color`,`spec_goods_serial`,`spec_goods_spec`) VALUES('161','16','a:2:{i:1;s:6:"颜色";i:2;s:6:"尺码";}','299.00','8','0','','shopnc0010001','a:2:{i:1;s:6:"白色";i:15;s:1:"S";}');
INSERT INTO `shopnc_goods_spec` (`spec_id`,`goods_id`,`spec_name`,`spec_goods_price`,`spec_goods_storage`,`spec_salenum`,`spec_goods_color`,`spec_goods_serial`,`spec_goods_spec`) VALUES('57','52','','99.00','100','0','','HJKJ1','');
INSERT INTO `shopnc_goods_spec` (`spec_id`,`goods_id`,`spec_name`,`spec_goods_price`,`spec_goods_storage`,`spec_salenum`,`spec_goods_color`,`spec_goods_serial`,`spec_goods_spec`) VALUES('152','19','a:2:{i:1;s:6:"颜色";i:2;s:6:"尺码";}','300.00','5','0','','shopnc07001','a:2:{i:8;s:6:"褐色";i:15;s:1:"S";}');
INSERT INTO `shopnc_goods_spec` (`spec_id`,`goods_id`,`spec_name`,`spec_goods_price`,`spec_goods_storage`,`spec_salenum`,`spec_goods_color`,`spec_goods_serial`,`spec_goods_spec`) VALUES('149','21','a:2:{i:1;s:6:"颜色";i:2;s:6:"尺码";}','300.00','7','0','','shopnc06001','a:2:{i:2;s:6:"黑色";i:15;s:1:"S";}');
INSERT INTO `shopnc_goods_spec` (`spec_id`,`goods_id`,`spec_name`,`spec_goods_price`,`spec_goods_storage`,`spec_salenum`,`spec_goods_color`,`spec_goods_serial`,`spec_goods_spec`) VALUES('27','23','','40.00','20','0','','','');
INSERT INTO `shopnc_goods_spec` (`spec_id`,`goods_id`,`spec_name`,`spec_goods_price`,`spec_goods_storage`,`spec_salenum`,`spec_goods_color`,`spec_goods_serial`,`spec_goods_spec`) VALUES('147','22','a:2:{i:1;s:6:"颜色";i:2;s:6:"尺码";}','398.00','9','0','','shopnc05001','a:2:{i:1;s:6:"白色";i:22;s:6:"均码";}');
INSERT INTO `shopnc_goods_spec` (`spec_id`,`goods_id`,`spec_name`,`spec_goods_price`,`spec_goods_storage`,`spec_salenum`,`spec_goods_color`,`spec_goods_serial`,`spec_goods_spec`) VALUES('135','36','a:2:{i:3;s:6:"鞋码";i:1;s:6:"颜色";}','268.00','10','0','','shopnc0060001','a:2:{i:24;s:2:"36";i:4;s:6:"红色";}');
INSERT INTO `shopnc_goods_spec` (`spec_id`,`goods_id`,`spec_name`,`spec_goods_price`,`spec_goods_storage`,`spec_salenum`,`spec_goods_color`,`spec_goods_serial`,`spec_goods_spec`) VALUES('30','26','','99.00','20','0','','','');
INSERT INTO `shopnc_goods_spec` (`spec_id`,`goods_id`,`spec_name`,`spec_goods_price`,`spec_goods_storage`,`spec_salenum`,`spec_goods_color`,`spec_goods_serial`,`spec_goods_spec`) VALUES('116','78','a:1:{i:1;s:6:"颜色";}','107.00','100','0','','','a:1:{i:4;s:6:"红色";}');
INSERT INTO `shopnc_goods_spec` (`spec_id`,`goods_id`,`spec_name`,`spec_goods_price`,`spec_goods_storage`,`spec_salenum`,`spec_goods_color`,`spec_goods_serial`,`spec_goods_spec`) VALUES('109','35','a:1:{i:1;s:6:"颜色";}','46.00','100','0','','','a:1:{i:4;s:6:"红色";}');
INSERT INTO `shopnc_goods_spec` (`spec_id`,`goods_id`,`spec_name`,`spec_goods_price`,`spec_goods_storage`,`spec_salenum`,`spec_goods_color`,`spec_goods_serial`,`spec_goods_spec`) VALUES('33','29','','99.00','20','0','','','');
INSERT INTO `shopnc_goods_spec` (`spec_id`,`goods_id`,`spec_name`,`spec_goods_price`,`spec_goods_storage`,`spec_salenum`,`spec_goods_color`,`spec_goods_serial`,`spec_goods_spec`) VALUES('34','30','','1.00','20','0','','','');
INSERT INTO `shopnc_goods_spec` (`spec_id`,`goods_id`,`spec_name`,`spec_goods_price`,`spec_goods_storage`,`spec_salenum`,`spec_goods_color`,`spec_goods_serial`,`spec_goods_spec`) VALUES('144','24','a:2:{i:1;s:6:"颜色";i:2;s:6:"尺码";}','133.00','6','0','','shopnc04001','a:2:{i:11;s:6:"桔色";i:15;s:1:"S";}');
INSERT INTO `shopnc_goods_spec` (`spec_id`,`goods_id`,`spec_name`,`spec_goods_price`,`spec_goods_storage`,`spec_salenum`,`spec_goods_color`,`spec_goods_serial`,`spec_goods_spec`) VALUES('37','32','','179.00','10','0','','','');
INSERT INTO `shopnc_goods_spec` (`spec_id`,`goods_id`,`spec_name`,`spec_goods_price`,`spec_goods_storage`,`spec_salenum`,`spec_goods_color`,`spec_goods_serial`,`spec_goods_spec`) VALUES('38','33','','45.00','20','0','','','');
INSERT INTO `shopnc_goods_spec` (`spec_id`,`goods_id`,`spec_name`,`spec_goods_price`,`spec_goods_storage`,`spec_salenum`,`spec_goods_color`,`spec_goods_serial`,`spec_goods_spec`) VALUES('39','34','','151.00','100','0','','','');
INSERT INTO `shopnc_goods_spec` (`spec_id`,`goods_id`,`spec_name`,`spec_goods_price`,`spec_goods_storage`,`spec_salenum`,`spec_goods_color`,`spec_goods_serial`,`spec_goods_spec`) VALUES('110','27','a:2:{i:1;s:6:"颜色";i:2;s:6:"尺码";}','798.00','1','0','','shopnc00211','a:2:{i:3;s:6:"紫色";i:16;s:1:"M";}');
INSERT INTO `shopnc_goods_spec` (`spec_id`,`goods_id`,`spec_name`,`spec_goods_price`,`spec_goods_storage`,`spec_salenum`,`spec_goods_color`,`spec_goods_serial`,`spec_goods_spec`) VALUES('140','31','a:2:{i:3;s:6:"鞋码";i:1;s:6:"颜色";}','249.00','10','0','','','a:2:{i:23;s:2:"35";i:7;s:6:"蓝色";}');
INSERT INTO `shopnc_goods_spec` (`spec_id`,`goods_id`,`spec_name`,`spec_goods_price`,`spec_goods_storage`,`spec_salenum`,`spec_goods_color`,`spec_goods_serial`,`spec_goods_spec`) VALUES('42','37','','99.00','100','0','','JHYUGG','');
INSERT INTO `shopnc_goods_spec` (`spec_id`,`goods_id`,`spec_name`,`spec_goods_price`,`spec_goods_storage`,`spec_salenum`,`spec_goods_color`,`spec_goods_serial`,`spec_goods_spec`) VALUES('43','38','','119.00','100','0','','HJHJK','');
INSERT INTO `shopnc_goods_spec` (`spec_id`,`goods_id`,`spec_name`,`spec_goods_price`,`spec_goods_storage`,`spec_salenum`,`spec_goods_color`,`spec_goods_serial`,`spec_goods_spec`) VALUES('44','39','','84.00','100','0','','HHKKK1','');
INSERT INTO `shopnc_goods_spec` (`spec_id`,`goods_id`,`spec_name`,`spec_goods_price`,`spec_goods_storage`,`spec_salenum`,`spec_goods_color`,`spec_goods_serial`,`spec_goods_spec`) VALUES('45','40','','138.00','100','0','','JKHJHJ','');
INSERT INTO `shopnc_goods_spec` (`spec_id`,`goods_id`,`spec_name`,`spec_goods_price`,`spec_goods_storage`,`spec_salenum`,`spec_goods_color`,`spec_goods_serial`,`spec_goods_spec`) VALUES('46','41','','358.00','100','0','','JKLKJ2','');
INSERT INTO `shopnc_goods_spec` (`spec_id`,`goods_id`,`spec_name`,`spec_goods_price`,`spec_goods_storage`,`spec_salenum`,`spec_goods_color`,`spec_goods_serial`,`spec_goods_spec`) VALUES('47','42','','47.00','100','0','','','');
INSERT INTO `shopnc_goods_spec` (`spec_id`,`goods_id`,`spec_name`,`spec_goods_price`,`spec_goods_storage`,`spec_salenum`,`spec_goods_color`,`spec_goods_serial`,`spec_goods_spec`) VALUES('48','43','','114.00','100','0','','JKUIHJH','');
INSERT INTO `shopnc_goods_spec` (`spec_id`,`goods_id`,`spec_name`,`spec_goods_price`,`spec_goods_storage`,`spec_salenum`,`spec_goods_color`,`spec_goods_serial`,`spec_goods_spec`) VALUES('49','44','','32.00','100','0','','MJHGGJ','');
INSERT INTO `shopnc_goods_spec` (`spec_id`,`goods_id`,`spec_name`,`spec_goods_price`,`spec_goods_storage`,`spec_salenum`,`spec_goods_color`,`spec_goods_serial`,`spec_goods_spec`) VALUES('50','45','','45.00','20','0','','SJHJA','');
INSERT INTO `shopnc_goods_spec` (`spec_id`,`goods_id`,`spec_name`,`spec_goods_price`,`spec_goods_storage`,`spec_salenum`,`spec_goods_color`,`spec_goods_serial`,`spec_goods_spec`) VALUES('51','46','','66.00','20','0','','DJDJKA','');
INSERT INTO `shopnc_goods_spec` (`spec_id`,`goods_id`,`spec_name`,`spec_goods_price`,`spec_goods_storage`,`spec_salenum`,`spec_goods_color`,`spec_goods_serial`,`spec_goods_spec`) VALUES('52','47','','74.00','100','0','','MJJHJJ','');
INSERT INTO `shopnc_goods_spec` (`spec_id`,`goods_id`,`spec_name`,`spec_goods_price`,`spec_goods_storage`,`spec_salenum`,`spec_goods_color`,`spec_goods_serial`,`spec_goods_spec`) VALUES('53','48','','30.00','20','0','','SHJHJ','');
INSERT INTO `shopnc_goods_spec` (`spec_id`,`goods_id`,`spec_name`,`spec_goods_price`,`spec_goods_storage`,`spec_salenum`,`spec_goods_color`,`spec_goods_serial`,`spec_goods_spec`) VALUES('54','49','','8.00','50','0','','NMMNA','');
INSERT INTO `shopnc_goods_spec` (`spec_id`,`goods_id`,`spec_name`,`spec_goods_price`,`spec_goods_storage`,`spec_salenum`,`spec_goods_color`,`spec_goods_serial`,`spec_goods_spec`) VALUES('55','50','','156.00','20','0','','FDHJS','');
INSERT INTO `shopnc_goods_spec` (`spec_id`,`goods_id`,`spec_name`,`spec_goods_price`,`spec_goods_storage`,`spec_salenum`,`spec_goods_color`,`spec_goods_serial`,`spec_goods_spec`) VALUES('56','51','','20.00','20','0','','WGHJHJ','');
INSERT INTO `shopnc_goods_spec` (`spec_id`,`goods_id`,`spec_name`,`spec_goods_price`,`spec_goods_storage`,`spec_salenum`,`spec_goods_color`,`spec_goods_serial`,`spec_goods_spec`) VALUES('58','53','','9.00','20','0','','HJDHJ','');
INSERT INTO `shopnc_goods_spec` (`spec_id`,`goods_id`,`spec_name`,`spec_goods_price`,`spec_goods_storage`,`spec_salenum`,`spec_goods_color`,`spec_goods_serial`,`spec_goods_spec`) VALUES('59','54','','46.00','20','0','','SGHJHS','');
INSERT INTO `shopnc_goods_spec` (`spec_id`,`goods_id`,`spec_name`,`spec_goods_price`,`spec_goods_storage`,`spec_salenum`,`spec_goods_color`,`spec_goods_serial`,`spec_goods_spec`) VALUES('60','55','','99.00','100','0','','','');
INSERT INTO `shopnc_goods_spec` (`spec_id`,`goods_id`,`spec_name`,`spec_goods_price`,`spec_goods_storage`,`spec_salenum`,`spec_goods_color`,`spec_goods_serial`,`spec_goods_spec`) VALUES('61','56','','78.00','20','0','','QHJDGH','');
INSERT INTO `shopnc_goods_spec` (`spec_id`,`goods_id`,`spec_name`,`spec_goods_price`,`spec_goods_storage`,`spec_salenum`,`spec_goods_color`,`spec_goods_serial`,`spec_goods_spec`) VALUES('62','57','','18.00','20','0','','YSHJSS','');
INSERT INTO `shopnc_goods_spec` (`spec_id`,`goods_id`,`spec_name`,`spec_goods_price`,`spec_goods_storage`,`spec_salenum`,`spec_goods_color`,`spec_goods_serial`,`spec_goods_spec`) VALUES('63','58','','99.00','100','0','','HKJK','');
INSERT INTO `shopnc_goods_spec` (`spec_id`,`goods_id`,`spec_name`,`spec_goods_price`,`spec_goods_storage`,`spec_salenum`,`spec_goods_color`,`spec_goods_serial`,`spec_goods_spec`) VALUES('64','59','','22.00','20','0','','HJSHJS','');
INSERT INTO `shopnc_goods_spec` (`spec_id`,`goods_id`,`spec_name`,`spec_goods_price`,`spec_goods_storage`,`spec_salenum`,`spec_goods_color`,`spec_goods_serial`,`spec_goods_spec`) VALUES('65','60','','99.00','100','0','','','');
INSERT INTO `shopnc_goods_spec` (`spec_id`,`goods_id`,`spec_name`,`spec_goods_price`,`spec_goods_storage`,`spec_salenum`,`spec_goods_color`,`spec_goods_serial`,`spec_goods_spec`) VALUES('66','61','','169.00','100','0','','','');
INSERT INTO `shopnc_goods_spec` (`spec_id`,`goods_id`,`spec_name`,`spec_goods_price`,`spec_goods_storage`,`spec_salenum`,`spec_goods_color`,`spec_goods_serial`,`spec_goods_spec`) VALUES('67','62','','99.00','100','0','','','');
INSERT INTO `shopnc_goods_spec` (`spec_id`,`goods_id`,`spec_name`,`spec_goods_price`,`spec_goods_storage`,`spec_salenum`,`spec_goods_color`,`spec_goods_serial`,`spec_goods_spec`) VALUES('68','63','','80.00','100','0','','','');
INSERT INTO `shopnc_goods_spec` (`spec_id`,`goods_id`,`spec_name`,`spec_goods_price`,`spec_goods_storage`,`spec_salenum`,`spec_goods_color`,`spec_goods_serial`,`spec_goods_spec`) VALUES('71','65','','3.00','20','0','','','');
INSERT INTO `shopnc_goods_spec` (`spec_id`,`goods_id`,`spec_name`,`spec_goods_price`,`spec_goods_storage`,`spec_salenum`,`spec_goods_color`,`spec_goods_serial`,`spec_goods_spec`) VALUES('180','83','N;','99.00','100','0','','','N;');
INSERT INTO `shopnc_goods_spec` (`spec_id`,`goods_id`,`spec_name`,`spec_goods_price`,`spec_goods_storage`,`spec_salenum`,`spec_goods_color`,`spec_goods_serial`,`spec_goods_spec`) VALUES('74','67','','18.00','20','0','','','');
INSERT INTO `shopnc_goods_spec` (`spec_id`,`goods_id`,`spec_name`,`spec_goods_price`,`spec_goods_storage`,`spec_salenum`,`spec_goods_color`,`spec_goods_serial`,`spec_goods_spec`) VALUES('75','68','','36.00','20','0','','','');
INSERT INTO `shopnc_goods_spec` (`spec_id`,`goods_id`,`spec_name`,`spec_goods_price`,`spec_goods_storage`,`spec_salenum`,`spec_goods_color`,`spec_goods_serial`,`spec_goods_spec`) VALUES('76','69','','22.80','20','0','','','');
INSERT INTO `shopnc_goods_spec` (`spec_id`,`goods_id`,`spec_name`,`spec_goods_price`,`spec_goods_storage`,`spec_salenum`,`spec_goods_color`,`spec_goods_serial`,`spec_goods_spec`) VALUES('129','25','a:2:{i:1;s:6:"颜色";i:2;s:6:"尺码";}','348.00','1','0','','shopnc03001','a:2:{i:2;s:6:"黑色";i:17;s:1:"L";}');
INSERT INTO `shopnc_goods_spec` (`spec_id`,`goods_id`,`spec_name`,`spec_goods_price`,`spec_goods_storage`,`spec_salenum`,`spec_goods_color`,`spec_goods_serial`,`spec_goods_spec`) VALUES('78','71','','39.00','20','0','','','');
INSERT INTO `shopnc_goods_spec` (`spec_id`,`goods_id`,`spec_name`,`spec_goods_price`,`spec_goods_storage`,`spec_salenum`,`spec_goods_color`,`spec_goods_serial`,`spec_goods_spec`) VALUES('184','84','a:1:{i:1;s:6:"颜色";}','198.00','100','0','','','a:1:{i:2;s:6:"黑色";}');
INSERT INTO `shopnc_goods_spec` (`spec_id`,`goods_id`,`spec_name`,`spec_goods_price`,`spec_goods_storage`,`spec_salenum`,`spec_goods_color`,`spec_goods_serial`,`spec_goods_spec`) VALUES('80','73','','29.00','20','0','','','');
INSERT INTO `shopnc_goods_spec` (`spec_id`,`goods_id`,`spec_name`,`spec_goods_price`,`spec_goods_storage`,`spec_salenum`,`spec_goods_color`,`spec_goods_serial`,`spec_goods_spec`) VALUES('81','74','','88.00','20','0','','','');
INSERT INTO `shopnc_goods_spec` (`spec_id`,`goods_id`,`spec_name`,`spec_goods_price`,`spec_goods_storage`,`spec_salenum`,`spec_goods_color`,`spec_goods_serial`,`spec_goods_spec`) VALUES('82','75','','140.00','20','0','','','');
INSERT INTO `shopnc_goods_spec` (`spec_id`,`goods_id`,`spec_name`,`spec_goods_price`,`spec_goods_storage`,`spec_salenum`,`spec_goods_color`,`spec_goods_serial`,`spec_goods_spec`) VALUES('83','76','','68.00','20','0','','','');
INSERT INTO `shopnc_goods_spec` (`spec_id`,`goods_id`,`spec_name`,`spec_goods_price`,`spec_goods_storage`,`spec_salenum`,`spec_goods_color`,`spec_goods_serial`,`spec_goods_spec`) VALUES('84','77','','148.00','20','0','','','');
INSERT INTO `shopnc_goods_spec` (`spec_id`,`goods_id`,`spec_name`,`spec_goods_price`,`spec_goods_storage`,`spec_salenum`,`spec_goods_color`,`spec_goods_serial`,`spec_goods_spec`) VALUES('118','70','a:2:{i:3;s:6:"鞋码";i:1;s:6:"颜色";}','519.00','10','0','','','a:2:{i:34;s:2:"46";i:1;s:6:"白色";}');
INSERT INTO `shopnc_goods_spec` (`spec_id`,`goods_id`,`spec_name`,`spec_goods_price`,`spec_goods_storage`,`spec_salenum`,`spec_goods_color`,`spec_goods_serial`,`spec_goods_spec`) VALUES('98','79','a:1:{i:1;s:6:"颜色";}','100.00','100','0','','','a:1:{i:2;s:6:"黑色";}');
INSERT INTO `shopnc_goods_spec` (`spec_id`,`goods_id`,`spec_name`,`spec_goods_price`,`spec_goods_storage`,`spec_salenum`,`spec_goods_color`,`spec_goods_serial`,`spec_goods_spec`) VALUES('96','80','a:1:{i:1;s:6:"颜色";}','298.00','100','0','','','a:1:{i:4;s:6:"红色";}');
INSERT INTO `shopnc_goods_spec` (`spec_id`,`goods_id`,`spec_name`,`spec_goods_price`,`spec_goods_storage`,`spec_salenum`,`spec_goods_color`,`spec_goods_serial`,`spec_goods_spec`) VALUES('94','81','a:1:{i:1;s:6:"颜色";}','178.00','100','0','','','a:1:{i:2;s:6:"黑色";}');
INSERT INTO `shopnc_goods_spec` (`spec_id`,`goods_id`,`spec_name`,`spec_goods_price`,`spec_goods_storage`,`spec_salenum`,`spec_goods_color`,`spec_goods_serial`,`spec_goods_spec`) VALUES('91','82','a:1:{i:1;s:6:"颜色";}','269.00','100','0','','','a:1:{i:1;s:6:"白色";}');
INSERT INTO `shopnc_goods_spec` (`spec_id`,`goods_id`,`spec_name`,`spec_goods_price`,`spec_goods_storage`,`spec_salenum`,`spec_goods_color`,`spec_goods_serial`,`spec_goods_spec`) VALUES('92','82','a:1:{i:1;s:6:"颜色";}','269.00','100','0','','','a:1:{i:4;s:6:"红色";}');
INSERT INTO `shopnc_goods_spec` (`spec_id`,`goods_id`,`spec_name`,`spec_goods_price`,`spec_goods_storage`,`spec_salenum`,`spec_goods_color`,`spec_goods_serial`,`spec_goods_spec`) VALUES('93','82','a:1:{i:1;s:6:"颜色";}','269.00','100','0','','','a:1:{i:7;s:6:"蓝色";}');
INSERT INTO `shopnc_goods_spec` (`spec_id`,`goods_id`,`spec_name`,`spec_goods_price`,`spec_goods_storage`,`spec_salenum`,`spec_goods_color`,`spec_goods_serial`,`spec_goods_spec`) VALUES('95','81','a:1:{i:1;s:6:"颜色";}','178.00','100','0','','','a:1:{i:3;s:6:"紫色";}');
INSERT INTO `shopnc_goods_spec` (`spec_id`,`goods_id`,`spec_name`,`spec_goods_price`,`spec_goods_storage`,`spec_salenum`,`spec_goods_color`,`spec_goods_serial`,`spec_goods_spec`) VALUES('97','80','a:1:{i:1;s:6:"颜色";}','310.00','100','0','','','a:1:{i:8;s:6:"褐色";}');
INSERT INTO `shopnc_goods_spec` (`spec_id`,`goods_id`,`spec_name`,`spec_goods_price`,`spec_goods_storage`,`spec_salenum`,`spec_goods_color`,`spec_goods_serial`,`spec_goods_spec`) VALUES('99','79','a:1:{i:1;s:6:"颜色";}','100.00','100','0','','','a:1:{i:10;s:6:"粉色";}');
INSERT INTO `shopnc_goods_spec` (`spec_id`,`goods_id`,`spec_name`,`spec_goods_price`,`spec_goods_storage`,`spec_salenum`,`spec_goods_color`,`spec_goods_serial`,`spec_goods_spec`) VALUES('100','28','a:2:{i:1;s:6:"颜色";i:2;s:6:"尺码";}','182.00','1','0','','shopnc00112','a:2:{i:9;s:6:"黄色";i:15;s:1:"S";}');
INSERT INTO `shopnc_goods_spec` (`spec_id`,`goods_id`,`spec_name`,`spec_goods_price`,`spec_goods_storage`,`spec_salenum`,`spec_goods_color`,`spec_goods_serial`,`spec_goods_spec`) VALUES('101','28','a:2:{i:1;s:6:"颜色";i:2;s:6:"尺码";}','182.00','2','0','','shopnc00113','a:2:{i:9;s:6:"黄色";i:16;s:1:"M";}');
INSERT INTO `shopnc_goods_spec` (`spec_id`,`goods_id`,`spec_name`,`spec_goods_price`,`spec_goods_storage`,`spec_salenum`,`spec_goods_color`,`spec_goods_serial`,`spec_goods_spec`) VALUES('102','28','a:2:{i:1;s:6:"颜色";i:2;s:6:"尺码";}','182.00','3','0','','shopnc00114','a:2:{i:9;s:6:"黄色";i:17;s:1:"L";}');
INSERT INTO `shopnc_goods_spec` (`spec_id`,`goods_id`,`spec_name`,`spec_goods_price`,`spec_goods_storage`,`spec_salenum`,`spec_goods_color`,`spec_goods_serial`,`spec_goods_spec`) VALUES('103','28','a:2:{i:1;s:6:"颜色";i:2;s:6:"尺码";}','182.00','4','0','','shopnc00115','a:2:{i:10;s:6:"粉色";i:15;s:1:"S";}');
INSERT INTO `shopnc_goods_spec` (`spec_id`,`goods_id`,`spec_name`,`spec_goods_price`,`spec_goods_storage`,`spec_salenum`,`spec_goods_color`,`spec_goods_serial`,`spec_goods_spec`) VALUES('104','28','a:2:{i:1;s:6:"颜色";i:2;s:6:"尺码";}','182.00','5','0','','shopnc00116','a:2:{i:10;s:6:"粉色";i:16;s:1:"M";}');
INSERT INTO `shopnc_goods_spec` (`spec_id`,`goods_id`,`spec_name`,`spec_goods_price`,`spec_goods_storage`,`spec_salenum`,`spec_goods_color`,`spec_goods_serial`,`spec_goods_spec`) VALUES('105','28','a:2:{i:1;s:6:"颜色";i:2;s:6:"尺码";}','182.00','6','0','','shopnc00117','a:2:{i:10;s:6:"粉色";i:17;s:1:"L";}');
INSERT INTO `shopnc_goods_spec` (`spec_id`,`goods_id`,`spec_name`,`spec_goods_price`,`spec_goods_storage`,`spec_salenum`,`spec_goods_color`,`spec_goods_serial`,`spec_goods_spec`) VALUES('106','28','a:2:{i:1;s:6:"颜色";i:2;s:6:"尺码";}','182.00','7','0','','shopnc00118','a:2:{i:11;s:6:"桔色";i:15;s:1:"S";}');
INSERT INTO `shopnc_goods_spec` (`spec_id`,`goods_id`,`spec_name`,`spec_goods_price`,`spec_goods_storage`,`spec_salenum`,`spec_goods_color`,`spec_goods_serial`,`spec_goods_spec`) VALUES('107','28','a:2:{i:1;s:6:"颜色";i:2;s:6:"尺码";}','182.00','8','0','','shopnc00119','a:2:{i:11;s:6:"桔色";i:16;s:1:"M";}');
INSERT INTO `shopnc_goods_spec` (`spec_id`,`goods_id`,`spec_name`,`spec_goods_price`,`spec_goods_storage`,`spec_salenum`,`spec_goods_color`,`spec_goods_serial`,`spec_goods_spec`) VALUES('108','28','a:2:{i:1;s:6:"颜色";i:2;s:6:"尺码";}','182.00','9','0','','shopnc00110','a:2:{i:11;s:6:"桔色";i:17;s:1:"L";}');
INSERT INTO `shopnc_goods_spec` (`spec_id`,`goods_id`,`spec_name`,`spec_goods_price`,`spec_goods_storage`,`spec_salenum`,`spec_goods_color`,`spec_goods_serial`,`spec_goods_spec`) VALUES('111','27','a:2:{i:1;s:6:"颜色";i:2;s:6:"尺码";}','798.00','2','0','','shopnc00212','a:2:{i:3;s:6:"紫色";i:17;s:1:"L";}');
INSERT INTO `shopnc_goods_spec` (`spec_id`,`goods_id`,`spec_name`,`spec_goods_price`,`spec_goods_storage`,`spec_salenum`,`spec_goods_color`,`spec_goods_serial`,`spec_goods_spec`) VALUES('112','27','a:2:{i:1;s:6:"颜色";i:2;s:6:"尺码";}','798.00','3','0','','shopnc00213','a:2:{i:4;s:6:"红色";i:16;s:1:"M";}');
INSERT INTO `shopnc_goods_spec` (`spec_id`,`goods_id`,`spec_name`,`spec_goods_price`,`spec_goods_storage`,`spec_salenum`,`spec_goods_color`,`spec_goods_serial`,`spec_goods_spec`) VALUES('113','27','a:2:{i:1;s:6:"颜色";i:2;s:6:"尺码";}','798.00','4','0','','shopnc00214','a:2:{i:4;s:6:"红色";i:17;s:1:"L";}');
INSERT INTO `shopnc_goods_spec` (`spec_id`,`goods_id`,`spec_name`,`spec_goods_price`,`spec_goods_storage`,`spec_salenum`,`spec_goods_color`,`spec_goods_serial`,`spec_goods_spec`) VALUES('114','27','a:2:{i:1;s:6:"颜色";i:2;s:6:"尺码";}','798.00','5','0','','shopnc00215','a:2:{i:8;s:6:"褐色";i:16;s:1:"M";}');
INSERT INTO `shopnc_goods_spec` (`spec_id`,`goods_id`,`spec_name`,`spec_goods_price`,`spec_goods_storage`,`spec_salenum`,`spec_goods_color`,`spec_goods_serial`,`spec_goods_spec`) VALUES('115','27','a:2:{i:1;s:6:"颜色";i:2;s:6:"尺码";}','798.00','6','0','','shopnc00216','a:2:{i:8;s:6:"褐色";i:17;s:1:"L";}');
INSERT INTO `shopnc_goods_spec` (`spec_id`,`goods_id`,`spec_name`,`spec_goods_price`,`spec_goods_storage`,`spec_salenum`,`spec_goods_color`,`spec_goods_serial`,`spec_goods_spec`) VALUES('117','78','a:1:{i:1;s:6:"颜色";}','100.00','80','0','','','a:1:{i:10;s:6:"粉色";}');
INSERT INTO `shopnc_goods_spec` (`spec_id`,`goods_id`,`spec_name`,`spec_goods_price`,`spec_goods_storage`,`spec_salenum`,`spec_goods_color`,`spec_goods_serial`,`spec_goods_spec`) VALUES('119','70','a:2:{i:3;s:6:"鞋码";i:1;s:6:"颜色";}','519.00','5','0','','','a:2:{i:24;s:2:"36";i:1;s:6:"白色";}');
INSERT INTO `shopnc_goods_spec` (`spec_id`,`goods_id`,`spec_name`,`spec_goods_price`,`spec_goods_storage`,`spec_salenum`,`spec_goods_color`,`spec_goods_serial`,`spec_goods_spec`) VALUES('120','70','a:2:{i:3;s:6:"鞋码";i:1;s:6:"颜色";}','519.00','10','0','','','a:2:{i:31;s:2:"43";i:1;s:6:"白色";}');
INSERT INTO `shopnc_goods_spec` (`spec_id`,`goods_id`,`spec_name`,`spec_goods_price`,`spec_goods_storage`,`spec_salenum`,`spec_goods_color`,`spec_goods_serial`,`spec_goods_spec`) VALUES('121','70','a:2:{i:3;s:6:"鞋码";i:1;s:6:"颜色";}','519.00','20','0','','','a:2:{i:26;s:2:"38";i:1;s:6:"白色";}');
INSERT INTO `shopnc_goods_spec` (`spec_id`,`goods_id`,`spec_name`,`spec_goods_price`,`spec_goods_storage`,`spec_salenum`,`spec_goods_color`,`spec_goods_serial`,`spec_goods_spec`) VALUES('122','70','a:2:{i:3;s:6:"鞋码";i:1;s:6:"颜色";}','519.00','30','0','','','a:2:{i:33;s:2:"45";i:1;s:6:"白色";}');
INSERT INTO `shopnc_goods_spec` (`spec_id`,`goods_id`,`spec_name`,`spec_goods_price`,`spec_goods_storage`,`spec_salenum`,`spec_goods_color`,`spec_goods_serial`,`spec_goods_spec`) VALUES('123','70','a:2:{i:3;s:6:"鞋码";i:1;s:6:"颜色";}','519.00','40','0','','','a:2:{i:28;s:2:"40";i:1;s:6:"白色";}');
INSERT INTO `shopnc_goods_spec` (`spec_id`,`goods_id`,`spec_name`,`spec_goods_price`,`spec_goods_storage`,`spec_salenum`,`spec_goods_color`,`spec_goods_serial`,`spec_goods_spec`) VALUES('124','70','a:2:{i:3;s:6:"鞋码";i:1;s:6:"颜色";}','519.00','50','0','','','a:2:{i:23;s:2:"35";i:1;s:6:"白色";}');
INSERT INTO `shopnc_goods_spec` (`spec_id`,`goods_id`,`spec_name`,`spec_goods_price`,`spec_goods_storage`,`spec_salenum`,`spec_goods_color`,`spec_goods_serial`,`spec_goods_spec`) VALUES('125','70','a:2:{i:3;s:6:"鞋码";i:1;s:6:"颜色";}','519.00','60','0','','','a:2:{i:30;s:2:"42";i:1;s:6:"白色";}');
INSERT INTO `shopnc_goods_spec` (`spec_id`,`goods_id`,`spec_name`,`spec_goods_price`,`spec_goods_storage`,`spec_salenum`,`spec_goods_color`,`spec_goods_serial`,`spec_goods_spec`) VALUES('126','70','a:2:{i:3;s:6:"鞋码";i:1;s:6:"颜色";}','519.00','70','0','','','a:2:{i:25;s:2:"37";i:1;s:6:"白色";}');
INSERT INTO `shopnc_goods_spec` (`spec_id`,`goods_id`,`spec_name`,`spec_goods_price`,`spec_goods_storage`,`spec_salenum`,`spec_goods_color`,`spec_goods_serial`,`spec_goods_spec`) VALUES('127','70','a:2:{i:3;s:6:"鞋码";i:1;s:6:"颜色";}','519.00','80','0','','','a:2:{i:32;s:2:"44";i:1;s:6:"白色";}');
INSERT INTO `shopnc_goods_spec` (`spec_id`,`goods_id`,`spec_name`,`spec_goods_price`,`spec_goods_storage`,`spec_salenum`,`spec_goods_color`,`spec_goods_serial`,`spec_goods_spec`) VALUES('128','70','a:2:{i:3;s:6:"鞋码";i:1;s:6:"颜色";}','519.00','90','0','','','a:2:{i:27;s:2:"39";i:1;s:6:"白色";}');
INSERT INTO `shopnc_goods_spec` (`spec_id`,`goods_id`,`spec_name`,`spec_goods_price`,`spec_goods_storage`,`spec_salenum`,`spec_goods_color`,`spec_goods_serial`,`spec_goods_spec`) VALUES('130','25','a:2:{i:1;s:6:"颜色";i:2;s:6:"尺码";}','348.00','2','0','','shopnc03002','a:2:{i:2;s:6:"黑色";i:18;s:2:"XL";}');
INSERT INTO `shopnc_goods_spec` (`spec_id`,`goods_id`,`spec_name`,`spec_goods_price`,`spec_goods_storage`,`spec_salenum`,`spec_goods_color`,`spec_goods_serial`,`spec_goods_spec`) VALUES('131','25','a:2:{i:1;s:6:"颜色";i:2;s:6:"尺码";}','348.00','3','0','','shopnc03003','a:2:{i:2;s:6:"黑色";i:19;s:3:"XXL";}');
INSERT INTO `shopnc_goods_spec` (`spec_id`,`goods_id`,`spec_name`,`spec_goods_price`,`spec_goods_storage`,`spec_salenum`,`spec_goods_color`,`spec_goods_serial`,`spec_goods_spec`) VALUES('132','25','a:2:{i:1;s:6:"颜色";i:2;s:6:"尺码";}','348.00','4','0','','shopnc03004','a:2:{i:7;s:6:"蓝色";i:17;s:1:"L";}');
INSERT INTO `shopnc_goods_spec` (`spec_id`,`goods_id`,`spec_name`,`spec_goods_price`,`spec_goods_storage`,`spec_salenum`,`spec_goods_color`,`spec_goods_serial`,`spec_goods_spec`) VALUES('133','25','a:2:{i:1;s:6:"颜色";i:2;s:6:"尺码";}','348.00','5','0','','shopnc03005','a:2:{i:7;s:6:"蓝色";i:18;s:2:"XL";}');
INSERT INTO `shopnc_goods_spec` (`spec_id`,`goods_id`,`spec_name`,`spec_goods_price`,`spec_goods_storage`,`spec_salenum`,`spec_goods_color`,`spec_goods_serial`,`spec_goods_spec`) VALUES('134','25','a:2:{i:1;s:6:"颜色";i:2;s:6:"尺码";}','348.00','6','0','','shopnc03006','a:2:{i:7;s:6:"蓝色";i:19;s:3:"XXL";}');
INSERT INTO `shopnc_goods_spec` (`spec_id`,`goods_id`,`spec_name`,`spec_goods_price`,`spec_goods_storage`,`spec_salenum`,`spec_goods_color`,`spec_goods_serial`,`spec_goods_spec`) VALUES('136','36','a:2:{i:3;s:6:"鞋码";i:1;s:6:"颜色";}','268.00','10','0','','shopnc0060003','a:2:{i:26;s:2:"38";i:4;s:6:"红色";}');
INSERT INTO `shopnc_goods_spec` (`spec_id`,`goods_id`,`spec_name`,`spec_goods_price`,`spec_goods_storage`,`spec_salenum`,`spec_goods_color`,`spec_goods_serial`,`spec_goods_spec`) VALUES('137','36','a:2:{i:3;s:6:"鞋码";i:1;s:6:"颜色";}','268.00','10','0','','shopnc0060005','a:2:{i:28;s:2:"40";i:4;s:6:"红色";}');
INSERT INTO `shopnc_goods_spec` (`spec_id`,`goods_id`,`spec_name`,`spec_goods_price`,`spec_goods_storage`,`spec_salenum`,`spec_goods_color`,`spec_goods_serial`,`spec_goods_spec`) VALUES('138','36','a:2:{i:3;s:6:"鞋码";i:1;s:6:"颜色";}','268.00','10','0','','shopnc0060002','a:2:{i:25;s:2:"37";i:4;s:6:"红色";}');
INSERT INTO `shopnc_goods_spec` (`spec_id`,`goods_id`,`spec_name`,`spec_goods_price`,`spec_goods_storage`,`spec_salenum`,`spec_goods_color`,`spec_goods_serial`,`spec_goods_spec`) VALUES('139','36','a:2:{i:3;s:6:"鞋码";i:1;s:6:"颜色";}','268.00','10','0','','shopnc0060004','a:2:{i:27;s:2:"39";i:4;s:6:"红色";}');
INSERT INTO `shopnc_goods_spec` (`spec_id`,`goods_id`,`spec_name`,`spec_goods_price`,`spec_goods_storage`,`spec_salenum`,`spec_goods_color`,`spec_goods_serial`,`spec_goods_spec`) VALUES('141','31','a:2:{i:3;s:6:"鞋码";i:1;s:6:"颜色";}','249.00','10','0','','','a:2:{i:24;s:2:"36";i:7;s:6:"蓝色";}');
INSERT INTO `shopnc_goods_spec` (`spec_id`,`goods_id`,`spec_name`,`spec_goods_price`,`spec_goods_storage`,`spec_salenum`,`spec_goods_color`,`spec_goods_serial`,`spec_goods_spec`) VALUES('142','31','a:2:{i:3;s:6:"鞋码";i:1;s:6:"颜色";}','249.00','10','0','','','a:2:{i:25;s:2:"37";i:7;s:6:"蓝色";}');
INSERT INTO `shopnc_goods_spec` (`spec_id`,`goods_id`,`spec_name`,`spec_goods_price`,`spec_goods_storage`,`spec_salenum`,`spec_goods_color`,`spec_goods_serial`,`spec_goods_spec`) VALUES('143','31','a:2:{i:3;s:6:"鞋码";i:1;s:6:"颜色";}','249.00','10','0','','','a:2:{i:26;s:2:"38";i:7;s:6:"蓝色";}');
INSERT INTO `shopnc_goods_spec` (`spec_id`,`goods_id`,`spec_name`,`spec_goods_price`,`spec_goods_storage`,`spec_salenum`,`spec_goods_color`,`spec_goods_serial`,`spec_goods_spec`) VALUES('145','24','a:2:{i:1;s:6:"颜色";i:2;s:6:"尺码";}','133.00','7','0','','shopnc04002','a:2:{i:11;s:6:"桔色";i:16;s:1:"M";}');
INSERT INTO `shopnc_goods_spec` (`spec_id`,`goods_id`,`spec_name`,`spec_goods_price`,`spec_goods_storage`,`spec_salenum`,`spec_goods_color`,`spec_goods_serial`,`spec_goods_spec`) VALUES('146','24','a:2:{i:1;s:6:"颜色";i:2;s:6:"尺码";}','133.00','8','0','','shopnc04003','a:2:{i:11;s:6:"桔色";i:22;s:6:"均码";}');
INSERT INTO `shopnc_goods_spec` (`spec_id`,`goods_id`,`spec_name`,`spec_goods_price`,`spec_goods_storage`,`spec_salenum`,`spec_goods_color`,`spec_goods_serial`,`spec_goods_spec`) VALUES('148','22','a:2:{i:1;s:6:"颜色";i:2;s:6:"尺码";}','398.00','10','0','','shopnc05002','a:2:{i:6;s:6:"花色";i:22;s:6:"均码";}');
INSERT INTO `shopnc_goods_spec` (`spec_id`,`goods_id`,`spec_name`,`spec_goods_price`,`spec_goods_storage`,`spec_salenum`,`spec_goods_color`,`spec_goods_serial`,`spec_goods_spec`) VALUES('150','21','a:2:{i:1;s:6:"颜色";i:2;s:6:"尺码";}','300.00','8','0','','shopnc06002','a:2:{i:2;s:6:"黑色";i:16;s:1:"M";}');
INSERT INTO `shopnc_goods_spec` (`spec_id`,`goods_id`,`spec_name`,`spec_goods_price`,`spec_goods_storage`,`spec_salenum`,`spec_goods_color`,`spec_goods_serial`,`spec_goods_spec`) VALUES('151','21','a:2:{i:1;s:6:"颜色";i:2;s:6:"尺码";}','300.00','9','0','','shopnc06003','a:2:{i:2;s:6:"黑色";i:17;s:1:"L";}');
INSERT INTO `shopnc_goods_spec` (`spec_id`,`goods_id`,`spec_name`,`spec_goods_price`,`spec_goods_storage`,`spec_salenum`,`spec_goods_color`,`spec_goods_serial`,`spec_goods_spec`) VALUES('153','19','a:2:{i:1;s:6:"颜色";i:2;s:6:"尺码";}','300.00','6','0','','shopnc07002','a:2:{i:8;s:6:"褐色";i:16;s:1:"M";}');
INSERT INTO `shopnc_goods_spec` (`spec_id`,`goods_id`,`spec_name`,`spec_goods_price`,`spec_goods_storage`,`spec_salenum`,`spec_goods_color`,`spec_goods_serial`,`spec_goods_spec`) VALUES('154','19','a:2:{i:1;s:6:"颜色";i:2;s:6:"尺码";}','300.00','7','0','','shopnc07003','a:2:{i:8;s:6:"褐色";i:17;s:1:"L";}');
INSERT INTO `shopnc_goods_spec` (`spec_id`,`goods_id`,`spec_name`,`spec_goods_price`,`spec_goods_storage`,`spec_salenum`,`spec_goods_color`,`spec_goods_serial`,`spec_goods_spec`) VALUES('155','19','a:2:{i:1;s:6:"颜色";i:2;s:6:"尺码";}','300.00','8','0','','shopnc07004','a:2:{i:9;s:6:"黄色";i:15;s:1:"S";}');
INSERT INTO `shopnc_goods_spec` (`spec_id`,`goods_id`,`spec_name`,`spec_goods_price`,`spec_goods_storage`,`spec_salenum`,`spec_goods_color`,`spec_goods_serial`,`spec_goods_spec`) VALUES('156','19','a:2:{i:1;s:6:"颜色";i:2;s:6:"尺码";}','300.00','9','0','','shopnc07005','a:2:{i:9;s:6:"黄色";i:16;s:1:"M";}');
INSERT INTO `shopnc_goods_spec` (`spec_id`,`goods_id`,`spec_name`,`spec_goods_price`,`spec_goods_storage`,`spec_salenum`,`spec_goods_color`,`spec_goods_serial`,`spec_goods_spec`) VALUES('157','19','a:2:{i:1;s:6:"颜色";i:2;s:6:"尺码";}','300.00','10','0','','shopnc07006','a:2:{i:9;s:6:"黄色";i:17;s:1:"L";}');
INSERT INTO `shopnc_goods_spec` (`spec_id`,`goods_id`,`spec_name`,`spec_goods_price`,`spec_goods_storage`,`spec_salenum`,`spec_goods_color`,`spec_goods_serial`,`spec_goods_spec`) VALUES('158','19','a:2:{i:1;s:6:"颜色";i:2;s:6:"尺码";}','300.00','11','0','','shopnc07007','a:2:{i:11;s:6:"桔色";i:15;s:1:"S";}');
INSERT INTO `shopnc_goods_spec` (`spec_id`,`goods_id`,`spec_name`,`spec_goods_price`,`spec_goods_storage`,`spec_salenum`,`spec_goods_color`,`spec_goods_serial`,`spec_goods_spec`) VALUES('159','19','a:2:{i:1;s:6:"颜色";i:2;s:6:"尺码";}','300.00','12','0','','shopnc07008','a:2:{i:11;s:6:"桔色";i:16;s:1:"M";}');
INSERT INTO `shopnc_goods_spec` (`spec_id`,`goods_id`,`spec_name`,`spec_goods_price`,`spec_goods_storage`,`spec_salenum`,`spec_goods_color`,`spec_goods_serial`,`spec_goods_spec`) VALUES('160','19','a:2:{i:1;s:6:"颜色";i:2;s:6:"尺码";}','300.00','13','0','','shopnc07009','a:2:{i:11;s:6:"桔色";i:17;s:1:"L";}');
INSERT INTO `shopnc_goods_spec` (`spec_id`,`goods_id`,`spec_name`,`spec_goods_price`,`spec_goods_storage`,`spec_salenum`,`spec_goods_color`,`spec_goods_serial`,`spec_goods_spec`) VALUES('162','16','a:2:{i:1;s:6:"颜色";i:2;s:6:"尺码";}','299.00','9','0','','shopnc0010002','a:2:{i:1;s:6:"白色";i:16;s:1:"M";}');
INSERT INTO `shopnc_goods_spec` (`spec_id`,`goods_id`,`spec_name`,`spec_goods_price`,`spec_goods_storage`,`spec_salenum`,`spec_goods_color`,`spec_goods_serial`,`spec_goods_spec`) VALUES('163','16','a:2:{i:1;s:6:"颜色";i:2;s:6:"尺码";}','299.00','10','0','','shopnc0010003','a:2:{i:1;s:6:"白色";i:17;s:1:"L";}');
INSERT INTO `shopnc_goods_spec` (`spec_id`,`goods_id`,`spec_name`,`spec_goods_price`,`spec_goods_storage`,`spec_salenum`,`spec_goods_color`,`spec_goods_serial`,`spec_goods_spec`) VALUES('164','16','a:2:{i:1;s:6:"颜色";i:2;s:6:"尺码";}','299.00','11','0','','shopnc0010004','a:2:{i:8;s:6:"褐色";i:15;s:1:"S";}');
INSERT INTO `shopnc_goods_spec` (`spec_id`,`goods_id`,`spec_name`,`spec_goods_price`,`spec_goods_storage`,`spec_salenum`,`spec_goods_color`,`spec_goods_serial`,`spec_goods_spec`) VALUES('165','16','a:2:{i:1;s:6:"颜色";i:2;s:6:"尺码";}','299.00','12','0','','shopnc0010005','a:2:{i:8;s:6:"褐色";i:16;s:1:"M";}');
INSERT INTO `shopnc_goods_spec` (`spec_id`,`goods_id`,`spec_name`,`spec_goods_price`,`spec_goods_storage`,`spec_salenum`,`spec_goods_color`,`spec_goods_serial`,`spec_goods_spec`) VALUES('166','16','a:2:{i:1;s:6:"颜色";i:2;s:6:"尺码";}','299.00','13','0','','shopnc0010006','a:2:{i:8;s:6:"褐色";i:17;s:1:"L";}');
INSERT INTO `shopnc_goods_spec` (`spec_id`,`goods_id`,`spec_name`,`spec_goods_price`,`spec_goods_storage`,`spec_salenum`,`spec_goods_color`,`spec_goods_serial`,`spec_goods_spec`) VALUES('168','12','a:2:{i:1;s:6:"颜色";i:2;s:6:"尺码";}','439.00','6','0','','shopnc0020002','a:2:{i:1;s:6:"白色";i:16;s:1:"M";}');
INSERT INTO `shopnc_goods_spec` (`spec_id`,`goods_id`,`spec_name`,`spec_goods_price`,`spec_goods_storage`,`spec_salenum`,`spec_goods_color`,`spec_goods_serial`,`spec_goods_spec`) VALUES('169','12','a:2:{i:1;s:6:"颜色";i:2;s:6:"尺码";}','439.00','7','0','','shopnc0020003','a:2:{i:1;s:6:"白色";i:17;s:1:"L";}');
INSERT INTO `shopnc_goods_spec` (`spec_id`,`goods_id`,`spec_name`,`spec_goods_price`,`spec_goods_storage`,`spec_salenum`,`spec_goods_color`,`spec_goods_serial`,`spec_goods_spec`) VALUES('170','12','a:2:{i:1;s:6:"颜色";i:2;s:6:"尺码";}','439.00','8','0','','shopnc0020004','a:2:{i:8;s:6:"褐色";i:15;s:1:"S";}');
INSERT INTO `shopnc_goods_spec` (`spec_id`,`goods_id`,`spec_name`,`spec_goods_price`,`spec_goods_storage`,`spec_salenum`,`spec_goods_color`,`spec_goods_serial`,`spec_goods_spec`) VALUES('171','12','a:2:{i:1;s:6:"颜色";i:2;s:6:"尺码";}','439.00','9','0','','shopnc0020005','a:2:{i:8;s:6:"褐色";i:16;s:1:"M";}');
INSERT INTO `shopnc_goods_spec` (`spec_id`,`goods_id`,`spec_name`,`spec_goods_price`,`spec_goods_storage`,`spec_salenum`,`spec_goods_color`,`spec_goods_serial`,`spec_goods_spec`) VALUES('172','12','a:2:{i:1;s:6:"颜色";i:2;s:6:"尺码";}','439.00','10','0','','shopnc0020006','a:2:{i:8;s:6:"褐色";i:17;s:1:"L";}');
INSERT INTO `shopnc_goods_spec` (`spec_id`,`goods_id`,`spec_name`,`spec_goods_price`,`spec_goods_storage`,`spec_salenum`,`spec_goods_color`,`spec_goods_serial`,`spec_goods_spec`) VALUES('174','2','a:2:{i:1;s:6:"颜色";i:2;s:6:"尺码";}','600.00','6','0','','shopnc0030002','a:2:{i:1;s:6:"白色";i:16;s:1:"M";}');
INSERT INTO `shopnc_goods_spec` (`spec_id`,`goods_id`,`spec_name`,`spec_goods_price`,`spec_goods_storage`,`spec_salenum`,`spec_goods_color`,`spec_goods_serial`,`spec_goods_spec`) VALUES('175','2','a:2:{i:1;s:6:"颜色";i:2;s:6:"尺码";}','600.00','7','0','','shopnc0030003','a:2:{i:1;s:6:"白色";i:17;s:1:"L";}');
INSERT INTO `shopnc_goods_spec` (`spec_id`,`goods_id`,`spec_name`,`spec_goods_price`,`spec_goods_storage`,`spec_salenum`,`spec_goods_color`,`spec_goods_serial`,`spec_goods_spec`) VALUES('176','66','a:2:{i:3;s:6:"鞋码";i:1;s:6:"颜色";}','98.00','5','0','','shopnc0040001','a:2:{i:23;s:2:"35";i:2;s:6:"黑色";}');
INSERT INTO `shopnc_goods_spec` (`spec_id`,`goods_id`,`spec_name`,`spec_goods_price`,`spec_goods_storage`,`spec_salenum`,`spec_goods_color`,`spec_goods_serial`,`spec_goods_spec`) VALUES('177','66','a:2:{i:3;s:6:"鞋码";i:1;s:6:"颜色";}','98.00','6','0','','shopnc0040002','a:2:{i:24;s:2:"36";i:2;s:6:"黑色";}');
INSERT INTO `shopnc_goods_spec` (`spec_id`,`goods_id`,`spec_name`,`spec_goods_price`,`spec_goods_storage`,`spec_salenum`,`spec_goods_color`,`spec_goods_serial`,`spec_goods_spec`) VALUES('178','66','a:2:{i:3;s:6:"鞋码";i:1;s:6:"颜色";}','98.00','7','0','','shopnc0040003','a:2:{i:25;s:2:"37";i:2;s:6:"黑色";}');
INSERT INTO `shopnc_goods_spec` (`spec_id`,`goods_id`,`spec_name`,`spec_goods_price`,`spec_goods_storage`,`spec_salenum`,`spec_goods_color`,`spec_goods_serial`,`spec_goods_spec`) VALUES('179','66','a:2:{i:3;s:6:"鞋码";i:1;s:6:"颜色";}','98.00','8','0','','shopnc0040004','a:2:{i:26;s:2:"38";i:2;s:6:"黑色";}');
INSERT INTO `shopnc_goods_spec` (`spec_id`,`goods_id`,`spec_name`,`spec_goods_price`,`spec_goods_storage`,`spec_salenum`,`spec_goods_color`,`spec_goods_serial`,`spec_goods_spec`) VALUES('181','64','a:2:{i:3;s:6:"鞋码";i:1;s:6:"颜色";}','580.00','5','0','','shopnc0050001','a:2:{i:25;s:2:"37";i:8;s:6:"褐色";}');
INSERT INTO `shopnc_goods_spec` (`spec_id`,`goods_id`,`spec_name`,`spec_goods_price`,`spec_goods_storage`,`spec_salenum`,`spec_goods_color`,`spec_goods_serial`,`spec_goods_spec`) VALUES('182','64','a:2:{i:3;s:6:"鞋码";i:1;s:6:"颜色";}','580.00','6','0','','shopnc0050002','a:2:{i:26;s:2:"38";i:8;s:6:"褐色";}');
INSERT INTO `shopnc_goods_spec` (`spec_id`,`goods_id`,`spec_name`,`spec_goods_price`,`spec_goods_storage`,`spec_salenum`,`spec_goods_color`,`spec_goods_serial`,`spec_goods_spec`) VALUES('183','64','a:2:{i:3;s:6:"鞋码";i:1;s:6:"颜色";}','580.00','7','0','','shopnc0050003','a:2:{i:27;s:2:"39";i:8;s:6:"褐色";}');
INSERT INTO `shopnc_goods_spec` (`spec_id`,`goods_id`,`spec_name`,`spec_goods_price`,`spec_goods_storage`,`spec_salenum`,`spec_goods_color`,`spec_goods_serial`,`spec_goods_spec`) VALUES('185','84','a:1:{i:1;s:6:"颜色";}','198.00','100','0','','','a:1:{i:8;s:6:"褐色";}');
INSERT INTO `shopnc_goods_spec_index` (`goods_id`,`gc_id`,`type_id`,`sp_id`,`sp_value_id`,`sp_value_name`) VALUES('82','96','3','1','1',NULL);
INSERT INTO `shopnc_goods_spec_index` (`goods_id`,`gc_id`,`type_id`,`sp_id`,`sp_value_id`,`sp_value_name`) VALUES('82','96','3','1','4',NULL);
INSERT INTO `shopnc_goods_spec_index` (`goods_id`,`gc_id`,`type_id`,`sp_id`,`sp_value_id`,`sp_value_name`) VALUES('82','96','3','1','7',NULL);
INSERT INTO `shopnc_goods_spec_index` (`goods_id`,`gc_id`,`type_id`,`sp_id`,`sp_value_id`,`sp_value_name`) VALUES('28','19','1','2','17',NULL);
INSERT INTO `shopnc_goods_spec_index` (`goods_id`,`gc_id`,`type_id`,`sp_id`,`sp_value_id`,`sp_value_name`) VALUES('28','19','1','2','16',NULL);
INSERT INTO `shopnc_goods_spec_index` (`goods_id`,`gc_id`,`type_id`,`sp_id`,`sp_value_id`,`sp_value_name`) VALUES('28','19','1','2','15',NULL);
INSERT INTO `shopnc_goods_spec_index` (`goods_id`,`gc_id`,`type_id`,`sp_id`,`sp_value_id`,`sp_value_name`) VALUES('28','19','1','1','11',NULL);
INSERT INTO `shopnc_goods_spec_index` (`goods_id`,`gc_id`,`type_id`,`sp_id`,`sp_value_id`,`sp_value_name`) VALUES('28','19','1','1','10',NULL);
INSERT INTO `shopnc_goods_spec_index` (`goods_id`,`gc_id`,`type_id`,`sp_id`,`sp_value_id`,`sp_value_name`) VALUES('28','19','1','1','9',NULL);
INSERT INTO `shopnc_goods_spec_index` (`goods_id`,`gc_id`,`type_id`,`sp_id`,`sp_value_id`,`sp_value_name`) VALUES('81','96','3','1','2',NULL);
INSERT INTO `shopnc_goods_spec_index` (`goods_id`,`gc_id`,`type_id`,`sp_id`,`sp_value_id`,`sp_value_name`) VALUES('81','96','3','1','3',NULL);
INSERT INTO `shopnc_goods_spec_index` (`goods_id`,`gc_id`,`type_id`,`sp_id`,`sp_value_id`,`sp_value_name`) VALUES('80','96','3','1','4',NULL);
INSERT INTO `shopnc_goods_spec_index` (`goods_id`,`gc_id`,`type_id`,`sp_id`,`sp_value_id`,`sp_value_name`) VALUES('80','96','3','1','8',NULL);
INSERT INTO `shopnc_goods_spec_index` (`goods_id`,`gc_id`,`type_id`,`sp_id`,`sp_value_id`,`sp_value_name`) VALUES('27','16','1','2','17',NULL);
INSERT INTO `shopnc_goods_spec_index` (`goods_id`,`gc_id`,`type_id`,`sp_id`,`sp_value_id`,`sp_value_name`) VALUES('27','16','1','2','16',NULL);
INSERT INTO `shopnc_goods_spec_index` (`goods_id`,`gc_id`,`type_id`,`sp_id`,`sp_value_id`,`sp_value_name`) VALUES('27','16','1','1','8',NULL);
INSERT INTO `shopnc_goods_spec_index` (`goods_id`,`gc_id`,`type_id`,`sp_id`,`sp_value_id`,`sp_value_name`) VALUES('27','16','1','1','4',NULL);
INSERT INTO `shopnc_goods_spec_index` (`goods_id`,`gc_id`,`type_id`,`sp_id`,`sp_value_id`,`sp_value_name`) VALUES('27','16','1','1','3',NULL);
INSERT INTO `shopnc_goods_spec_index` (`goods_id`,`gc_id`,`type_id`,`sp_id`,`sp_value_id`,`sp_value_name`) VALUES('79','96','3','1','10',NULL);
INSERT INTO `shopnc_goods_spec_index` (`goods_id`,`gc_id`,`type_id`,`sp_id`,`sp_value_id`,`sp_value_name`) VALUES('79','96','3','1','2',NULL);
INSERT INTO `shopnc_goods_spec_index` (`goods_id`,`gc_id`,`type_id`,`sp_id`,`sp_value_id`,`sp_value_name`) VALUES('78','96','3','1','10',NULL);
INSERT INTO `shopnc_goods_spec_index` (`goods_id`,`gc_id`,`type_id`,`sp_id`,`sp_value_id`,`sp_value_name`) VALUES('78','96','3','1','4',NULL);
INSERT INTO `shopnc_goods_spec_index` (`goods_id`,`gc_id`,`type_id`,`sp_id`,`sp_value_id`,`sp_value_name`) VALUES('70','290','2','1','1',NULL);
INSERT INTO `shopnc_goods_spec_index` (`goods_id`,`gc_id`,`type_id`,`sp_id`,`sp_value_id`,`sp_value_name`) VALUES('70','290','2','3','34',NULL);
INSERT INTO `shopnc_goods_spec_index` (`goods_id`,`gc_id`,`type_id`,`sp_id`,`sp_value_id`,`sp_value_name`) VALUES('70','290','2','3','33',NULL);
INSERT INTO `shopnc_goods_spec_index` (`goods_id`,`gc_id`,`type_id`,`sp_id`,`sp_value_id`,`sp_value_name`) VALUES('70','290','2','3','32',NULL);
INSERT INTO `shopnc_goods_spec_index` (`goods_id`,`gc_id`,`type_id`,`sp_id`,`sp_value_id`,`sp_value_name`) VALUES('70','290','2','3','31',NULL);
INSERT INTO `shopnc_goods_spec_index` (`goods_id`,`gc_id`,`type_id`,`sp_id`,`sp_value_id`,`sp_value_name`) VALUES('70','290','2','3','30',NULL);
INSERT INTO `shopnc_goods_spec_index` (`goods_id`,`gc_id`,`type_id`,`sp_id`,`sp_value_id`,`sp_value_name`) VALUES('70','290','2','3','28',NULL);
INSERT INTO `shopnc_goods_spec_index` (`goods_id`,`gc_id`,`type_id`,`sp_id`,`sp_value_id`,`sp_value_name`) VALUES('70','290','2','3','27',NULL);
INSERT INTO `shopnc_goods_spec_index` (`goods_id`,`gc_id`,`type_id`,`sp_id`,`sp_value_id`,`sp_value_name`) VALUES('70','290','2','3','26',NULL);
INSERT INTO `shopnc_goods_spec_index` (`goods_id`,`gc_id`,`type_id`,`sp_id`,`sp_value_id`,`sp_value_name`) VALUES('70','290','2','3','25',NULL);
INSERT INTO `shopnc_goods_spec_index` (`goods_id`,`gc_id`,`type_id`,`sp_id`,`sp_value_id`,`sp_value_name`) VALUES('70','290','2','3','24',NULL);
INSERT INTO `shopnc_goods_spec_index` (`goods_id`,`gc_id`,`type_id`,`sp_id`,`sp_value_id`,`sp_value_name`) VALUES('70','290','2','3','23',NULL);
INSERT INTO `shopnc_goods_spec_index` (`goods_id`,`gc_id`,`type_id`,`sp_id`,`sp_value_id`,`sp_value_name`) VALUES('35','96','3','1','4',NULL);
INSERT INTO `shopnc_goods_spec_index` (`goods_id`,`gc_id`,`type_id`,`sp_id`,`sp_value_id`,`sp_value_name`) VALUES('25','15','1','1','2',NULL);
INSERT INTO `shopnc_goods_spec_index` (`goods_id`,`gc_id`,`type_id`,`sp_id`,`sp_value_id`,`sp_value_name`) VALUES('25','15','1','1','7',NULL);
INSERT INTO `shopnc_goods_spec_index` (`goods_id`,`gc_id`,`type_id`,`sp_id`,`sp_value_id`,`sp_value_name`) VALUES('25','15','1','2','17',NULL);
INSERT INTO `shopnc_goods_spec_index` (`goods_id`,`gc_id`,`type_id`,`sp_id`,`sp_value_id`,`sp_value_name`) VALUES('25','15','1','2','18',NULL);
INSERT INTO `shopnc_goods_spec_index` (`goods_id`,`gc_id`,`type_id`,`sp_id`,`sp_value_id`,`sp_value_name`) VALUES('25','15','1','2','19',NULL);
INSERT INTO `shopnc_goods_spec_index` (`goods_id`,`gc_id`,`type_id`,`sp_id`,`sp_value_id`,`sp_value_name`) VALUES('36','108','2','3','28',NULL);
INSERT INTO `shopnc_goods_spec_index` (`goods_id`,`gc_id`,`type_id`,`sp_id`,`sp_value_id`,`sp_value_name`) VALUES('36','108','2','3','26',NULL);
INSERT INTO `shopnc_goods_spec_index` (`goods_id`,`gc_id`,`type_id`,`sp_id`,`sp_value_id`,`sp_value_name`) VALUES('36','108','2','3','24',NULL);
INSERT INTO `shopnc_goods_spec_index` (`goods_id`,`gc_id`,`type_id`,`sp_id`,`sp_value_id`,`sp_value_name`) VALUES('36','108','2','3','27',NULL);
INSERT INTO `shopnc_goods_spec_index` (`goods_id`,`gc_id`,`type_id`,`sp_id`,`sp_value_id`,`sp_value_name`) VALUES('36','108','2','3','25',NULL);
INSERT INTO `shopnc_goods_spec_index` (`goods_id`,`gc_id`,`type_id`,`sp_id`,`sp_value_id`,`sp_value_name`) VALUES('36','108','2','1','4',NULL);
INSERT INTO `shopnc_goods_spec_index` (`goods_id`,`gc_id`,`type_id`,`sp_id`,`sp_value_id`,`sp_value_name`) VALUES('31','106','2','3','23',NULL);
INSERT INTO `shopnc_goods_spec_index` (`goods_id`,`gc_id`,`type_id`,`sp_id`,`sp_value_id`,`sp_value_name`) VALUES('31','106','2','3','24',NULL);
INSERT INTO `shopnc_goods_spec_index` (`goods_id`,`gc_id`,`type_id`,`sp_id`,`sp_value_id`,`sp_value_name`) VALUES('31','106','2','3','25',NULL);
INSERT INTO `shopnc_goods_spec_index` (`goods_id`,`gc_id`,`type_id`,`sp_id`,`sp_value_id`,`sp_value_name`) VALUES('31','106','2','3','26',NULL);
INSERT INTO `shopnc_goods_spec_index` (`goods_id`,`gc_id`,`type_id`,`sp_id`,`sp_value_id`,`sp_value_name`) VALUES('31','106','2','1','7',NULL);
INSERT INTO `shopnc_goods_spec_index` (`goods_id`,`gc_id`,`type_id`,`sp_id`,`sp_value_id`,`sp_value_name`) VALUES('24','19','1','1','11',NULL);
INSERT INTO `shopnc_goods_spec_index` (`goods_id`,`gc_id`,`type_id`,`sp_id`,`sp_value_id`,`sp_value_name`) VALUES('24','19','1','2','15',NULL);
INSERT INTO `shopnc_goods_spec_index` (`goods_id`,`gc_id`,`type_id`,`sp_id`,`sp_value_id`,`sp_value_name`) VALUES('24','19','1','2','16',NULL);
INSERT INTO `shopnc_goods_spec_index` (`goods_id`,`gc_id`,`type_id`,`sp_id`,`sp_value_id`,`sp_value_name`) VALUES('24','19','1','2','22',NULL);
INSERT INTO `shopnc_goods_spec_index` (`goods_id`,`gc_id`,`type_id`,`sp_id`,`sp_value_id`,`sp_value_name`) VALUES('22','19','1','1','1',NULL);
INSERT INTO `shopnc_goods_spec_index` (`goods_id`,`gc_id`,`type_id`,`sp_id`,`sp_value_id`,`sp_value_name`) VALUES('22','19','1','1','6',NULL);
INSERT INTO `shopnc_goods_spec_index` (`goods_id`,`gc_id`,`type_id`,`sp_id`,`sp_value_id`,`sp_value_name`) VALUES('22','19','1','2','22',NULL);
INSERT INTO `shopnc_goods_spec_index` (`goods_id`,`gc_id`,`type_id`,`sp_id`,`sp_value_id`,`sp_value_name`) VALUES('21','17','1','1','2',NULL);
INSERT INTO `shopnc_goods_spec_index` (`goods_id`,`gc_id`,`type_id`,`sp_id`,`sp_value_id`,`sp_value_name`) VALUES('21','17','1','2','15',NULL);
INSERT INTO `shopnc_goods_spec_index` (`goods_id`,`gc_id`,`type_id`,`sp_id`,`sp_value_id`,`sp_value_name`) VALUES('21','17','1','2','16',NULL);
INSERT INTO `shopnc_goods_spec_index` (`goods_id`,`gc_id`,`type_id`,`sp_id`,`sp_value_id`,`sp_value_name`) VALUES('21','17','1','2','17',NULL);
INSERT INTO `shopnc_goods_spec_index` (`goods_id`,`gc_id`,`type_id`,`sp_id`,`sp_value_id`,`sp_value_name`) VALUES('19','17','1','1','8',NULL);
INSERT INTO `shopnc_goods_spec_index` (`goods_id`,`gc_id`,`type_id`,`sp_id`,`sp_value_id`,`sp_value_name`) VALUES('19','17','1','1','9',NULL);
INSERT INTO `shopnc_goods_spec_index` (`goods_id`,`gc_id`,`type_id`,`sp_id`,`sp_value_id`,`sp_value_name`) VALUES('19','17','1','1','11',NULL);
INSERT INTO `shopnc_goods_spec_index` (`goods_id`,`gc_id`,`type_id`,`sp_id`,`sp_value_id`,`sp_value_name`) VALUES('19','17','1','2','15',NULL);
INSERT INTO `shopnc_goods_spec_index` (`goods_id`,`gc_id`,`type_id`,`sp_id`,`sp_value_id`,`sp_value_name`) VALUES('19','17','1','2','16',NULL);
INSERT INTO `shopnc_goods_spec_index` (`goods_id`,`gc_id`,`type_id`,`sp_id`,`sp_value_id`,`sp_value_name`) VALUES('19','17','1','2','17',NULL);
INSERT INTO `shopnc_goods_spec_index` (`goods_id`,`gc_id`,`type_id`,`sp_id`,`sp_value_id`,`sp_value_name`) VALUES('16','17','1','1','1',NULL);
INSERT INTO `shopnc_goods_spec_index` (`goods_id`,`gc_id`,`type_id`,`sp_id`,`sp_value_id`,`sp_value_name`) VALUES('16','17','1','1','8',NULL);
INSERT INTO `shopnc_goods_spec_index` (`goods_id`,`gc_id`,`type_id`,`sp_id`,`sp_value_id`,`sp_value_name`) VALUES('16','17','1','2','15',NULL);
INSERT INTO `shopnc_goods_spec_index` (`goods_id`,`gc_id`,`type_id`,`sp_id`,`sp_value_id`,`sp_value_name`) VALUES('16','17','1','2','16',NULL);
INSERT INTO `shopnc_goods_spec_index` (`goods_id`,`gc_id`,`type_id`,`sp_id`,`sp_value_id`,`sp_value_name`) VALUES('16','17','1','2','17',NULL);
INSERT INTO `shopnc_goods_spec_index` (`goods_id`,`gc_id`,`type_id`,`sp_id`,`sp_value_id`,`sp_value_name`) VALUES('12','16','1','2','17',NULL);
INSERT INTO `shopnc_goods_spec_index` (`goods_id`,`gc_id`,`type_id`,`sp_id`,`sp_value_id`,`sp_value_name`) VALUES('12','16','1','2','16',NULL);
INSERT INTO `shopnc_goods_spec_index` (`goods_id`,`gc_id`,`type_id`,`sp_id`,`sp_value_id`,`sp_value_name`) VALUES('12','16','1','2','15',NULL);
INSERT INTO `shopnc_goods_spec_index` (`goods_id`,`gc_id`,`type_id`,`sp_id`,`sp_value_id`,`sp_value_name`) VALUES('12','16','1','1','8',NULL);
INSERT INTO `shopnc_goods_spec_index` (`goods_id`,`gc_id`,`type_id`,`sp_id`,`sp_value_id`,`sp_value_name`) VALUES('12','16','1','1','1',NULL);
INSERT INTO `shopnc_goods_spec_index` (`goods_id`,`gc_id`,`type_id`,`sp_id`,`sp_value_id`,`sp_value_name`) VALUES('2','16','1','1','1',NULL);
INSERT INTO `shopnc_goods_spec_index` (`goods_id`,`gc_id`,`type_id`,`sp_id`,`sp_value_id`,`sp_value_name`) VALUES('2','16','1','2','15',NULL);
INSERT INTO `shopnc_goods_spec_index` (`goods_id`,`gc_id`,`type_id`,`sp_id`,`sp_value_id`,`sp_value_name`) VALUES('2','16','1','2','16',NULL);
INSERT INTO `shopnc_goods_spec_index` (`goods_id`,`gc_id`,`type_id`,`sp_id`,`sp_value_id`,`sp_value_name`) VALUES('2','16','1','2','17',NULL);
INSERT INTO `shopnc_goods_spec_index` (`goods_id`,`gc_id`,`type_id`,`sp_id`,`sp_value_id`,`sp_value_name`) VALUES('66','290','2','3','23',NULL);
INSERT INTO `shopnc_goods_spec_index` (`goods_id`,`gc_id`,`type_id`,`sp_id`,`sp_value_id`,`sp_value_name`) VALUES('66','290','2','3','24',NULL);
INSERT INTO `shopnc_goods_spec_index` (`goods_id`,`gc_id`,`type_id`,`sp_id`,`sp_value_id`,`sp_value_name`) VALUES('66','290','2','3','25',NULL);
INSERT INTO `shopnc_goods_spec_index` (`goods_id`,`gc_id`,`type_id`,`sp_id`,`sp_value_id`,`sp_value_name`) VALUES('66','290','2','3','26',NULL);
INSERT INTO `shopnc_goods_spec_index` (`goods_id`,`gc_id`,`type_id`,`sp_id`,`sp_value_id`,`sp_value_name`) VALUES('66','290','2','1','2',NULL);
INSERT INTO `shopnc_goods_spec_index` (`goods_id`,`gc_id`,`type_id`,`sp_id`,`sp_value_id`,`sp_value_name`) VALUES('64','290','2','3','25',NULL);
INSERT INTO `shopnc_goods_spec_index` (`goods_id`,`gc_id`,`type_id`,`sp_id`,`sp_value_id`,`sp_value_name`) VALUES('64','290','2','3','26',NULL);
INSERT INTO `shopnc_goods_spec_index` (`goods_id`,`gc_id`,`type_id`,`sp_id`,`sp_value_id`,`sp_value_name`) VALUES('64','290','2','3','27',NULL);
INSERT INTO `shopnc_goods_spec_index` (`goods_id`,`gc_id`,`type_id`,`sp_id`,`sp_value_id`,`sp_value_name`) VALUES('64','290','2','1','8',NULL);
INSERT INTO `shopnc_goods_spec_index` (`goods_id`,`gc_id`,`type_id`,`sp_id`,`sp_value_id`,`sp_value_name`) VALUES('84','105','3','1','2',NULL);
INSERT INTO `shopnc_goods_spec_index` (`goods_id`,`gc_id`,`type_id`,`sp_id`,`sp_value_id`,`sp_value_name`) VALUES('84','105','3','1','8',NULL);
INSERT INTO `shopnc_groupbuy_area` (`area_id`,`area_name`,`area_parent_id`,`area_sort`,`area_deep`) VALUES('1','天津','0','255','0');
INSERT INTO `shopnc_groupbuy_area` (`area_id`,`area_name`,`area_parent_id`,`area_sort`,`area_deep`) VALUES('2','北京','0','255','0');
INSERT INTO `shopnc_groupbuy_area` (`area_id`,`area_name`,`area_parent_id`,`area_sort`,`area_deep`) VALUES('3','上海','0','255','0');
INSERT INTO `shopnc_groupbuy_area` (`area_id`,`area_name`,`area_parent_id`,`area_sort`,`area_deep`) VALUES('4','重庆','0','255','0');
INSERT INTO `shopnc_groupbuy_area` (`area_id`,`area_name`,`area_parent_id`,`area_sort`,`area_deep`) VALUES('5','武汉','0','255','0');
INSERT INTO `shopnc_groupbuy_area` (`area_id`,`area_name`,`area_parent_id`,`area_sort`,`area_deep`) VALUES('6','成都','0','255','0');
INSERT INTO `shopnc_groupbuy_area` (`area_id`,`area_name`,`area_parent_id`,`area_sort`,`area_deep`) VALUES('7','深圳','0','255','0');
INSERT INTO `shopnc_groupbuy_area` (`area_id`,`area_name`,`area_parent_id`,`area_sort`,`area_deep`) VALUES('8','广州','0','255','0');
INSERT INTO `shopnc_groupbuy_area` (`area_id`,`area_name`,`area_parent_id`,`area_sort`,`area_deep`) VALUES('9','厦门','0','255','0');
INSERT INTO `shopnc_groupbuy_area` (`area_id`,`area_name`,`area_parent_id`,`area_sort`,`area_deep`) VALUES('10','杭州','0','255','0');
INSERT INTO `shopnc_groupbuy_area` (`area_id`,`area_name`,`area_parent_id`,`area_sort`,`area_deep`) VALUES('11','南京','0','255','0');
INSERT INTO `shopnc_groupbuy_area` (`area_id`,`area_name`,`area_parent_id`,`area_sort`,`area_deep`) VALUES('12','青岛','0','255','0');
INSERT INTO `shopnc_groupbuy_class` (`class_id`,`class_name`,`class_parent_id`,`sort`,`deep`) VALUES('1','运动户外','0','255','0');
INSERT INTO `shopnc_groupbuy_class` (`class_id`,`class_name`,`class_parent_id`,`sort`,`deep`) VALUES('2','数码家电','0','255','0');
INSERT INTO `shopnc_groupbuy_class` (`class_id`,`class_name`,`class_parent_id`,`sort`,`deep`) VALUES('3','家具家装','0','255','0');
INSERT INTO `shopnc_groupbuy_class` (`class_id`,`class_name`,`class_parent_id`,`sort`,`deep`) VALUES('4','影音娱乐','0','255','0');

INSERT INTO `shopnc_groupbuy_price_range` (`range_id`,`range_name`,`range_start`,`range_end`) VALUES('1','500元以下','1','500');
INSERT INTO `shopnc_groupbuy_price_range` (`range_id`,`range_name`,`range_start`,`range_end`) VALUES('2','501元-1000元','501','1000');
INSERT INTO `shopnc_groupbuy_price_range` (`range_id`,`range_name`,`range_start`,`range_end`) VALUES('3','1001元-2000元','1001','2000');
INSERT INTO `shopnc_groupbuy_price_range` (`range_id`,`range_name`,`range_start`,`range_end`) VALUES('4','2001元-3000元','2001','3000');
INSERT INTO `shopnc_groupbuy_price_range` (`range_id`,`range_name`,`range_start`,`range_end`) VALUES('5','3001元-5000元','3001','5000');

INSERT INTO `shopnc_groupbuy_template` (`template_id`,`template_name`,`start_time`,`end_time`,`join_end_time`,`state`) VALUES('1','2012-2','1333123200','1356883200','1351612800','1');
INSERT INTO `shopnc_groupbuy_template` (`template_id`,`template_name`,`start_time`,`end_time`,`join_end_time`,`state`) VALUES('2','11','1361908800','1362063600','1361894400','1');

INSERT INTO `shopnc_inform_subject` (`inform_subject_id`,`inform_subject_content`,`inform_subject_type_id`,`inform_subject_type_name`,`inform_subject_state`) VALUES('1','管制刀具、弓弩类、其他武器等','1','出售禁售品','1');
INSERT INTO `shopnc_inform_subject` (`inform_subject_id`,`inform_subject_content`,`inform_subject_type_id`,`inform_subject_type_name`,`inform_subject_state`) VALUES('2','赌博用具类','1','出售禁售品','1');
INSERT INTO `shopnc_inform_subject` (`inform_subject_id`,`inform_subject_content`,`inform_subject_type_id`,`inform_subject_type_name`,`inform_subject_state`) VALUES('3','枪支弹药','1','出售禁售品','1');
INSERT INTO `shopnc_inform_subject` (`inform_subject_id`,`inform_subject_content`,`inform_subject_type_id`,`inform_subject_type_name`,`inform_subject_state`) VALUES('4','毒品及吸毒工具','1','出售禁售品','1');

INSERT INTO `shopnc_inform_subject_type` (`inform_type_id`,`inform_type_name`,`inform_type_desc`,`inform_type_state`) VALUES('1','出售禁售品','销售商城禁止和限制交易规则下所规定的所有商品。','1');

INSERT INTO `shopnc_link` (`link_id`,`link_title`,`link_url`,`link_pic`,`link_sort`) VALUES('1','网城创想','http://www.shopnc.net','ac1d6b368d9a8b048b974186c8d467a9.gif','0');
INSERT INTO `shopnc_link` (`link_id`,`link_title`,`link_url`,`link_pic`,`link_sort`) VALUES('29','腾讯网','http://www.qq.com','75eb906e1b7a2f568f38517c3b338b76.png','8');
INSERT INTO `shopnc_link` (`link_id`,`link_title`,`link_url`,`link_pic`,`link_sort`) VALUES('28','天空下载','http://www.skycn.com','7e6c4529c180781a4918728c59106a0d.jpg','6');
INSERT INTO `shopnc_link` (`link_id`,`link_title`,`link_url`,`link_pic`,`link_sort`) VALUES('27','站长之家','http://www.chinaz.com','d3f4b551af9621eca9dce6b742c66540.gif','7');
INSERT INTO `shopnc_link` (`link_id`,`link_title`,`link_url`,`link_pic`,`link_sort`) VALUES('26','华军下载','http://www.onlinedown.net','675e3c273601596996c7d9f56340c7ff.gif','5');
INSERT INTO `shopnc_link` (`link_id`,`link_title`,`link_url`,`link_pic`,`link_sort`) VALUES('22','PHPChina','http://www.phpchina.com','71f3651a995ef7a8d8bcc00dfe1fa018.gif','3');
INSERT INTO `shopnc_link` (`link_id`,`link_title`,`link_url`,`link_pic`,`link_sort`) VALUES('23','康盛创想','http://www.comsenz.com','2656c79dff5e988bc20d707d1a73a583.jpg','2');
INSERT INTO `shopnc_link` (`link_id`,`link_title`,`link_url`,`link_pic`,`link_sort`) VALUES('24','A5下载','http://down.admin5.com','1ce6ffadfcf5e45d7fbd86d46d0e90db.gif','4');
INSERT INTO `shopnc_link` (`link_id`,`link_title`,`link_url`,`link_pic`,`link_sort`) VALUES('25','DZ动力','http://www.verydz.com','29269def49a5d57a24490b69b3312260.gif','1');
INSERT INTO `shopnc_link` (`link_id`,`link_title`,`link_url`,`link_pic`,`link_sort`) VALUES('38','支付宝平台','https://www.alipay.com/',NULL,'5');
INSERT INTO `shopnc_link` (`link_id`,`link_title`,`link_url`,`link_pic`,`link_sort`) VALUES('37','新浪微博开放平台','http://open.weibo.com/',NULL,'3');
INSERT INTO `shopnc_link` (`link_id`,`link_title`,`link_url`,`link_pic`,`link_sort`) VALUES('36','Discuz!云平台','http://discuz.qq.com/',NULL,'4');
INSERT INTO `shopnc_link` (`link_id`,`link_title`,`link_url`,`link_pic`,`link_sort`) VALUES('35','搜搜开放平台','http://open.soso.com/',NULL,'6');
INSERT INTO `shopnc_link` (`link_id`,`link_title`,`link_url`,`link_pic`,`link_sort`) VALUES('34','QQ彩贝开放联盟','http://open.cb.qq.com/',NULL,'8');
INSERT INTO `shopnc_link` (`link_id`,`link_title`,`link_url`,`link_pic`,`link_sort`) VALUES('33','财付通开放平台','http://open.tenpay.com/',NULL,'7');
INSERT INTO `shopnc_link` (`link_id`,`link_title`,`link_url`,`link_pic`,`link_sort`) VALUES('32','腾讯微博开放平台','http://open.t.qq.com/',NULL,'2');
INSERT INTO `shopnc_link` (`link_id`,`link_title`,`link_url`,`link_pic`,`link_sort`) VALUES('31','腾讯社区开放平台','http://opensns.qq.com/',NULL,'1');
INSERT INTO `shopnc_link` (`link_id`,`link_title`,`link_url`,`link_pic`,`link_sort`) VALUES('30','QQ互联登录','http://connect.opensns.qq.com/',NULL,'0');
INSERT INTO `shopnc_mail_msg_temlates` (`name`,`title`,`code`,`content`,`type`,`mail_switch`) VALUES('<strong>[给买家]</strong>店铺调整了订单费用的邮件通知','{$site_name}提醒:店铺{$store_name}调整了您的订单费用','email_tobuyer_adjust_fee_notify','<p>
	尊敬的{$buyer_name}:
</p>
<p style="" padding-left:="" 30px;="">与您交易的店铺{$store_name}调整了您订单号为{$order_sn}的订单的费用，请您及时付款。
	</p>
<p style="" padding-left:="" 30px;="">查看订单详细信息请点击以下链接
</p>
<p style="" padding-left:="" 30px;=""><a href="{$site_url}/index.php?act=member&amp;op=show_order&amp;order_id={$order_id}" target="_blank">{$site_url}/index.php?act=member&amp;op=show_order&amp;order_id={$order_id}</a><br />
 
	</p>
<p style="text-align: right;" text-align:="" right;="">{$site_name}
</p>
<p style="text-align: right;" text-align:="" right;="">{$mail_send_time}
	</p>','0','1');
INSERT INTO `shopnc_mail_msg_temlates` (`name`,`title`,`code`,`content`,`type`,`mail_switch`) VALUES('<strong>[给买家]</strong>订单被取消的邮件通知','{$site_name}提醒:您的订单{$order_sn}已被取消','email_tobuyer_cancel_order_notify','<p>
	尊敬的{$buyer_name}:
</p>
<p style="" padding-left:="" 30px;="">与您交易的店铺{$store_name}已经取消了您的订单{$order_sn}。
	</p>
<p style="" padding-left:="" 30px;="">原因：{$reason}
</p>
<p style="" padding-left:="" 30px;="">查看订单详细信息请点击以下链接
	</p>
<p style="" padding-left:="" 30px;=""><a href="{$site_url}/index.php?act=member&amp;op=show_order&amp;order_id={$order_id}" target="_blank">{$site_url}/index.php?act=member&amp;op=show_order&amp;order_id={$order_id}</a> 
</p>
<p style="text-align: right;" text-align:="" right;="">{$site_name}
	</p>
<p style="text-align: right;" text-align:="" right;="">{$mail_send_time}
</p>','0','1');
INSERT INTO `shopnc_mail_msg_temlates` (`name`,`title`,`code`,`content`,`type`,`mail_switch`) VALUES('<strong>[给买家]</strong>店铺确认收到即时到帐的货款并完成交易的邮件通知','{$site_name}提醒:店铺{$store_name}确认收到了您的货款，交易完成！','email_tobuyer_cod_order_finish_notify','<p>
	尊敬的{$buyer_name}:
</p>
<p style="" padding-left:="" 30px;="">与您交易的店铺{$store_name}已经确认收到了您的货到付款订单{$order_sn}的付款，交易完成！您可以到用户中心-&gt;我的订单中对该交易进行评价。
	</p>
<p style="" padding-left:="" 30px;="">查看订单详细信息请点击以下链接
</p>
<p style="" padding-left:="" 30px;=""><a href="{$site_url}/index.php?act=member&amp;op=show_order&amp;order_id={$order_id}" target="_blank">{$site_url}/index.php?act=member&amp;op=show_order&amp;order_id={$order_id}</a> 
	</p>
<p style="" padding-left:="" 30px;="">查看我的订单列表请点击以下链接
</p>
<p style="" padding-left:="" 30px;=""><a href="{$site_url}/index.php?act=member&amp;op=order" target="_blank">{$site_url}/index.php?act=member&amp;op=order</a> 
	</p>
<p style="text-align: right;" text-align:="" right;="">{$site_name}
</p>
<p style="text-align: right;" text-align:="" right;="">{$mail_send_time}
	</p>','0','1');
INSERT INTO `shopnc_mail_msg_temlates` (`name`,`title`,`code`,`content`,`type`,`mail_switch`) VALUES('<strong>[给买家]</strong>店铺已确认了订单的邮件通知','{$site_name}提醒:店铺{$store_name}已确认了您的订单','email_tobuyer_confirm_cod_order_notify','尊敬的{$buyer_name}:
<p style="" padding-left:="" 30px;="">与您交易的店铺{$store_name}已经确认了您的货到付款订单{$order_sn}，请耐心等待发货。
	</p>
<p style="" padding-left:="" 30px;="">查看订单详细信息请点击以下链接
</p>
<p style="" padding-left:="" 30px;=""><a href="{$site_url}/index.php?act=member&amp;op=show_order&amp;order_id={$order_id}" target="_blank">{$site_url}/index.php?act=member&amp;op=show_order&amp;order_id={$order_id}</a> 
	</p>
<p style="text-align: right;" text-align:="" right;="">{$site_name}
</p>
<p style="text-align: right;" text-align:="" right;="">{$mail_send_time}
	</p>','0','1');
INSERT INTO `shopnc_mail_msg_temlates` (`name`,`title`,`code`,`content`,`type`,`mail_switch`) VALUES('<strong>[给买家]</strong>订单已生成的邮件通知','{$site_name}提醒:您的订单已生成','email_tobuyer_new_order_notify','尊敬的{$buyer_name}:
<p style="" padding-left:="" 30px;="">您在{$site_name}上下的订单已生成，订单号{$order_sn}。
	</p>
<p style="" padding-left:="" 30px;="">查看订单详细信息请点击以下链接
</p>
<p style="" padding-left:="" 30px;=""><a href="{$site_url}/index.php?act=member&amp;op=show_order&amp;order_id={$order_id}" target="_blank">{$site_url}/index.php?act=member&amp;op=show_order&amp;order_id={$order_id}</a> 
	</p>
<p style="text-align: right;" text-align:="" right;="">{$site_name}
</p>
<p style="text-align: right;" text-align:="" right;="">{$mail_send_time}
	</p>','0','1');
INSERT INTO `shopnc_mail_msg_temlates` (`name`,`title`,`code`,`content`,`type`,`mail_switch`) VALUES('<strong>[给买家]</strong>店铺确认收到线下支付的货款的邮件通知','{$site_name}提醒:店铺{$store_name}已确认收到了您线下支付的货款','email_tobuyer_offline_pay_success_notify','尊敬的{$buyer_name}:
<p style="" padding-left:="" 30px;="">与您交易的店铺{$store_name}已经确认了收到了您的订单{$order_sn}的付款，请耐心等待卖家发货。
	</p>
<p style="" padding-left:="" 30px;="">查看订单详细信息请点击以下链接
</p>
<p style="" padding-left:="" 30px;=""><a href="{$site_url}/index.php?act=member&amp;op=show_order&amp;order_id={$order_id}" target="_blank">{$site_url}/index.php?act=member&amp;op=show_order&amp;order_id={$order_id}</a> 
	</p>
<p style="text-align: right;" text-align:="" right;="">{$site_name}
</p>
<p style="text-align: right;" text-align:="" right;="">{$mail_send_time}
	</p>','0','1');
INSERT INTO `shopnc_mail_msg_temlates` (`name`,`title`,`code`,`content`,`type`,`mail_switch`) VALUES('<strong>[给买家]</strong>订单已发货的邮件通知','{$site_name}提醒:您的订单{$order_sn}已发货','email_tobuyer_shipped_notify','尊敬的{$buyer_name}:
<p style="" padding-left:="" 30px;="">与您交易的店铺{$store_name}已经给您的订单{$order_sn}发货了，请注意查收。
	</p>
<p style="" padding-left:="" 30px;="">发货单号：{$invoice_no}
</p>
<p style="" padding-left:="" 30px;="">查看订单详细信息请点击以下链接
	</p>
<p style="" padding-left:="" 30px;=""><a href="{$site_url}/index.php?act=member&amp;op=show_order&amp;order_id={$order_id}" target="_blank">{$site_url}/index.php?act=member&amp;op=show_order&amp;order_id={$order_id}</a> 
</p>
<p style="text-align: right;" text-align:="" right;="">{$site_name}
	</p>
	<div style="text-align:right;">
	</div>
<p style="text-align: right;" text-align:="" right;="">{$mail_send_time}
</p>','0','1');
INSERT INTO `shopnc_mail_msg_temlates` (`name`,`title`,`code`,`content`,`type`,`mail_switch`) VALUES('<strong>[给卖家]</strong>买家取消了订单的邮件通知','{$site_name}提醒:买家{$buyer_name}取消了订单{$order_sn}','email_toseller_cancel_order_notify','尊敬的{$seller_name}:
<p style="" padding-left:="" 30px;="">买家{$buyer_name}已经取消了与您交易的订单{$order_sn}。</p>
<p style="" padding-left:="" 30px;="">原因：{$reason}</p>
<p style="" padding-left:="" 30px;="">查看订单详细信息请点击以下链接</p>
<p style="" padding-left:="" 30px;=""><a href="{$site_url}/index.php?act=store&amp;op=show_order&amp;order_id={$order_id}" target="_blank">{$site_url}/index.php?act=store&amp;op=show_order&amp;order_id={$order_id}</a></p>
<p style="" padding-left:="" 30px;="">查看您的订单列表管理页请点击以下链接</p>
<p style="" padding-left:="" 30px;=""><a href="{$site_url}/index.php?act=store&amp;op=store_order" target="_blank">{$site_url}/index.php?act=store&amp;op=store_order</a></p>
<p style="text-align: right;" text-align:="" right;="">{$site_name}</p>
<p style="text-align: right;" text-align:="" right;="">{$mail_send_time}</p>','0','1');
INSERT INTO `shopnc_mail_msg_temlates` (`name`,`title`,`code`,`content`,`type`,`mail_switch`) VALUES('<strong>[给卖家]</strong>买家确认了订单并完成交易的邮件通知','{$site_name}提醒:买家确认了与您交易的订单{$order_sn}，交易完成','email_toseller_finish_notify','尊敬的{$seller_name}:
<p style="" padding-left:="" 30px;="">买家{$buyer_name}已经确认了与您交易的订单{$order_sn}。交易完成</p>
<p style="" padding-left:="" 30px;="">查看订单详细信息请点击以下链接</p>
<p style="" padding-left:="" 30px;=""><a href="{$site_url}/index.php?act=store&amp;op=show_order&amp;order_id={$order_id}" target="_blank">{$site_url}/index.php?act=store&amp;op=show_order&amp;order_id={$order_id}</a></p>
<p style="" padding-left:="" 30px;="">查看您的订单列表管理页请点击以下链接</p>
<p style="" padding-left:="" 30px;=""><a href="{$site_url}/index.php?act=store&amp;op=store_order" target="_blank">{$site_url}/index.php?act=store&amp;op=store_order</a></p>
<p style="text-align: right;" text-align:="" right;="">{$site_name}</p>
<p style="text-align: right;" text-align:="" right;="">{$mail_send_time}</p>','0','1');
INSERT INTO `shopnc_mail_msg_temlates` (`name`,`title`,`code`,`content`,`type`,`mail_switch`) VALUES('<strong>[给卖家]</strong>有新订单需要处理的邮件通知','{$site_name}提醒:您有一个新订单需要处理','email_toseller_new_order_notify','尊敬的{$seller_name}:
<p style="" padding-left:="" 30px;="">您有一个新的订单需要处理，订单号{$order_sn}，请尽快处理。</p>
<p style="" padding-left:="" 30px;="">查看订单详细信息请点击以下链接</p>
<p style="" padding-left:="" 30px;=""><a href="{$site_url}/index.php?act=store&amp;op=show_order&amp;order_id={$order_id}" target="_blank">{$site_url}/index.php?act=store&amp;op=show_order&amp;order_id={$order_id}</a></p>
<p style="" padding-left:="" 30px;="">查看您的订单列表管理页请点击以下链接</p>
<p style="" padding-left:="" 30px;=""><a href="{$site_url}/index.php?act=store&amp;op=store_order" target="_blank">{$site_url}/index.php?act=store&amp;op=store_order</a></p>
<p style="text-align: right;" text-align:="" right;="">{$site_name}</p>
<p style="text-align: right;" text-align:="" right;="">{$mail_send_time}</p>','0','1');
INSERT INTO `shopnc_mail_msg_temlates` (`name`,`title`,`code`,`content`,`type`,`mail_switch`) VALUES('<strong>[给卖家]</strong>买家已经完成线下付款的邮件通知','{$site_name}提醒:买家{$buyer_name}已通过线下支付支付了订单的费用','email_toseller_offline_pay_notify','尊敬的{$seller_name}:
<p style="" padding-left:="" 30px;="">买家{$buyer_name}已通过线下支付支付了与您交易的订单{$order_sn}。请注意查收。</p>
<p style="" padding-left:="" 30px;="">支付信息：{$pay_message}</p>
<p style="" padding-left:="" 30px;="">查看订单详细信息请点击以下链接</p>
<p style="" padding-left:="" 30px;=""><a href="{$site_url}/index.php?act=store&amp;op=show_order&amp;order_id={$order_id}" target="_blank">{$site_url}/index.php?act=store&amp;op=show_order&amp;order_id={$order_id}</a></p>
<p style="" padding-left:="" 30px;="">查看您的订单列表管理页请点击以下链接</p>
<p style="" padding-left:="" 30px;=""><a href="{$site_url}/index.php?act=store&amp;op=store_order" target="_blank">{$site_url}/index.php?act=store&amp;op=store_order</a></p>
<p style="text-align: right;" text-align:="" right;="">{$site_name}</p>
<p style="text-align: right;" text-align:="" right;="">{$mail_send_time}</p>','0','1');
INSERT INTO `shopnc_mail_msg_temlates` (`name`,`title`,`code`,`content`,`type`,`mail_switch`) VALUES('<strong>[给卖家]</strong>买家已付款的邮件通知','{$site_name}提醒:买家{$buyer_name}已付款','email_toseller_online_pay_success_notify','尊敬的{$seller_name}:
<p style="" padding-left:="" 30px;="">买家{$buyer_name}已通过线上支付完成了订单{$.order_sn}的付款，请核实并尽快安排发货。</p>
<p style="" padding-left:="" 30px;="">查看订单详细信息请点击以下链接</p>
<p style="" padding-left:="" 30px;=""><a href="{$site_url}/index.php?act=store&amp;op=show_order&amp;order_id={$order_id}" target="_blank">{$site_url}/index.php?act=store&amp;op=show_order&amp;order_id={$order_id}</a></p>
<p style="" padding-left:="" 30px;="">查看您的订单列表管理页请点击以下链接</p>
<p style="" padding-left:="" 30px;=""><a href="{$site_url}/index.php?act=store&amp;op=store_order" target="_blank">{$site_url}/index.php?act=store&amp;op=store_order</a></p>
<p style="text-align: right;" text-align:="" right;="">{$site_name}</p>
<p style="text-align: right;" text-align:="" right;="">{$mail_send_time}</p>','0','1');
INSERT INTO `shopnc_mail_msg_temlates` (`name`,`title`,`code`,`content`,`type`,`mail_switch`) VALUES('<strong>[给用户]</strong>用户修改了密码的邮件通知','{$site_name}提醒:{$user_name}修改密码设置','email_touser_find_password','<p>尊敬的{$user_name}:</p>
<p>您好, 您刚才在{$site_name}申请了重置密码，您的新密码为<span style="color:#ff9900;">{$new_password}</span>。</p>
<p>请点击<a href="{$site_url}" target="_blank">{$site_url}</a>登录，修改您的新密码。</p>
<p style="text-align:right;">{$site_name}</p>
<p style="text-align:right;">{$mail_send_time}</p>','0','1');
INSERT INTO `shopnc_mail_msg_temlates` (`name`,`title`,`code`,`content`,`type`,`mail_switch`) VALUES('<strong>[给卖家]</strong>店铺被管理员关闭时的通知',NULL,'msg_toseller_store_closed_notify','您的店铺已被关闭，原因是：{$reason}','1','1');
INSERT INTO `shopnc_mail_msg_temlates` (`name`,`title`,`code`,`content`,`type`,`mail_switch`) VALUES('<strong>[给卖家]</strong>店铺过期被自动关闭时的通知',NULL,'msg_toseller_store_expired_closed_notify','您的店铺已被关闭，原因是：店铺已到期','1','1');
INSERT INTO `shopnc_mail_msg_temlates` (`name`,`title`,`code`,`content`,`type`,`mail_switch`) VALUES('<strong>[给卖家]</strong>商品被管理员删除时的通知',NULL,'msg_toseller_goods_droped_notify','管理员删除了您的商品：{$goods_name}\\r\\n原因是：{$reason}','1','1');
INSERT INTO `shopnc_mail_msg_temlates` (`name`,`title`,`code`,`content`,`type`,`mail_switch`) VALUES('<strong>[给卖家]</strong>品牌申请通过审核时的通知',NULL,'msg_toseller_brand_passed_notify','恭喜！您申请的品牌 {$brand_name} 已通过审核。','1','1');
INSERT INTO `shopnc_mail_msg_temlates` (`name`,`title`,`code`,`content`,`type`,`mail_switch`) VALUES('<strong>[给卖家]</strong>品牌申请被拒绝时的通知',NULL,'msg_toseller_brand_refused_notify','抱歉，您申请的品牌 {$brand_name} 已被拒绝，原因如下：\\r\\n{$reason}','1','1');
INSERT INTO `shopnc_mail_msg_temlates` (`name`,`title`,`code`,`content`,`type`,`mail_switch`) VALUES('<strong>[给卖家]</strong>店铺被管理员删除时的通知',NULL,'msg_toseller_store_droped_notify','您的店铺已被删除','1','1');
INSERT INTO `shopnc_mail_msg_temlates` (`name`,`title`,`code`,`content`,`type`,`mail_switch`) VALUES('<strong>[给卖家]</strong>开店申请被通过时的通知',NULL,'msg_toseller_store_passed_notify','恭喜，您的店铺已开通，赶快来用户中心发布商品吧。','1','1');
INSERT INTO `shopnc_mail_msg_temlates` (`name`,`title`,`code`,`content`,`type`,`mail_switch`) VALUES('<strong>[给卖家]</strong>开店申请被拒绝时的通知',NULL,'msg_toseller_store_refused_notify','抱歉，您的开店申请已被拒绝，原因如下： {$reason}','1','1');
INSERT INTO `shopnc_mail_msg_temlates` (`name`,`title`,`code`,`content`,`type`,`mail_switch`) VALUES('<strong>[给卖家]</strong>购买搭配套餐后的金币消费通知',NULL,'msg_toseller_bundling_gold_consume_notify','您成功购买搭配套餐活动{$buy_month}个月，单价{$bundling_price}金币，总共花费{$pay_gold}金币，时间从{$mail_send_time}开始计算','1','1');
INSERT INTO `shopnc_member` (`member_id`,`member_name`,`member_truename`,`store_id`,`member_avatar`,`member_sex`,`member_birthday`,`member_passwd`,`member_email`,`member_qq`,`member_msn`,`member_ww`,`member_login_num`,`member_time`,`member_login_time`,`member_old_login_time`,`member_login_ip`,`member_old_login_ip`,`member_goldnum`,`member_goldnumcount`,`member_goldnumminus`,`member_qqopenid`,`member_qqinfo`,`member_sinaopenid`,`member_sinainfo`,`member_points`,`available_predeposit`,`freeze_predeposit`,`inform_allow`,`is_buy`,`is_allowtalk`,`member_state`,`member_credit`,`member_snsvisitnum`,`member_areaid`,`member_cityid`,`member_provinceid`,`member_areainfo`) VALUES('5','shopnc','网城创想','2','e102c3d38990428473e4bc9961263ede_small.jpg','1','2008-01-02','804451dc13014b1c785fb73b1617b760','123456@qq.com','1234567','1234567@hotmail.com',NULL,'70','1291605953','1361906655','1336124138','119.147.167.229',NULL,'0','0','0',NULL,NULL,NULL,NULL,'0','0.00','0.00','1','1','1','1','0','0',NULL,NULL,NULL,NULL);
INSERT INTO `shopnc_member` (`member_id`,`member_name`,`member_truename`,`store_id`,`member_avatar`,`member_sex`,`member_birthday`,`member_passwd`,`member_email`,`member_qq`,`member_msn`,`member_ww`,`member_login_num`,`member_time`,`member_login_time`,`member_old_login_time`,`member_login_ip`,`member_old_login_ip`,`member_goldnum`,`member_goldnumcount`,`member_goldnumminus`,`member_qqopenid`,`member_qqinfo`,`member_sinaopenid`,`member_sinainfo`,`member_points`,`available_predeposit`,`freeze_predeposit`,`inform_allow`,`is_buy`,`is_allowtalk`,`member_state`,`member_credit`,`member_snsvisitnum`,`member_areaid`,`member_cityid`,`member_provinceid`,`member_areainfo`) VALUES('6','liujindi',NULL,'3',NULL,NULL,NULL,'73fee192744f842a611a5ec336459f5c','407525530@qq.com',NULL,NULL,NULL,'1','1361940155','1361940155','1361940155','27.152.177.228','27.152.177.228','999900','1000000','100','98A2ACC5033795CD3CCE32379C1B5529',NULL,NULL,NULL,'0','99899999.99','0.00','1','1','1','1','0','1',NULL,NULL,NULL,NULL);

INSERT INTO `shopnc_navigation` (`nav_id`,`nav_type`,`nav_title`,`nav_url`,`nav_location`,`nav_new_open`,`nav_sort`,`item_id`) VALUES('6','0','关于ShopNC','index.php?act=article&article_id=22','2','0','255','0');
INSERT INTO `shopnc_navigation` (`nav_id`,`nav_type`,`nav_title`,`nav_url`,`nav_location`,`nav_new_open`,`nav_sort`,`item_id`) VALUES('7','0','联系我们','index.php?act=article&article_id=23','2','0','240','0');
INSERT INTO `shopnc_navigation` (`nav_id`,`nav_type`,`nav_title`,`nav_url`,`nav_location`,`nav_new_open`,`nav_sort`,`item_id`) VALUES('8','0','广告合作','index.php?act=article&article_id=25','2','0','220','0');
INSERT INTO `shopnc_navigation` (`nav_id`,`nav_type`,`nav_title`,`nav_url`,`nav_location`,`nav_new_open`,`nav_sort`,`item_id`) VALUES('9','0','招聘英才','index.php?act=article&article_id=24','2','0','210','0');
INSERT INTO `shopnc_navigation` (`nav_id`,`nav_type`,`nav_title`,`nav_url`,`nav_location`,`nav_new_open`,`nav_sort`,`item_id`) VALUES('10','3','运动专场',NULL,'1','0','255','1');

INSERT INTO `shopnc_payment` (`payment_id`,`payment_code`,`payment_name`,`payment_info`,`payment_config`,`store_id`,`payment_online`,`payment_state`,`payment_sort`) VALUES('4','offline','线下支付',NULL,'','2','0','1','0');
INSERT INTO `shopnc_payment` (`payment_id`,`payment_code`,`payment_name`,`payment_info`,`payment_config`,`store_id`,`payment_online`,`payment_state`,`payment_sort`) VALUES('5','predeposit','预存款支付',NULL,'','3','0','1','0');

INSERT INTO `shopnc_points_goods` (`pgoods_id`,`pgoods_name`,`pgoods_price`,`pgoods_points`,`pgoods_image`,`pgoods_tag`,`pgoods_serial`,`pgoods_storage`,`pgoods_show`,`pgoods_commend`,`pgoods_add_time`,`pgoods_keywords`,`pgoods_description`,`pgoods_body`,`pgoods_state`,`pgoods_close_reason`,`pgoods_salenum`,`pgoods_view`,`pgoods_islimit`,`pgoods_limitnum`,`pgoods_freightcharge`,`pgoods_freightprice`,`pgoods_islimittime`,`pgoods_starttime`,`pgoods_endtime`,`pgoods_sort`) VALUES('1','奥利奥 双心脆威化饼干14.5g*16','12.00','300','23d29b33704d79e94b83217dcca1308f.jpg','奥利奥','00000222221','19','1','1','1322032163','奥利奥','奥利奥','<table class="ke-zeroborder" border="0" cellpadding="1" cellspacing="1" width="800"><tbody><tr><td style="font-weight:bold;" width="100"><p><span style="color:#000000;font-family:宋体;font-size:18px;">商品名称：</span></p>
<span style="font-size:18px;">             </span></td>
            <td style="font-weight:bold;"><span style="color:#000000;font-family:宋体;font-size:18px;">奥利奥 双心脆威化饼干14.5g*16</span></td>
        </tr>
        <tr>
            <td style="font-weight:bold;"><span style="color:#000000;font-family:宋体;font-size:18px;">品牌：</span></td>
            <td style="font-weight:bold;"><span style="color:#000000;font-family:宋体;font-size:18px;">奥利奥</span></td>
        </tr>
        <tr>
            <td style="font-weight:bold;"><span style="color:#000000;font-family:宋体;font-size:18px;">规格：</span></td>
            <td style="font-weight:bold;"><span style="color:#000000;font-family:宋体;font-size:18px;">14.5g*16</span></td>
        </tr>
        <tr>
            <td style="font-weight:bold;"><span style="color:#000000;font-family:宋体;font-size:18px;">包装：</span></td>
            <td style="font-weight:bold;"><span style="color:#000000;font-family:宋体;font-size:18px;">盒</span></td>
        </tr>
        <tr>
            <td style="font-weight:bold;"><span style="color:#000000;font-family:宋体;font-size:18px;">原产地：</span></td>
            <td style="font-weight:bold;"><span style="color:#000000;font-family:宋体;font-size:18px;">中国大陆</span></td>
        </tr>
        <tr>
            <td style="font-weight:bold;"><span style="color:#000000;font-family:宋体;font-size:18px;">保质期：</span></td>
            <td style="font-weight:bold;"><span style="color:#000000;font-family:宋体;font-size:18px;">365天</span></td>
        </tr>
        <tr>
            <td style="font-weight:bold;"><span style="color:#000000;font-family:宋体;font-size:18px;">储藏方法：</span></td>
            <td style="font-weight:bold;"><span style="color:#000000;font-family:宋体;font-size:18px;">存放于阴凉干爽处，避免阳光直射</span></td>
        </tr>
        <tr>
            <td style="font-weight:bold;"><span style="color:#000000;font-family:宋体;font-size:18px;">商品形态：</span></td>
            <td style="font-weight:bold;"><span style="color:#000000;font-family:宋体;font-size:18px;">固态</span></td>
        </tr>
        <tr>
            <td style="font-weight:bold;"><span style="color:#000000;font-family:宋体;font-size:18px;">食用方法：</span></td>
            <td style="font-weight:bold;"><span style="color:#000000;font-family:宋体;font-size:18px;">开启即食</span></td>
</tr>
</tbody>
</table>
<img src="./upload/pointprod/3496d92e7c800e041393f1f94fb2e054.jpg" alt="upload/pointprod/3496d92e7c800e041393f1f94fb2e054.jpg" /><img src="./upload/pointprod/aac6ff227c0e83e9b6af2f090ae91547.jpg" alt="upload/pointprod/aac6ff227c0e83e9b6af2f090ae91547.jpg" />','0',NULL,'1','21','0',NULL,'1','5.00','0',NULL,NULL,'0');
INSERT INTO `shopnc_points_goods` (`pgoods_id`,`pgoods_name`,`pgoods_price`,`pgoods_points`,`pgoods_image`,`pgoods_tag`,`pgoods_serial`,`pgoods_storage`,`pgoods_show`,`pgoods_commend`,`pgoods_add_time`,`pgoods_keywords`,`pgoods_description`,`pgoods_body`,`pgoods_state`,`pgoods_close_reason`,`pgoods_salenum`,`pgoods_view`,`pgoods_islimit`,`pgoods_limitnum`,`pgoods_freightcharge`,`pgoods_freightprice`,`pgoods_islimittime`,`pgoods_starttime`,`pgoods_endtime`,`pgoods_sort`) VALUES('2','馨牌 提花格子毛巾【测试数据】','13.00','300','c98bc897edfa1036958cd17473f40819.jpg','','00000222212','20','1','0','1322034560',NULL,NULL,'<span style="font-family:宋体;"><span style="font-size:x-small;">规格：34*76CM<br />
颜色：蓝色、粉色、米黄色，随机发送<br />
安全标准：GB18401-2003&nbsp;&nbsp;&nbsp; B类（直接接触皮肤类）<br />
执行标准：F2/T62006-2004<br />
所有产品经过金属、验针检测。每款毛巾均配有外包装袋。</span></span>','0',NULL,'0','1','0',NULL,'0','0.00','0',NULL,NULL,'0');

INSERT INTO `shopnc_predeposit_log` (`pdlog_id`,`pdlog_memberid`,`pdlog_membername`,`pdlog_adminid`,`pdlog_adminname`,`pdlog_stage`,`pdlog_type`,`pdlog_price`,`pdlog_addtime`,`pdlog_desc`) VALUES('1','6','liujindi','1','admin','admin','0','99999999.99','1361940230',NULL);
INSERT INTO `shopnc_predeposit_log` (`pdlog_id`,`pdlog_memberid`,`pdlog_membername`,`pdlog_adminid`,`pdlog_adminname`,`pdlog_stage`,`pdlog_type`,`pdlog_price`,`pdlog_addtime`,`pdlog_desc`) VALUES('2','6','liujindi',NULL,NULL,'order','0','-100000.00','1361942412','金币充值减少预存款可用金额');

INSERT INTO `shopnc_predeposit_recharge` (`pdr_id`,`pdr_sn`,`pdr_memberid`,`pdr_membername`,`pdr_price`,`pdr_payment`,`pdr_onlinecode`,`pdr_remittancename`,`pdr_remittancebank`,`pdr_remittancedate`,`pdr_memberremark`,`pdr_addtime`,`pdr_state`,`pdr_paystate`,`pdr_adminid`,`pdr_adminname`,`pdr_adminremark`) VALUES('1','pre2013022710052100','6','liujindi','1.00','tenpay',NULL,NULL,NULL,NULL,NULL,'1361940793','0','0',NULL,NULL,NULL);
INSERT INTO `shopnc_predeposit_recharge` (`pdr_id`,`pdr_sn`,`pdr_memberid`,`pdr_membername`,`pdr_price`,`pdr_payment`,`pdr_onlinecode`,`pdr_remittancename`,`pdr_remittancebank`,`pdr_remittancedate`,`pdr_memberremark`,`pdr_addtime`,`pdr_state`,`pdr_paystate`,`pdr_adminid`,`pdr_adminname`,`pdr_adminremark`) VALUES('2','pre2013022751545797','6','liujindi','1.00','tenpay',NULL,NULL,NULL,NULL,NULL,'1361940811','0','0',NULL,NULL,NULL);
INSERT INTO `shopnc_predeposit_recharge` (`pdr_id`,`pdr_sn`,`pdr_memberid`,`pdr_membername`,`pdr_price`,`pdr_payment`,`pdr_onlinecode`,`pdr_remittancename`,`pdr_remittancebank`,`pdr_remittancedate`,`pdr_memberremark`,`pdr_addtime`,`pdr_state`,`pdr_paystate`,`pdr_adminid`,`pdr_adminname`,`pdr_adminremark`) VALUES('3','pre2013022755555554','6','liujindi','1.00','alipay',NULL,NULL,NULL,NULL,NULL,'1361940920','0','0',NULL,NULL,NULL);
INSERT INTO `shopnc_predeposit_recharge` (`pdr_id`,`pdr_sn`,`pdr_memberid`,`pdr_membername`,`pdr_price`,`pdr_payment`,`pdr_onlinecode`,`pdr_remittancename`,`pdr_remittancebank`,`pdr_remittancedate`,`pdr_memberremark`,`pdr_addtime`,`pdr_state`,`pdr_paystate`,`pdr_adminid`,`pdr_adminname`,`pdr_adminremark`) VALUES('4','pre2013022749524856','6','liujindi','1.00','tenpay',NULL,NULL,NULL,NULL,NULL,'1361940929','0','0',NULL,NULL,NULL);
INSERT INTO `shopnc_predeposit_recharge` (`pdr_id`,`pdr_sn`,`pdr_memberid`,`pdr_membername`,`pdr_price`,`pdr_payment`,`pdr_onlinecode`,`pdr_remittancename`,`pdr_remittancebank`,`pdr_remittancedate`,`pdr_memberremark`,`pdr_addtime`,`pdr_state`,`pdr_paystate`,`pdr_adminid`,`pdr_adminname`,`pdr_adminremark`) VALUES('5','pre2013022799850101','6','liujindi','1.00','tenpay',NULL,NULL,NULL,NULL,NULL,'1361941635','0','0',NULL,NULL,NULL);

INSERT INTO `shopnc_recommend` (`recommend_id`,`recommend_name`,`recommend_code`,`recommend_desc`,`recommend_config`) VALUES('1','特别推荐','best_item','这里面的商品将在首页的特别推荐区域显示',NULL);
INSERT INTO `shopnc_recommend` (`recommend_id`,`recommend_name`,`recommend_code`,`recommend_desc`,`recommend_config`) VALUES('2','男女服饰','clothing_item','这里面的商品将在首页的男女服饰区域显示',NULL);
INSERT INTO `shopnc_recommend` (`recommend_id`,`recommend_name`,`recommend_code`,`recommend_desc`,`recommend_config`) VALUES('3','鞋包配饰','ornament_item','这里面的商品将在首页的鞋包配饰区域显示',NULL);
INSERT INTO `shopnc_recommend` (`recommend_id`,`recommend_name`,`recommend_code`,`recommend_desc`,`recommend_config`) VALUES('4','美容美妆','cosmetic_item','这里面的商品将在首页的美容美妆区域显示',NULL);
INSERT INTO `shopnc_recommend` (`recommend_id`,`recommend_name`,`recommend_code`,`recommend_desc`,`recommend_config`) VALUES('5','运动户外','sports_item','这里面的商品将在首页的运动户外区域显示',NULL);
INSERT INTO `shopnc_recommend` (`recommend_id`,`recommend_name`,`recommend_code`,`recommend_desc`,`recommend_config`) VALUES('6','数码家电','electron_item','这里面的商品将在首页的数码家电区域显示',NULL);
INSERT INTO `shopnc_recommend` (`recommend_id`,`recommend_name`,`recommend_code`,`recommend_desc`,`recommend_config`) VALUES('7','家居家装','furniture_item','这里面的商品将在首页的家居家装区域显示',NULL);
INSERT INTO `shopnc_recommend` (`recommend_id`,`recommend_name`,`recommend_code`,`recommend_desc`,`recommend_config`) VALUES('8','食品保健','food_item','这里面的商品将在首页的食品保健区域显示',NULL);
INSERT INTO `shopnc_recommend` (`recommend_id`,`recommend_name`,`recommend_code`,`recommend_desc`,`recommend_config`) VALUES('9','母婴用品','gravida_item','这里面的商品将在首页的母婴用品区域显示',NULL);

INSERT INTO `shopnc_recommend_goods` (`recommend_id`,`goods_id`,`sort`) VALUES('2','2','255');
INSERT INTO `shopnc_recommend_goods` (`recommend_id`,`goods_id`,`sort`) VALUES('6','11','10');
INSERT INTO `shopnc_recommend_goods` (`recommend_id`,`goods_id`,`sort`) VALUES('1','79','255');
INSERT INTO `shopnc_recommend_goods` (`recommend_id`,`goods_id`,`sort`) VALUES('4','44','3');
INSERT INTO `shopnc_recommend_goods` (`recommend_id`,`goods_id`,`sort`) VALUES('9','45','1');
INSERT INTO `shopnc_recommend_goods` (`recommend_id`,`goods_id`,`sort`) VALUES('9','57','7');
INSERT INTO `shopnc_recommend_goods` (`recommend_id`,`goods_id`,`sort`) VALUES('9','56','2');
INSERT INTO `shopnc_recommend_goods` (`recommend_id`,`goods_id`,`sort`) VALUES('9','54','9');
INSERT INTO `shopnc_recommend_goods` (`recommend_id`,`goods_id`,`sort`) VALUES('9','53','5');
INSERT INTO `shopnc_recommend_goods` (`recommend_id`,`goods_id`,`sort`) VALUES('5','70','255');
INSERT INTO `shopnc_recommend_goods` (`recommend_id`,`goods_id`,`sort`) VALUES('5','66','255');
INSERT INTO `shopnc_recommend_goods` (`recommend_id`,`goods_id`,`sort`) VALUES('5','64','255');
INSERT INTO `shopnc_recommend_goods` (`recommend_id`,`goods_id`,`sort`) VALUES('5','63','255');
INSERT INTO `shopnc_recommend_goods` (`recommend_id`,`goods_id`,`sort`) VALUES('5','62','255');
INSERT INTO `shopnc_recommend_goods` (`recommend_id`,`goods_id`,`sort`) VALUES('5','61','255');
INSERT INTO `shopnc_recommend_goods` (`recommend_id`,`goods_id`,`sort`) VALUES('5','60','255');
INSERT INTO `shopnc_recommend_goods` (`recommend_id`,`goods_id`,`sort`) VALUES('5','58','255');
INSERT INTO `shopnc_recommend_goods` (`recommend_id`,`goods_id`,`sort`) VALUES('5','55','255');
INSERT INTO `shopnc_recommend_goods` (`recommend_id`,`goods_id`,`sort`) VALUES('5','52','255');
INSERT INTO `shopnc_recommend_goods` (`recommend_id`,`goods_id`,`sort`) VALUES('4','43','8');
INSERT INTO `shopnc_recommend_goods` (`recommend_id`,`goods_id`,`sort`) VALUES('4','42','4');
INSERT INTO `shopnc_recommend_goods` (`recommend_id`,`goods_id`,`sort`) VALUES('4','49','5');
INSERT INTO `shopnc_recommend_goods` (`recommend_id`,`goods_id`,`sort`) VALUES('4','47','7');
INSERT INTO `shopnc_recommend_goods` (`recommend_id`,`goods_id`,`sort`) VALUES('9','51','10');
INSERT INTO `shopnc_recommend_goods` (`recommend_id`,`goods_id`,`sort`) VALUES('9','50','3');
INSERT INTO `shopnc_recommend_goods` (`recommend_id`,`goods_id`,`sort`) VALUES('9','48','8');
INSERT INTO `shopnc_recommend_goods` (`recommend_id`,`goods_id`,`sort`) VALUES('9','46','4');
INSERT INTO `shopnc_recommend_goods` (`recommend_id`,`goods_id`,`sort`) VALUES('4','39','9');
INSERT INTO `shopnc_recommend_goods` (`recommend_id`,`goods_id`,`sort`) VALUES('4','38','6');
INSERT INTO `shopnc_recommend_goods` (`recommend_id`,`goods_id`,`sort`) VALUES('4','37','10');
INSERT INTO `shopnc_recommend_goods` (`recommend_id`,`goods_id`,`sort`) VALUES('4','41','1');
INSERT INTO `shopnc_recommend_goods` (`recommend_id`,`goods_id`,`sort`) VALUES('4','40','2');
INSERT INTO `shopnc_recommend_goods` (`recommend_id`,`goods_id`,`sort`) VALUES('1','80','255');
INSERT INTO `shopnc_recommend_goods` (`recommend_id`,`goods_id`,`sort`) VALUES('3','31','255');
INSERT INTO `shopnc_recommend_goods` (`recommend_id`,`goods_id`,`sort`) VALUES('3','32','255');
INSERT INTO `shopnc_recommend_goods` (`recommend_id`,`goods_id`,`sort`) VALUES('3','34','255');
INSERT INTO `shopnc_recommend_goods` (`recommend_id`,`goods_id`,`sort`) VALUES('3','35','255');
INSERT INTO `shopnc_recommend_goods` (`recommend_id`,`goods_id`,`sort`) VALUES('3','36','255');
INSERT INTO `shopnc_recommend_goods` (`recommend_id`,`goods_id`,`sort`) VALUES('2','25','255');
INSERT INTO `shopnc_recommend_goods` (`recommend_id`,`goods_id`,`sort`) VALUES('2','27','255');
INSERT INTO `shopnc_recommend_goods` (`recommend_id`,`goods_id`,`sort`) VALUES('2','28','255');
INSERT INTO `shopnc_recommend_goods` (`recommend_id`,`goods_id`,`sort`) VALUES('2','19','255');
INSERT INTO `shopnc_recommend_goods` (`recommend_id`,`goods_id`,`sort`) VALUES('2','21','255');
INSERT INTO `shopnc_recommend_goods` (`recommend_id`,`goods_id`,`sort`) VALUES('2','22','255');
INSERT INTO `shopnc_recommend_goods` (`recommend_id`,`goods_id`,`sort`) VALUES('2','24','255');
INSERT INTO `shopnc_recommend_goods` (`recommend_id`,`goods_id`,`sort`) VALUES('7','13','2');
INSERT INTO `shopnc_recommend_goods` (`recommend_id`,`goods_id`,`sort`) VALUES('7','14','4');
INSERT INTO `shopnc_recommend_goods` (`recommend_id`,`goods_id`,`sort`) VALUES('7','15','8');
INSERT INTO `shopnc_recommend_goods` (`recommend_id`,`goods_id`,`sort`) VALUES('7','17','1');
INSERT INTO `shopnc_recommend_goods` (`recommend_id`,`goods_id`,`sort`) VALUES('7','18','5');
INSERT INTO `shopnc_recommend_goods` (`recommend_id`,`goods_id`,`sort`) VALUES('9','59','6');
INSERT INTO `shopnc_recommend_goods` (`recommend_id`,`goods_id`,`sort`) VALUES('2','12','255');
INSERT INTO `shopnc_recommend_goods` (`recommend_id`,`goods_id`,`sort`) VALUES('2','16','255');
INSERT INTO `shopnc_recommend_goods` (`recommend_id`,`goods_id`,`sort`) VALUES('6','1','1');
INSERT INTO `shopnc_recommend_goods` (`recommend_id`,`goods_id`,`sort`) VALUES('6','3','4');
INSERT INTO `shopnc_recommend_goods` (`recommend_id`,`goods_id`,`sort`) VALUES('6','4','2');
INSERT INTO `shopnc_recommend_goods` (`recommend_id`,`goods_id`,`sort`) VALUES('6','5','9');
INSERT INTO `shopnc_recommend_goods` (`recommend_id`,`goods_id`,`sort`) VALUES('6','6','6');
INSERT INTO `shopnc_recommend_goods` (`recommend_id`,`goods_id`,`sort`) VALUES('6','7','7');
INSERT INTO `shopnc_recommend_goods` (`recommend_id`,`goods_id`,`sort`) VALUES('6','8','3');
INSERT INTO `shopnc_recommend_goods` (`recommend_id`,`goods_id`,`sort`) VALUES('6','10','8');
INSERT INTO `shopnc_recommend_goods` (`recommend_id`,`goods_id`,`sort`) VALUES('6','9','5');
INSERT INTO `shopnc_recommend_goods` (`recommend_id`,`goods_id`,`sort`) VALUES('7','77','10');
INSERT INTO `shopnc_recommend_goods` (`recommend_id`,`goods_id`,`sort`) VALUES('7','76','3');
INSERT INTO `shopnc_recommend_goods` (`recommend_id`,`goods_id`,`sort`) VALUES('7','75','9');
INSERT INTO `shopnc_recommend_goods` (`recommend_id`,`goods_id`,`sort`) VALUES('7','74','6');
INSERT INTO `shopnc_recommend_goods` (`recommend_id`,`goods_id`,`sort`) VALUES('7','73','7');
INSERT INTO `shopnc_recommend_goods` (`recommend_id`,`goods_id`,`sort`) VALUES('1','84','255');
INSERT INTO `shopnc_recommend_goods` (`recommend_id`,`goods_id`,`sort`) VALUES('1','83','255');
INSERT INTO `shopnc_recommend_goods` (`recommend_id`,`goods_id`,`sort`) VALUES('1','82','255');
INSERT INTO `shopnc_recommend_goods` (`recommend_id`,`goods_id`,`sort`) VALUES('1','81','255');
INSERT INTO `shopnc_recommend_goods` (`recommend_id`,`goods_id`,`sort`) VALUES('3','80','255');
INSERT INTO `shopnc_recommend_goods` (`recommend_id`,`goods_id`,`sort`) VALUES('3','79','255');
INSERT INTO `shopnc_recommend_goods` (`recommend_id`,`goods_id`,`sort`) VALUES('3','78','255');
INSERT INTO `shopnc_recommend_goods` (`recommend_id`,`goods_id`,`sort`) VALUES('3','82','255');
INSERT INTO `shopnc_recommend_goods` (`recommend_id`,`goods_id`,`sort`) VALUES('3','81','255');
INSERT INTO `shopnc_recommend_goods` (`recommend_id`,`goods_id`,`sort`) VALUES('8','84','255');
INSERT INTO `shopnc_recommend_goods` (`recommend_id`,`goods_id`,`sort`) VALUES('8','76','255');
INSERT INTO `shopnc_recommend_goods` (`recommend_id`,`goods_id`,`sort`) VALUES('8','77','255');
INSERT INTO `shopnc_recommend_goods` (`recommend_id`,`goods_id`,`sort`) VALUES('8','78','255');
INSERT INTO `shopnc_recommend_goods` (`recommend_id`,`goods_id`,`sort`) VALUES('8','79','255');
INSERT INTO `shopnc_recommend_goods` (`recommend_id`,`goods_id`,`sort`) VALUES('8','80','255');
INSERT INTO `shopnc_recommend_goods` (`recommend_id`,`goods_id`,`sort`) VALUES('8','81','255');
INSERT INTO `shopnc_recommend_goods` (`recommend_id`,`goods_id`,`sort`) VALUES('8','82','255');
INSERT INTO `shopnc_recommend_goods` (`recommend_id`,`goods_id`,`sort`) VALUES('8','83','255');
INSERT INTO `shopnc_recommend_goods` (`recommend_id`,`goods_id`,`sort`) VALUES('8','75','255');
INSERT INTO `shopnc_seo` (`id`,`title`,`keywords`,`description`,`type`) VALUES('1','{sitename} - Powered by ShopNC','ShopNC,PHP商城系统,ShopNC商城系统,多用户商城系统,电商ERP,电商CRM,电子商务解决方案','ShopNC专注于研发符合时代发展需要的电子商务商城系统，以专业化的服务水平为企业级用户提供B(2B)2C【B2B2C】电子商务平台解决方案，全力打造电商平台专项ERP(CRM)系统、ERP(RFID)系统等，引领中国电子商务行业企业级需求的发展方向。咨询电话：400-611-5098','index');
INSERT INTO `shopnc_seo` (`id`,`title`,`keywords`,`description`,`type`) VALUES('2','{sitename} - 团购','ShopNC,{sitename}','ShopNC专注于研发符合时代发展需要的电子商务商城系统，以专业化的服务水平为企业级用户提供B(2B)2C【B2B2C】电子商务平台解决方案，全力打造电商平台专项ERP(CRM)系统、ERP(RFID)系统等，引领中国电子商务行业企业级需求的发展方向。咨询电话：400-611-5098','group');
INSERT INTO `shopnc_seo` (`id`,`title`,`keywords`,`description`,`type`) VALUES('3','{sitename} - {name}','ShopNC,{name},{sitename}','ShopNC,{name},{sitename}','group_content');
INSERT INTO `shopnc_seo` (`id`,`title`,`keywords`,`description`,`type`) VALUES('4','{sitename} - 品牌','ShopNC,{sitename}','ShopNC,{sitename}','brand');
INSERT INTO `shopnc_seo` (`id`,`title`,`keywords`,`description`,`type`) VALUES('5','{sitename} - {name}','ShopNC,{sitename},{name}','ShopNC,{sitename},{name}','brand_list');
INSERT INTO `shopnc_seo` (`id`,`title`,`keywords`,`description`,`type`) VALUES('6','{sitename} - 优惠券','ShopNC,{sitename}','ShopNC,{sitename}','coupon');
INSERT INTO `shopnc_seo` (`id`,`title`,`keywords`,`description`,`type`) VALUES('7','{sitename} - {name}','ShopNC,{sitename},{name}','ShopNC,{sitename},{name}','coupon_content');
INSERT INTO `shopnc_seo` (`id`,`title`,`keywords`,`description`,`type`) VALUES('8','{sitename} - 积分商城','ShopNC,{sitename}','ShopNC,{sitename}','point');
INSERT INTO `shopnc_seo` (`id`,`title`,`keywords`,`description`,`type`) VALUES('9','{sitename} - {name}','ShopNC,{sitename},{key}','ShopNC,{sitename},{description}','point_content');
INSERT INTO `shopnc_seo` (`id`,`title`,`keywords`,`description`,`type`) VALUES('10','{sitename} - {article_class}','ShopNC,{sitename}','ShopNC,{sitename}','article');
INSERT INTO `shopnc_seo` (`id`,`title`,`keywords`,`description`,`type`) VALUES('11','{sitename} - {name}','ShopNC,{sitename},{key}','ShopNC,{sitename},{description}','article_content');
INSERT INTO `shopnc_seo` (`id`,`title`,`keywords`,`description`,`type`) VALUES('12','{sitename} - {shopname}','ShopNC,{sitename},{key}','ShopNC,{sitename},{description}','shop');
INSERT INTO `shopnc_seo` (`id`,`title`,`keywords`,`description`,`type`) VALUES('13','{name} - {sitename}','ShopNC,{sitename},{key}','ShopNC,{sitename},{description}','product');
INSERT INTO `shopnc_setting` (`name`,`value`) VALUES('time_zone','8');
INSERT INTO `shopnc_setting` (`name`,`value`) VALUES('time_format_simple',NULL);
INSERT INTO `shopnc_setting` (`name`,`value`) VALUES('time_format_complete',NULL);
INSERT INTO `shopnc_setting` (`name`,`value`) VALUES('default_goods_image','default_goods_image.gif');
INSERT INTO `shopnc_setting` (`name`,`value`) VALUES('default_store_logo','default_store_logo.gif');
INSERT INTO `shopnc_setting` (`name`,`value`) VALUES('default_user_portrait','default_user_portrait.gif');
INSERT INTO `shopnc_setting` (`name`,`value`) VALUES('statistics_code','&lt;iframe width=&quot;100%&quot; height=&quot;500&quot;  frameborder=&quot;0&quot; scrolling=&quot;no&quot; src=&quot;http://widget.weibo.com/livestream/listlive.php?language=zh_cn&amp;width=0&amp;height=500&amp;uid=2109461980&amp;skin=1&amp;refer=1&amp;appkey=1099333688&amp;pic=0&amp;titlebar=1&amp;border=1&amp;publish=1&amp;atalk=1&amp;recomm=1&amp;at=1&amp;atopic=%E5%AE%B9%E9%A2%9C%E4%BC%98%E7%BD%91&amp;ptopic=%E5%AE%B9%E9%A2%9C%E4%BC%98%E7%BD%91&amp;listid=588139309&amp;colordiy=0&amp;dpc=1&quot;&gt;&lt;/iframe&gt;');
INSERT INTO `shopnc_setting` (`name`,`value`) VALUES('guest_comment','1');
INSERT INTO `shopnc_setting` (`name`,`value`) VALUES('rewrite_enabled',NULL);
INSERT INTO `shopnc_setting` (`name`,`value`) VALUES('site_logo','logo.png');
INSERT INTO `shopnc_setting` (`name`,`value`) VALUES('site_name','容颜优网');
INSERT INTO `shopnc_setting` (`name`,`value`) VALUES('icp_number','粤ICP备12093450号-1');
INSERT INTO `shopnc_setting` (`name`,`value`) VALUES('image_dir_type','1');
INSERT INTO `shopnc_setting` (`name`,`value`) VALUES('gold_isuse','1');
INSERT INTO `shopnc_setting` (`name`,`value`) VALUES('gold_rmbratio','10');
INSERT INTO `shopnc_setting` (`name`,`value`) VALUES('ztc_isuse',NULL);
INSERT INTO `shopnc_setting` (`name`,`value`) VALUES('ztc_dayprod','1');
INSERT INTO `shopnc_setting` (`name`,`value`) VALUES('qq_isuse','1');
INSERT INTO `shopnc_setting` (`name`,`value`) VALUES('qq_appid','100378449');
INSERT INTO `shopnc_setting` (`name`,`value`) VALUES('qq_appkey','8f6c23725dd9c476e4a85ea420cb61f0');
INSERT INTO `shopnc_setting` (`name`,`value`) VALUES('qq_appcode','&lt;meta property=&quot;qc:admins&quot; content=&quot;44350224776276711617516375&quot; /&gt;');
INSERT INTO `shopnc_setting` (`name`,`value`) VALUES('sina_isuse','1');
INSERT INTO `shopnc_setting` (`name`,`value`) VALUES('sina_wb_akey','1099333688');
INSERT INTO `shopnc_setting` (`name`,`value`) VALUES('sina_wb_skey','0e076c8fac444162806db0bf6d66894a');
INSERT INTO `shopnc_setting` (`name`,`value`) VALUES('sina_appcode',NULL);
INSERT INTO `shopnc_setting` (`name`,`value`) VALUES('points_isuse','1');
INSERT INTO `shopnc_setting` (`name`,`value`) VALUES('points_reg',NULL);
INSERT INTO `shopnc_setting` (`name`,`value`) VALUES('points_login',NULL);
INSERT INTO `shopnc_setting` (`name`,`value`) VALUES('points_comments',NULL);
INSERT INTO `shopnc_setting` (`name`,`value`) VALUES('points_orderrate',NULL);
INSERT INTO `shopnc_setting` (`name`,`value`) VALUES('points_ordermax',NULL);
INSERT INTO `shopnc_setting` (`name`,`value`) VALUES('pointprod_isuse',NULL);
INSERT INTO `shopnc_setting` (`name`,`value`) VALUES('voucher_allow',NULL);
INSERT INTO `shopnc_setting` (`name`,`value`) VALUES('predeposit_isuse','1');
INSERT INTO `shopnc_setting` (`name`,`value`) VALUES('complain_time_limit','2592000');
INSERT INTO `shopnc_setting` (`name`,`value`) VALUES('creditrule','a:3:{s:5:"heart";a:5:{i:1;a:2:{i:0;s:1:"1";i:1;s:3:"100";}i:2;a:2:{i:0;s:3:"101";i:1;s:3:"200";}i:3;a:2:{i:0;s:3:"201";i:1;s:3:"300";}i:4;a:2:{i:0;s:3:"301";i:1;s:3:"400";}i:5;a:2:{i:0;s:3:"401";i:1;s:3:"500";}}s:7:"diamond";a:5:{i:1;a:2:{i:0;s:3:"501";i:1;s:3:"600";}i:2;a:2:{i:0;s:3:"601";i:1;s:3:"700";}i:3;a:2:{i:0;s:3:"701";i:1;s:3:"800";}i:4;a:2:{i:0;s:3:"801";i:1;s:3:"900";}i:5;a:2:{i:0;s:3:"901";i:1;s:4:"1000";}}s:5:"crown";a:5:{i:1;a:2:{i:0;s:4:"1001";i:1;s:4:"1100";}i:2;a:2:{i:0;s:4:"1101";i:1;s:4:"1200";}i:3;a:2:{i:0;s:4:"1201";i:1;s:4:"1300";}i:4;a:2:{i:0;s:4:"1301";i:1;s:4:"1400";}i:5;a:2:{i:0;s:4:"1401";i:1;s:4:"1500";}}}');
INSERT INTO `shopnc_setting` (`name`,`value`) VALUES('site_status','1');
INSERT INTO `shopnc_setting` (`name`,`value`) VALUES('closed_reason','升级中……');
INSERT INTO `shopnc_setting` (`name`,`value`) VALUES('hot_search','李宁,耐克,Kappa,双肩包,手提包');
INSERT INTO `shopnc_setting` (`name`,`value`) VALUES('email_type','1');
INSERT INTO `shopnc_setting` (`name`,`value`) VALUES('email_host','smtp.qq.com');
INSERT INTO `shopnc_setting` (`name`,`value`) VALUES('email_port','25');
INSERT INTO `shopnc_setting` (`name`,`value`) VALUES('email_addr','407525530@qq.com');
INSERT INTO `shopnc_setting` (`name`,`value`) VALUES('email_id','407525530@qq.com');
INSERT INTO `shopnc_setting` (`name`,`value`) VALUES('email_pass','admin123456789');
INSERT INTO `shopnc_setting` (`name`,`value`) VALUES('captcha_status_login',NULL);
INSERT INTO `shopnc_setting` (`name`,`value`) VALUES('captcha_status_register',NULL);
INSERT INTO `shopnc_setting` (`name`,`value`) VALUES('captcha_status_goodsqa',NULL);
INSERT INTO `shopnc_setting` (`name`,`value`) VALUES('captcha_status_backend',NULL);
INSERT INTO `shopnc_setting` (`name`,`value`) VALUES('store_allow','1');
INSERT INTO `shopnc_setting` (`name`,`value`) VALUES('enabled_subdomain',NULL);
INSERT INTO `shopnc_setting` (`name`,`value`) VALUES('subdomain_suffix',NULL);
INSERT INTO `shopnc_setting` (`name`,`value`) VALUES('subdomain_reserved','www');
INSERT INTO `shopnc_setting` (`name`,`value`) VALUES('subdomain_length','3-12');
INSERT INTO `shopnc_setting` (`name`,`value`) VALUES('subdomain_edit','1');
INSERT INTO `shopnc_setting` (`name`,`value`) VALUES('subdomain_times','3');
INSERT INTO `shopnc_setting` (`name`,`value`) VALUES('tpl_type','nc');
INSERT INTO `shopnc_setting` (`name`,`value`) VALUES('md5_key','a0e74fa952e86db86cf04874591d9ed9');
INSERT INTO `shopnc_setting` (`name`,`value`) VALUES('email_enabled','1');
INSERT INTO `shopnc_setting` (`name`,`value`) VALUES('ucenter_status',NULL);
INSERT INTO `shopnc_setting` (`name`,`value`) VALUES('ucenter_app_id',NULL);
INSERT INTO `shopnc_setting` (`name`,`value`) VALUES('ucenter_app_key',NULL);
INSERT INTO `shopnc_setting` (`name`,`value`) VALUES('ucenter_ip',NULL);
INSERT INTO `shopnc_setting` (`name`,`value`) VALUES('ucenter_connect_type',NULL);
INSERT INTO `shopnc_setting` (`name`,`value`) VALUES('ucenter_mysql_server',NULL);
INSERT INTO `shopnc_setting` (`name`,`value`) VALUES('ucenter_mysql_username',NULL);
INSERT INTO `shopnc_setting` (`name`,`value`) VALUES('ucenter_mysql_passwd',NULL);
INSERT INTO `shopnc_setting` (`name`,`value`) VALUES('ucenter_mysql_name',NULL);
INSERT INTO `shopnc_setting` (`name`,`value`) VALUES('ucenter_mysql_pre',NULL);
INSERT INTO `shopnc_setting` (`name`,`value`) VALUES('ucenter_url',NULL);
INSERT INTO `shopnc_setting` (`name`,`value`) VALUES('ucenter_type','discuz');
INSERT INTO `shopnc_setting` (`name`,`value`) VALUES('groupbuy_allow','1');
INSERT INTO `shopnc_setting` (`name`,`value`) VALUES('image_max_filesize','1024');
INSERT INTO `shopnc_setting` (`name`,`value`) VALUES('image_allow_ext','gif,jpg,jpeg,bmp,png,swf,tbi');
INSERT INTO `shopnc_setting` (`name`,`value`) VALUES('thumb_tiny_width','60');
INSERT INTO `shopnc_setting` (`name`,`value`) VALUES('thumb_tiny_height','60');
INSERT INTO `shopnc_setting` (`name`,`value`) VALUES('thumb_small_width','160');
INSERT INTO `shopnc_setting` (`name`,`value`) VALUES('thumb_small_height','160');
INSERT INTO `shopnc_setting` (`name`,`value`) VALUES('thumb_mid_width','310');
INSERT INTO `shopnc_setting` (`name`,`value`) VALUES('thumb_mid_height','310');
INSERT INTO `shopnc_setting` (`name`,`value`) VALUES('thumb_max_width','1024');
INSERT INTO `shopnc_setting` (`name`,`value`) VALUES('thumb_max_height','1024');
INSERT INTO `shopnc_setting` (`name`,`value`) VALUES('class_generation_cache',NULL);
INSERT INTO `shopnc_setting` (`name`,`value`) VALUES('promotion_allow','1');
INSERT INTO `shopnc_setting` (`name`,`value`) VALUES('promotion_mansong_price','20');
INSERT INTO `shopnc_setting` (`name`,`value`) VALUES('promotion_xianshi_price','20');
INSERT INTO `shopnc_setting` (`name`,`value`) VALUES('promotion_xianshi_times_limit','20');
INSERT INTO `shopnc_setting` (`name`,`value`) VALUES('promotion_xianshi_goods_limit','20');
INSERT INTO `shopnc_setting` (`name`,`value`) VALUES('ftp_open',NULL);
INSERT INTO `shopnc_setting` (`name`,`value`) VALUES('ftp_ssl_state',NULL);
INSERT INTO `shopnc_setting` (`name`,`value`) VALUES('ftp_server',NULL);
INSERT INTO `shopnc_setting` (`name`,`value`) VALUES('ftp_port','21');
INSERT INTO `shopnc_setting` (`name`,`value`) VALUES('ftp_username',NULL);
INSERT INTO `shopnc_setting` (`name`,`value`) VALUES('ftp_password',NULL);
INSERT INTO `shopnc_setting` (`name`,`value`) VALUES('ftp_pasv',NULL);
INSERT INTO `shopnc_setting` (`name`,`value`) VALUES('ftp_attach_dir',NULL);
INSERT INTO `shopnc_setting` (`name`,`value`) VALUES('ftp_access_url',NULL);
INSERT INTO `shopnc_setting` (`name`,`value`) VALUES('ftp_timeout',NULL);
INSERT INTO `shopnc_setting` (`name`,`value`) VALUES('site_phone','15805993170');
INSERT INTO `shopnc_setting` (`name`,`value`) VALUES('site_email','407525530@qq.com');
INSERT INTO `shopnc_setting` (`name`,`value`) VALUES('share_qqzone_isuse','1');
INSERT INTO `shopnc_setting` (`name`,`value`) VALUES('share_qqzone_appkey','8f6c23725dd9c476e4a85ea420cb61f0');
INSERT INTO `shopnc_setting` (`name`,`value`) VALUES('share_qqzone_appid','100378449');
INSERT INTO `shopnc_setting` (`name`,`value`) VALUES('share_qqzone_appcode',NULL);
INSERT INTO `shopnc_setting` (`name`,`value`) VALUES('share_sinaweibo_appcode',NULL);
INSERT INTO `shopnc_setting` (`name`,`value`) VALUES('share_sinaweibo_appid','1099333688');
INSERT INTO `shopnc_setting` (`name`,`value`) VALUES('share_sinaweibo_appkey','0e076c8fac444162806db0bf6d66894a');
INSERT INTO `shopnc_setting` (`name`,`value`) VALUES('share_sinaweibo_isuse','1');
INSERT INTO `shopnc_setting` (`name`,`value`) VALUES('share_qqweibo_appid','801297141');
INSERT INTO `shopnc_setting` (`name`,`value`) VALUES('share_qqweibo_appkey','6a59ac6d74bd6d0c64dfb87bdf8b183a');
INSERT INTO `shopnc_setting` (`name`,`value`) VALUES('share_qqweibo_isuse','1');
INSERT INTO `shopnc_setting` (`name`,`value`) VALUES('share_renren_appid',NULL);
INSERT INTO `shopnc_setting` (`name`,`value`) VALUES('share_renren_appkey',NULL);
INSERT INTO `shopnc_setting` (`name`,`value`) VALUES('share_renren_secretkey',NULL);
INSERT INTO `shopnc_setting` (`name`,`value`) VALUES('share_renren_isuse',NULL);
INSERT INTO `shopnc_setting` (`name`,`value`) VALUES('share_isuse','1');
INSERT INTO `shopnc_setting` (`name`,`value`) VALUES('promotion_voucher_price','20');
INSERT INTO `shopnc_setting` (`name`,`value`) VALUES('promotion_voucher_storetimes_limit','20');
INSERT INTO `shopnc_setting` (`name`,`value`) VALUES('promotion_voucher_buyertimes_limit','5');
INSERT INTO `shopnc_setting` (`name`,`value`) VALUES('promotion_voucher_default_styleimg','default_voucher.jpg');
INSERT INTO `shopnc_setting` (`name`,`value`) VALUES('pointshop_isuse','1');
INSERT INTO `shopnc_setting` (`name`,`value`) VALUES('sphinx_main_produptime',NULL);
INSERT INTO `shopnc_setting` (`name`,`value`) VALUES('sphinx_main_storelastid',NULL);
INSERT INTO `shopnc_setting` (`name`,`value`) VALUES('login_pic','a:4:{i:0;s:5:"1.jpg";i:1;s:5:"2.jpg";i:2;s:5:"3.jpg";i:3;s:5:"4.jpg";}');
INSERT INTO `shopnc_setting` (`name`,`value`) VALUES('promotion_bundling_price','20');
INSERT INTO `shopnc_setting` (`name`,`value`) VALUES('promotion_bundling_sum','50');
INSERT INTO `shopnc_setting` (`name`,`value`) VALUES('promotion_bundling_goods_sum','5');
INSERT INTO `shopnc_sns_binding` (`snsbind_id`,`snsbind_memberid`,`snsbind_membername`,`snsbind_appsign`,`snsbind_updatetime`,`snsbind_openid`,`snsbind_openinfo`,`snsbind_accesstoken`,`snsbind_expiresin`,`snsbind_refreshtoken`) VALUES('1','6','liujindi','qqzone','1361940668','98A2ACC5033795CD3CCE32379C1B5529','深秋的黎明','C5A576AAE74F1B49F27F094D9FB6E5CB','7776000',NULL);
INSERT INTO `shopnc_sns_binding` (`snsbind_id`,`snsbind_memberid`,`snsbind_membername`,`snsbind_appsign`,`snsbind_updatetime`,`snsbind_openid`,`snsbind_openinfo`,`snsbind_accesstoken`,`snsbind_expiresin`,`snsbind_refreshtoken`) VALUES('2','6','liujindi','qqweibo','1361940722','4D68B1EE1EAAAF5067BDA5242FC6EDB5','liujinti','22c64f3739decf539034922b84e5a9da','604800','024cf702c46c15e062d8d7544e6290e4');
INSERT INTO `shopnc_sns_binding` (`snsbind_id`,`snsbind_memberid`,`snsbind_membername`,`snsbind_appsign`,`snsbind_updatetime`,`snsbind_openid`,`snsbind_openinfo`,`snsbind_accesstoken`,`snsbind_expiresin`,`snsbind_refreshtoken`) VALUES('3','6','liujindi','sinaweibo','1361940739','2109461980','深圳市容颜优电子商务有限公司','2.0017FlSCWug5MB5206a36b1eXFNXLE','157679999',NULL);

INSERT INTO `shopnc_spec` (`sp_id`,`sp_name`,`sp_format`,`sp_value`,`sp_sort`) VALUES('1','颜色','image','白色,黑色,紫色,红色,绿色,花色,蓝色,褐色,黄色,粉色,桔色,透明','1');
INSERT INTO `shopnc_spec` (`sp_id`,`sp_name`,`sp_format`,`sp_value`,`sp_sort`) VALUES('2','尺码','text','XXS,XS,S,M,L,XL,XXL,XXXL,加大XXXL,均码','2');
INSERT INTO `shopnc_spec` (`sp_id`,`sp_name`,`sp_format`,`sp_value`,`sp_sort`) VALUES('3','鞋码','text','35,45,44,43,42,41,40,39,38,37,36,46','3');

INSERT INTO `shopnc_spec_value` (`sp_value_id`,`sp_value_name`,`sp_id`,`sp_value_image`,`sp_value_sort`) VALUES('1','白色','1','c53bca14dc85bb3af17d8fe91b34e4b2.png_small.png','0');
INSERT INTO `shopnc_spec_value` (`sp_value_id`,`sp_value_name`,`sp_id`,`sp_value_image`,`sp_value_sort`) VALUES('2','黑色','1','ec769a6ddb0704a805bfe5f4b917dbfc.png_small.png','1');
INSERT INTO `shopnc_spec_value` (`sp_value_id`,`sp_value_name`,`sp_id`,`sp_value_image`,`sp_value_sort`) VALUES('3','紫色','1','7e79c94b506b4f26064c5ad9cf415d6a.png_small.png','2');
INSERT INTO `shopnc_spec_value` (`sp_value_id`,`sp_value_name`,`sp_id`,`sp_value_image`,`sp_value_sort`) VALUES('4','红色','1','36dffaac297ed95204d5a5e7ffc9cfc0.png_small.png','3');
INSERT INTO `shopnc_spec_value` (`sp_value_id`,`sp_value_name`,`sp_id`,`sp_value_image`,`sp_value_sort`) VALUES('5','绿色','1','cd0a502349ba45ff6e57a9c56faead64.png_small.png','4');
INSERT INTO `shopnc_spec_value` (`sp_value_id`,`sp_value_name`,`sp_id`,`sp_value_image`,`sp_value_sort`) VALUES('6','花色','1','51e66b9e43213cc8eddf6038477dc0ea.png_small.png','5');
INSERT INTO `shopnc_spec_value` (`sp_value_id`,`sp_value_name`,`sp_id`,`sp_value_image`,`sp_value_sort`) VALUES('7','蓝色','1','17cac2d3e7c5f7a3d258912287c86cf5.png_small.png','6');
INSERT INTO `shopnc_spec_value` (`sp_value_id`,`sp_value_name`,`sp_id`,`sp_value_image`,`sp_value_sort`) VALUES('8','褐色','1','dd12d18ad6d68331149083265ee225f9.png_small.png','7');
INSERT INTO `shopnc_spec_value` (`sp_value_id`,`sp_value_name`,`sp_id`,`sp_value_image`,`sp_value_sort`) VALUES('9','黄色','1','9984776d635bd493b9b83a59712283e2.png_small.png','8');
INSERT INTO `shopnc_spec_value` (`sp_value_id`,`sp_value_name`,`sp_id`,`sp_value_image`,`sp_value_sort`) VALUES('10','粉色','1','27f09f244c0aea8157d81e9f59e3a2ed.png_small.png','9');
INSERT INTO `shopnc_spec_value` (`sp_value_id`,`sp_value_name`,`sp_id`,`sp_value_image`,`sp_value_sort`) VALUES('11','桔色','1','b700b535d2995468263e92541e2f74c9.png_small.png','10');
INSERT INTO `shopnc_spec_value` (`sp_value_id`,`sp_value_name`,`sp_id`,`sp_value_image`,`sp_value_sort`) VALUES('12','透明','1','81416e9137b049dc494fbc21e18aac58.png_small.png','11');
INSERT INTO `shopnc_spec_value` (`sp_value_id`,`sp_value_name`,`sp_id`,`sp_value_image`,`sp_value_sort`) VALUES('13','XXS','2',NULL,'1');
INSERT INTO `shopnc_spec_value` (`sp_value_id`,`sp_value_name`,`sp_id`,`sp_value_image`,`sp_value_sort`) VALUES('14','XS','2',NULL,'2');
INSERT INTO `shopnc_spec_value` (`sp_value_id`,`sp_value_name`,`sp_id`,`sp_value_image`,`sp_value_sort`) VALUES('15','S','2',NULL,'3');
INSERT INTO `shopnc_spec_value` (`sp_value_id`,`sp_value_name`,`sp_id`,`sp_value_image`,`sp_value_sort`) VALUES('16','M','2',NULL,'4');
INSERT INTO `shopnc_spec_value` (`sp_value_id`,`sp_value_name`,`sp_id`,`sp_value_image`,`sp_value_sort`) VALUES('17','L','2',NULL,'5');
INSERT INTO `shopnc_spec_value` (`sp_value_id`,`sp_value_name`,`sp_id`,`sp_value_image`,`sp_value_sort`) VALUES('18','XL','2',NULL,'6');
INSERT INTO `shopnc_spec_value` (`sp_value_id`,`sp_value_name`,`sp_id`,`sp_value_image`,`sp_value_sort`) VALUES('19','XXL','2',NULL,'7');
INSERT INTO `shopnc_spec_value` (`sp_value_id`,`sp_value_name`,`sp_id`,`sp_value_image`,`sp_value_sort`) VALUES('20','XXXL','2',NULL,'8');
INSERT INTO `shopnc_spec_value` (`sp_value_id`,`sp_value_name`,`sp_id`,`sp_value_image`,`sp_value_sort`) VALUES('21','加大XXXL','2',NULL,'9');
INSERT INTO `shopnc_spec_value` (`sp_value_id`,`sp_value_name`,`sp_id`,`sp_value_image`,`sp_value_sort`) VALUES('22','均码','2',NULL,'10');
INSERT INTO `shopnc_spec_value` (`sp_value_id`,`sp_value_name`,`sp_id`,`sp_value_image`,`sp_value_sort`) VALUES('23','35','3',NULL,'1');
INSERT INTO `shopnc_spec_value` (`sp_value_id`,`sp_value_name`,`sp_id`,`sp_value_image`,`sp_value_sort`) VALUES('24','36','3',NULL,'2');
INSERT INTO `shopnc_spec_value` (`sp_value_id`,`sp_value_name`,`sp_id`,`sp_value_image`,`sp_value_sort`) VALUES('25','37','3',NULL,'3');
INSERT INTO `shopnc_spec_value` (`sp_value_id`,`sp_value_name`,`sp_id`,`sp_value_image`,`sp_value_sort`) VALUES('26','38','3',NULL,'4');
INSERT INTO `shopnc_spec_value` (`sp_value_id`,`sp_value_name`,`sp_id`,`sp_value_image`,`sp_value_sort`) VALUES('27','39','3',NULL,'5');
INSERT INTO `shopnc_spec_value` (`sp_value_id`,`sp_value_name`,`sp_id`,`sp_value_image`,`sp_value_sort`) VALUES('28','40','3',NULL,'6');
INSERT INTO `shopnc_spec_value` (`sp_value_id`,`sp_value_name`,`sp_id`,`sp_value_image`,`sp_value_sort`) VALUES('29','41','3',NULL,'7');
INSERT INTO `shopnc_spec_value` (`sp_value_id`,`sp_value_name`,`sp_id`,`sp_value_image`,`sp_value_sort`) VALUES('30','42','3',NULL,'8');
INSERT INTO `shopnc_spec_value` (`sp_value_id`,`sp_value_name`,`sp_id`,`sp_value_image`,`sp_value_sort`) VALUES('31','43','3',NULL,'9');
INSERT INTO `shopnc_spec_value` (`sp_value_id`,`sp_value_name`,`sp_id`,`sp_value_image`,`sp_value_sort`) VALUES('32','44','3',NULL,'10');
INSERT INTO `shopnc_spec_value` (`sp_value_id`,`sp_value_name`,`sp_id`,`sp_value_image`,`sp_value_sort`) VALUES('33','45','3',NULL,'11');
INSERT INTO `shopnc_spec_value` (`sp_value_id`,`sp_value_name`,`sp_id`,`sp_value_image`,`sp_value_sort`) VALUES('34','46','3',NULL,'12');
INSERT INTO `shopnc_store` (`store_id`,`store_name`,`store_auth`,`name_auth`,`grade_id`,`member_id`,`member_name`,`store_owner_card`,`sc_id`,`area_id`,`area_info`,`store_address`,`store_zip`,`store_tel`,`store_image`,`store_image1`,`store_state`,`store_close_info`,`store_sort`,`store_time`,`store_end_time`,`store_label`,`store_banner`,`store_logo`,`store_keywords`,`store_description`,`store_qq`,`store_ww`,`store_msn`,`description`,`store_zy`,`store_domain`,`store_domain_times`,`store_recommend`,`store_audit`,`store_theme`,`store_credit`,`praise_rate`,`store_desccredit`,`store_servicecredit`,`store_deliverycredit`,`store_code`,`store_collect`,`store_slide`,`store_slide_url`,`store_center_quicklink`,`store_stamp`,`store_printdesc`) VALUES('2','极限运动基地',NULL,NULL,'1','5','shopnc','123456712345674567','4','58','天津	天津市	南开区','红旗路220号 慧谷大厦 0712','300000','120110119','0ef467587f86d20a0ebc3e7fb8c6842b.jpg','f840d85d8bbde9aeb36201cf6e10fbe5.jpg','1',NULL,'0','1291617125',NULL,NULL,NULL,'ee80a695649011f2cab7264a834dec7f_small.jpg','','','1234567',NULL,NULL,NULL,NULL,NULL,NULL,'1','1','default','0','0','0','0','0','default_qrcode.png','0',NULL,NULL,NULL,NULL,NULL);
INSERT INTO `shopnc_store` (`store_id`,`store_name`,`store_auth`,`name_auth`,`grade_id`,`member_id`,`member_name`,`store_owner_card`,`sc_id`,`area_id`,`area_info`,`store_address`,`store_zip`,`store_tel`,`store_image`,`store_image1`,`store_state`,`store_close_info`,`store_sort`,`store_time`,`store_end_time`,`store_label`,`store_banner`,`store_logo`,`store_keywords`,`store_description`,`store_qq`,`store_ww`,`store_msn`,`description`,`store_zy`,`store_domain`,`store_domain_times`,`store_recommend`,`store_audit`,`store_theme`,`store_credit`,`praise_rate`,`store_desccredit`,`store_servicecredit`,`store_deliverycredit`,`store_code`,`store_collect`,`store_slide`,`store_slide_url`,`store_center_quicklink`,`store_stamp`,`store_printdesc`) VALUES('3','轻轻店铺','1','1','1','6','liujindi','','14','55','天津	天津市	和平区','','','15805993170',NULL,NULL,'1',NULL,'0','1361940202',NULL,NULL,NULL,NULL,'','',NULL,NULL,NULL,NULL,NULL,NULL,NULL,'1','1','default','0','0','0','0','0','test8ab9794041987ba3566ea6f491586916.png','0',NULL,NULL,NULL,NULL,NULL);

INSERT INTO `shopnc_store_class` (`sc_id`,`sc_name`,`sc_parent_id`,`sc_sort`) VALUES('4','服装鞋包','0','1');
INSERT INTO `shopnc_store_class` (`sc_id`,`sc_name`,`sc_parent_id`,`sc_sort`) VALUES('13','女装','4','2');
INSERT INTO `shopnc_store_class` (`sc_id`,`sc_name`,`sc_parent_id`,`sc_sort`) VALUES('14','男装','4','2');
INSERT INTO `shopnc_store_class` (`sc_id`,`sc_name`,`sc_parent_id`,`sc_sort`) VALUES('15','女鞋','4','3');
INSERT INTO `shopnc_store_class` (`sc_id`,`sc_name`,`sc_parent_id`,`sc_sort`) VALUES('16','运动鞋','4','4');
INSERT INTO `shopnc_store_class` (`sc_id`,`sc_name`,`sc_parent_id`,`sc_sort`) VALUES('17','男鞋/皮鞋/休闲鞋','4','5');
INSERT INTO `shopnc_store_class` (`sc_id`,`sc_name`,`sc_parent_id`,`sc_sort`) VALUES('18','运动服/运动包/颈环配件','4','6');
INSERT INTO `shopnc_store_class` (`sc_id`,`sc_name`,`sc_parent_id`,`sc_sort`) VALUES('1','珠宝/首饰','0','8');
INSERT INTO `shopnc_store_class` (`sc_id`,`sc_name`,`sc_parent_id`,`sc_sort`) VALUES('5','3C数码','0','2');
INSERT INTO `shopnc_store_class` (`sc_id`,`sc_name`,`sc_parent_id`,`sc_sort`) VALUES('6','美容护理','0','3');
INSERT INTO `shopnc_store_class` (`sc_id`,`sc_name`,`sc_parent_id`,`sc_sort`) VALUES('7','家居用品','0','4');
INSERT INTO `shopnc_store_class` (`sc_id`,`sc_name`,`sc_parent_id`,`sc_sort`) VALUES('8','食品/保健','0','5');
INSERT INTO `shopnc_store_class` (`sc_id`,`sc_name`,`sc_parent_id`,`sc_sort`) VALUES('9','母婴用品','0','6');
INSERT INTO `shopnc_store_class` (`sc_id`,`sc_name`,`sc_parent_id`,`sc_sort`) VALUES('10','文体/汽车','0','7');
INSERT INTO `shopnc_store_class` (`sc_id`,`sc_name`,`sc_parent_id`,`sc_sort`) VALUES('11','收藏/爱好','0','9');
INSERT INTO `shopnc_store_class` (`sc_id`,`sc_name`,`sc_parent_id`,`sc_sort`) VALUES('12','生活/服务','0','10');
INSERT INTO `shopnc_store_class` (`sc_id`,`sc_name`,`sc_parent_id`,`sc_sort`) VALUES('19','电脑硬件/显示器/电脑周边','5','1');
INSERT INTO `shopnc_store_class` (`sc_id`,`sc_name`,`sc_parent_id`,`sc_sort`) VALUES('20','手机','5','2');
INSERT INTO `shopnc_store_class` (`sc_id`,`sc_name`,`sc_parent_id`,`sc_sort`) VALUES('21','笔记本电脑','5','3');
INSERT INTO `shopnc_store_class` (`sc_id`,`sc_name`,`sc_parent_id`,`sc_sort`) VALUES('22','网络设备/路由器/网络相关','5','4');
INSERT INTO `shopnc_store_class` (`sc_id`,`sc_name`,`sc_parent_id`,`sc_sort`) VALUES('23','数码相机/摄像机/摄影器材','5','5');
INSERT INTO `shopnc_store_class` (`sc_id`,`sc_name`,`sc_parent_id`,`sc_sort`) VALUES('24','mp3/mp4/iPod/录音笔','5','6');
INSERT INTO `shopnc_store_class` (`sc_id`,`sc_name`,`sc_parent_id`,`sc_sort`) VALUES('25','电玩/配件/游戏/攻略','5','7');
INSERT INTO `shopnc_store_class` (`sc_id`,`sc_name`,`sc_parent_id`,`sc_sort`) VALUES('26','影音电器','5','8');
INSERT INTO `shopnc_store_class` (`sc_id`,`sc_name`,`sc_parent_id`,`sc_sort`) VALUES('27','厨房电器','5','9');
INSERT INTO `shopnc_store_class` (`sc_id`,`sc_name`,`sc_parent_id`,`sc_sort`) VALUES('28','生活电器','5','10');
INSERT INTO `shopnc_store_class` (`sc_id`,`sc_name`,`sc_parent_id`,`sc_sort`) VALUES('29','男士内衣/女士内衣/家居服','4','7');
INSERT INTO `shopnc_store_class` (`sc_id`,`sc_name`,`sc_parent_id`,`sc_sort`) VALUES('30','箱包皮具/热销女包/男包','4','8');
INSERT INTO `shopnc_store_class` (`sc_id`,`sc_name`,`sc_parent_id`,`sc_sort`) VALUES('31','服饰配件/皮带/帽子/围巾','4','9');
INSERT INTO `shopnc_store_class` (`sc_id`,`sc_name`,`sc_parent_id`,`sc_sort`) VALUES('32','美容护肤/美体/精油','6','255');
INSERT INTO `shopnc_store_class` (`sc_id`,`sc_name`,`sc_parent_id`,`sc_sort`) VALUES('33','彩妆/香水/美发工具','6','255');
INSERT INTO `shopnc_store_class` (`sc_id`,`sc_name`,`sc_parent_id`,`sc_sort`) VALUES('34','国货精品/开架化妆品','6','255');
INSERT INTO `shopnc_store_class` (`sc_id`,`sc_name`,`sc_parent_id`,`sc_sort`) VALUES('35','家居日用/收纳/礼品','7','255');
INSERT INTO `shopnc_store_class` (`sc_id`,`sc_name`,`sc_parent_id`,`sc_sort`) VALUES('36','厨房/餐饮用具','7','255');
INSERT INTO `shopnc_store_class` (`sc_id`,`sc_name`,`sc_parent_id`,`sc_sort`) VALUES('37','日化/清洁/护理','7','255');
INSERT INTO `shopnc_store_class` (`sc_id`,`sc_name`,`sc_parent_id`,`sc_sort`) VALUES('38','床上用品/靠垫/毛巾/布艺','7','255');
INSERT INTO `shopnc_store_class` (`sc_id`,`sc_name`,`sc_parent_id`,`sc_sort`) VALUES('39','零食/坚果/茶叶/地毯','8','1');
INSERT INTO `shopnc_store_class` (`sc_id`,`sc_name`,`sc_parent_id`,`sc_sort`) VALUES('40','滋补/生鲜/速食/订餐','8','2');
INSERT INTO `shopnc_store_class` (`sc_id`,`sc_name`,`sc_parent_id`,`sc_sort`) VALUES('41','保健食品','8','3');
INSERT INTO `shopnc_store_class` (`sc_id`,`sc_name`,`sc_parent_id`,`sc_sort`) VALUES('42','奶粉/辅食/营养品','9','255');
INSERT INTO `shopnc_store_class` (`sc_id`,`sc_name`,`sc_parent_id`,`sc_sort`) VALUES('43','尿片/洗护/喂哺用品','9','255');
INSERT INTO `shopnc_store_class` (`sc_id`,`sc_name`,`sc_parent_id`,`sc_sort`) VALUES('44','益智玩具/早教/童车床/出行','9','255');
INSERT INTO `shopnc_store_class` (`sc_id`,`sc_name`,`sc_parent_id`,`sc_sort`) VALUES('45','童装/童鞋/孕妇装','9','255');
INSERT INTO `shopnc_store_class` (`sc_id`,`sc_name`,`sc_parent_id`,`sc_sort`) VALUES('46','运动/瑜伽/健身/球迷用品','10','1');
INSERT INTO `shopnc_store_class` (`sc_id`,`sc_name`,`sc_parent_id`,`sc_sort`) VALUES('47','户外/登山/野营/旅行','10','2');
INSERT INTO `shopnc_store_class` (`sc_id`,`sc_name`,`sc_parent_id`,`sc_sort`) VALUES('48','汽车/配件/改装/摩托/自行车','10','3');
INSERT INTO `shopnc_store_class` (`sc_id`,`sc_name`,`sc_parent_id`,`sc_sort`) VALUES('49','书籍/杂志/报纸','10','4');
INSERT INTO `shopnc_store_class` (`sc_id`,`sc_name`,`sc_parent_id`,`sc_sort`) VALUES('50','宠物/宠物食品及用品','10','5');
INSERT INTO `shopnc_store_class` (`sc_id`,`sc_name`,`sc_parent_id`,`sc_sort`) VALUES('51','音乐/影视/音像','10','6');
INSERT INTO `shopnc_store_class` (`sc_id`,`sc_name`,`sc_parent_id`,`sc_sort`) VALUES('52','乐器/吉他/钢琴/配件','10','7');
INSERT INTO `shopnc_store_class` (`sc_id`,`sc_name`,`sc_parent_id`,`sc_sort`) VALUES('53','办公设备/文具/耗材','10','8');
INSERT INTO `shopnc_store_class` (`sc_id`,`sc_name`,`sc_parent_id`,`sc_sort`) VALUES('54','珠宝/钻石/翡翠/黄金','1','1');
INSERT INTO `shopnc_store_class` (`sc_id`,`sc_name`,`sc_parent_id`,`sc_sort`) VALUES('55','饰品流行/首饰/时尚饰品','1','2');
INSERT INTO `shopnc_store_class` (`sc_id`,`sc_name`,`sc_parent_id`,`sc_sort`) VALUES('56','品牌手表/流行手表','1','3');
INSERT INTO `shopnc_store_class` (`sc_id`,`sc_name`,`sc_parent_id`,`sc_sort`) VALUES('57','玩具/模型/娃娃/人偶','11','1');
INSERT INTO `shopnc_store_class` (`sc_id`,`sc_name`,`sc_parent_id`,`sc_sort`) VALUES('58','古董/邮币/字画/收藏','11','2');
INSERT INTO `shopnc_store_class` (`sc_id`,`sc_name`,`sc_parent_id`,`sc_sort`) VALUES('59','ZIPPO/瑞士军刀/眼镜','11','3');
INSERT INTO `shopnc_store_class` (`sc_id`,`sc_name`,`sc_parent_id`,`sc_sort`) VALUES('60','鲜花速递/蛋糕配送/园艺花艺','12','1');
INSERT INTO `shopnc_store_class` (`sc_id`,`sc_name`,`sc_parent_id`,`sc_sort`) VALUES('61','演出/吃喝玩乐折扣券','12','2');
INSERT INTO `shopnc_store_class` (`sc_id`,`sc_name`,`sc_parent_id`,`sc_sort`) VALUES('62','酒店客栈/景点门票/度假旅游','12','3');
INSERT INTO `shopnc_store_class` (`sc_id`,`sc_name`,`sc_parent_id`,`sc_sort`) VALUES('63','网店/网络服务/个性定制/软件','12','4');
INSERT INTO `shopnc_store_class` (`sc_id`,`sc_name`,`sc_parent_id`,`sc_sort`) VALUES('64','成人用品/避孕/计生用品','12','5');
INSERT INTO `shopnc_store_class_goods` (`stc_id`,`goods_id`) VALUES('64','82');
INSERT INTO `shopnc_store_class_goods` (`stc_id`,`goods_id`) VALUES('64','81');
INSERT INTO `shopnc_store_class_goods` (`stc_id`,`goods_id`) VALUES('64','80');
INSERT INTO `shopnc_store_class_goods` (`stc_id`,`goods_id`) VALUES('64','79');
INSERT INTO `shopnc_store_class_goods` (`stc_id`,`goods_id`) VALUES('64','78');
INSERT INTO `shopnc_store_class_goods` (`stc_id`,`goods_id`) VALUES('65','11');
INSERT INTO `shopnc_store_class_goods` (`stc_id`,`goods_id`) VALUES('65','10');
INSERT INTO `shopnc_store_class_goods` (`stc_id`,`goods_id`) VALUES('65','9');
INSERT INTO `shopnc_store_class_goods` (`stc_id`,`goods_id`) VALUES('65','8');
INSERT INTO `shopnc_store_class_goods` (`stc_id`,`goods_id`) VALUES('65','7');
INSERT INTO `shopnc_store_class_goods` (`stc_id`,`goods_id`) VALUES('65','6');
INSERT INTO `shopnc_store_class_goods` (`stc_id`,`goods_id`) VALUES('65','5');
INSERT INTO `shopnc_store_class_goods` (`stc_id`,`goods_id`) VALUES('65','4');
INSERT INTO `shopnc_store_class_goods` (`stc_id`,`goods_id`) VALUES('65','3');
INSERT INTO `shopnc_store_class_goods` (`stc_id`,`goods_id`) VALUES('65','1');
INSERT INTO `shopnc_store_class_goods` (`stc_id`,`goods_id`) VALUES('62','70');
INSERT INTO `shopnc_store_class_goods` (`stc_id`,`goods_id`) VALUES('62','66');
INSERT INTO `shopnc_store_class_goods` (`stc_id`,`goods_id`) VALUES('62','64');
INSERT INTO `shopnc_store_class_goods` (`stc_id`,`goods_id`) VALUES('61','63');
INSERT INTO `shopnc_store_class_goods` (`stc_id`,`goods_id`) VALUES('66','77');
INSERT INTO `shopnc_store_class_goods` (`stc_id`,`goods_id`) VALUES('66','76');
INSERT INTO `shopnc_store_class_goods` (`stc_id`,`goods_id`) VALUES('66','75');
INSERT INTO `shopnc_store_class_goods` (`stc_id`,`goods_id`) VALUES('66','74');
INSERT INTO `shopnc_store_class_goods` (`stc_id`,`goods_id`) VALUES('66','73');
INSERT INTO `shopnc_store_class_goods` (`stc_id`,`goods_id`) VALUES('61','62');
INSERT INTO `shopnc_store_class_goods` (`stc_id`,`goods_id`) VALUES('61','61');
INSERT INTO `shopnc_store_class_goods` (`stc_id`,`goods_id`) VALUES('61','60');
INSERT INTO `shopnc_store_class_goods` (`stc_id`,`goods_id`) VALUES('61','58');
INSERT INTO `shopnc_store_class_goods` (`stc_id`,`goods_id`) VALUES('61','55');
INSERT INTO `shopnc_store_class_goods` (`stc_id`,`goods_id`) VALUES('61','52');
INSERT INTO `shopnc_store_class_goods` (`stc_id`,`goods_id`) VALUES('67','59');
INSERT INTO `shopnc_store_class_goods` (`stc_id`,`goods_id`) VALUES('67','57');
INSERT INTO `shopnc_store_class_goods` (`stc_id`,`goods_id`) VALUES('67','56');
INSERT INTO `shopnc_store_class_goods` (`stc_id`,`goods_id`) VALUES('67','54');
INSERT INTO `shopnc_store_class_goods` (`stc_id`,`goods_id`) VALUES('67','53');
INSERT INTO `shopnc_store_class_goods` (`stc_id`,`goods_id`) VALUES('67','51');
INSERT INTO `shopnc_store_class_goods` (`stc_id`,`goods_id`) VALUES('67','50');
INSERT INTO `shopnc_store_class_goods` (`stc_id`,`goods_id`) VALUES('67','48');
INSERT INTO `shopnc_store_class_goods` (`stc_id`,`goods_id`) VALUES('67','46');
INSERT INTO `shopnc_store_class_goods` (`stc_id`,`goods_id`) VALUES('67','45');
INSERT INTO `shopnc_store_class_goods` (`stc_id`,`goods_id`) VALUES('63','49');
INSERT INTO `shopnc_store_class_goods` (`stc_id`,`goods_id`) VALUES('63','47');
INSERT INTO `shopnc_store_class_goods` (`stc_id`,`goods_id`) VALUES('63','44');
INSERT INTO `shopnc_store_class_goods` (`stc_id`,`goods_id`) VALUES('63','43');
INSERT INTO `shopnc_store_class_goods` (`stc_id`,`goods_id`) VALUES('63','42');
INSERT INTO `shopnc_store_class_goods` (`stc_id`,`goods_id`) VALUES('63','41');
INSERT INTO `shopnc_store_class_goods` (`stc_id`,`goods_id`) VALUES('63','40');
INSERT INTO `shopnc_store_class_goods` (`stc_id`,`goods_id`) VALUES('63','39');
INSERT INTO `shopnc_store_class_goods` (`stc_id`,`goods_id`) VALUES('63','38');
INSERT INTO `shopnc_store_class_goods` (`stc_id`,`goods_id`) VALUES('63','37');
INSERT INTO `shopnc_store_class_goods` (`stc_id`,`goods_id`) VALUES('62','36');
INSERT INTO `shopnc_store_class_goods` (`stc_id`,`goods_id`) VALUES('64','35');
INSERT INTO `shopnc_store_class_goods` (`stc_id`,`goods_id`) VALUES('64','34');
INSERT INTO `shopnc_store_class_goods` (`stc_id`,`goods_id`) VALUES('64','32');
INSERT INTO `shopnc_store_class_goods` (`stc_id`,`goods_id`) VALUES('62','31');
INSERT INTO `shopnc_store_class_goods` (`stc_id`,`goods_id`) VALUES('60','28');
INSERT INTO `shopnc_store_class_goods` (`stc_id`,`goods_id`) VALUES('60','27');
INSERT INTO `shopnc_store_class_goods` (`stc_id`,`goods_id`) VALUES('60','24');
INSERT INTO `shopnc_store_class_goods` (`stc_id`,`goods_id`) VALUES('61','25');
INSERT INTO `shopnc_store_class_goods` (`stc_id`,`goods_id`) VALUES('60','22');
INSERT INTO `shopnc_store_class_goods` (`stc_id`,`goods_id`) VALUES('60','21');
INSERT INTO `shopnc_store_class_goods` (`stc_id`,`goods_id`) VALUES('60','19');
INSERT INTO `shopnc_store_class_goods` (`stc_id`,`goods_id`) VALUES('60','16');
INSERT INTO `shopnc_store_class_goods` (`stc_id`,`goods_id`) VALUES('60','12');
INSERT INTO `shopnc_store_class_goods` (`stc_id`,`goods_id`) VALUES('60','2');
INSERT INTO `shopnc_store_extend` (`store_id`,`express`) VALUES('3',NULL);

INSERT INTO `shopnc_store_goods_class` (`stc_id`,`stc_name`,`stc_parent_id`,`stc_state`,`store_id`,`stc_sort`) VALUES('66','茶具','0','1','2','0');
INSERT INTO `shopnc_store_goods_class` (`stc_id`,`stc_name`,`stc_parent_id`,`stc_state`,`store_id`,`stc_sort`) VALUES('67','婴儿用品','0','1','2','0');
INSERT INTO `shopnc_store_goods_class` (`stc_id`,`stc_name`,`stc_parent_id`,`stc_state`,`store_id`,`stc_sort`) VALUES('41','眼膜','38','1','2','0');
INSERT INTO `shopnc_store_goods_class` (`stc_id`,`stc_name`,`stc_parent_id`,`stc_state`,`store_id`,`stc_sort`) VALUES('40','面膜','38','1','2','0');
INSERT INTO `shopnc_store_goods_class` (`stc_id`,`stc_name`,`stc_parent_id`,`stc_state`,`store_id`,`stc_sort`) VALUES('39','男士护肤','38','1','2','0');
INSERT INTO `shopnc_store_goods_class` (`stc_id`,`stc_name`,`stc_parent_id`,`stc_state`,`store_id`,`stc_sort`) VALUES('65','相机','0','1','2','0');
INSERT INTO `shopnc_store_goods_class` (`stc_id`,`stc_name`,`stc_parent_id`,`stc_state`,`store_id`,`stc_sort`) VALUES('60','女装','0','1','2','0');
INSERT INTO `shopnc_store_goods_class` (`stc_id`,`stc_name`,`stc_parent_id`,`stc_state`,`store_id`,`stc_sort`) VALUES('61','男装','0','1','2','0');
INSERT INTO `shopnc_store_goods_class` (`stc_id`,`stc_name`,`stc_parent_id`,`stc_state`,`store_id`,`stc_sort`) VALUES('62','男鞋','0','1','2','0');
INSERT INTO `shopnc_store_goods_class` (`stc_id`,`stc_name`,`stc_parent_id`,`stc_state`,`store_id`,`stc_sort`) VALUES('63','美容美妆','0','1','2','0');
INSERT INTO `shopnc_store_goods_class` (`stc_id`,`stc_name`,`stc_parent_id`,`stc_state`,`store_id`,`stc_sort`) VALUES('64','箱包','0','1','2','0');
INSERT INTO `shopnc_store_grade` (`sg_id`,`sg_name`,`sg_goods_limit`,`sg_space_limit`,`sg_template_number`,`sg_template`,`sg_price`,`sg_confirm`,`sg_description`,`sg_function`,`sg_sort`) VALUES('1','系统默认','100','100','6','default|style1|style2|style3|style4|style5','100元/年','0','用户选择“默认等级”，可以立即开通。',NULL,'0');
INSERT INTO `shopnc_store_grade` (`sg_id`,`sg_name`,`sg_goods_limit`,`sg_space_limit`,`sg_template_number`,`sg_template`,`sg_price`,`sg_confirm`,`sg_description`,`sg_function`,`sg_sort`) VALUES('2','白金店铺','200','100','6','default|style1|style2|style3|style4|style5','200元/年','1','享受更多特权','editor_multimedia','2');

INSERT INTO `shopnc_type` (`type_id`,`type_name`,`type_sort`) VALUES('1','服装','1');
INSERT INTO `shopnc_type` (`type_id`,`type_name`,`type_sort`) VALUES('2','鞋码','2');
INSERT INTO `shopnc_type` (`type_id`,`type_name`,`type_sort`) VALUES('3','箱包','3');
INSERT INTO `shopnc_type` (`type_id`,`type_name`,`type_sort`) VALUES('4','茶具','4');
INSERT INTO `shopnc_type` (`type_id`,`type_name`,`type_sort`) VALUES('5','照相机','1');

INSERT INTO `shopnc_type_brand` (`type_id`,`brand_id`) VALUES('2','11');
INSERT INTO `shopnc_type_brand` (`type_id`,`brand_id`) VALUES('2','10');
INSERT INTO `shopnc_type_brand` (`type_id`,`brand_id`) VALUES('2','9');
INSERT INTO `shopnc_type_brand` (`type_id`,`brand_id`) VALUES('2','12');
INSERT INTO `shopnc_type_brand` (`type_id`,`brand_id`) VALUES('2','13');
INSERT INTO `shopnc_type_brand` (`type_id`,`brand_id`) VALUES('2','14');
INSERT INTO `shopnc_type_brand` (`type_id`,`brand_id`) VALUES('2','15');
INSERT INTO `shopnc_type_brand` (`type_id`,`brand_id`) VALUES('2','1');
INSERT INTO `shopnc_type_brand` (`type_id`,`brand_id`) VALUES('2','2');
INSERT INTO `shopnc_type_brand` (`type_id`,`brand_id`) VALUES('2','8');
INSERT INTO `shopnc_type_brand` (`type_id`,`brand_id`) VALUES('1','11');
INSERT INTO `shopnc_type_brand` (`type_id`,`brand_id`) VALUES('1','10');
INSERT INTO `shopnc_type_brand` (`type_id`,`brand_id`) VALUES('1','9');
INSERT INTO `shopnc_type_brand` (`type_id`,`brand_id`) VALUES('1','12');
INSERT INTO `shopnc_type_brand` (`type_id`,`brand_id`) VALUES('1','13');
INSERT INTO `shopnc_type_brand` (`type_id`,`brand_id`) VALUES('1','14');
INSERT INTO `shopnc_type_brand` (`type_id`,`brand_id`) VALUES('1','15');
INSERT INTO `shopnc_type_brand` (`type_id`,`brand_id`) VALUES('1','1');
INSERT INTO `shopnc_type_brand` (`type_id`,`brand_id`) VALUES('1','2');
INSERT INTO `shopnc_type_brand` (`type_id`,`brand_id`) VALUES('1','8');
INSERT INTO `shopnc_type_spec` (`type_id`,`sp_id`) VALUES('1','1');
INSERT INTO `shopnc_type_spec` (`type_id`,`sp_id`) VALUES('1','2');
INSERT INTO `shopnc_type_spec` (`type_id`,`sp_id`) VALUES('2','3');
INSERT INTO `shopnc_type_spec` (`type_id`,`sp_id`) VALUES('2','1');
INSERT INTO `shopnc_type_spec` (`type_id`,`sp_id`) VALUES('3','1');

INSERT INTO `shopnc_upload` (`upload_id`,`file_name`,`file_thumb`,`file_wm`,`file_size`,`store_id`,`upload_type`,`upload_time`,`item_id`) VALUES('1','aac6ff227c0e83e9b6af2f090ae91547.jpg',NULL,NULL,'102857','0','6','1322032117','1');
INSERT INTO `shopnc_upload` (`upload_id`,`file_name`,`file_thumb`,`file_wm`,`file_size`,`store_id`,`upload_type`,`upload_time`,`item_id`) VALUES('2','23d29b33704d79e94b83217dcca1308f.jpg','23d29b33704d79e94b83217dcca1308f.jpg_small.jpg',NULL,'80214','0','5','1322032491','1');
INSERT INTO `shopnc_upload` (`upload_id`,`file_name`,`file_thumb`,`file_wm`,`file_size`,`store_id`,`upload_type`,`upload_time`,`item_id`) VALUES('3','c98bc897edfa1036958cd17473f40819.jpg','c98bc897edfa1036958cd17473f40819.jpg_small.jpg',NULL,'52390','0','5','1322034560','2');
INSERT INTO `shopnc_upload` (`upload_id`,`file_name`,`file_thumb`,`file_wm`,`file_size`,`store_id`,`upload_type`,`upload_time`,`item_id`) VALUES('4','3496d92e7c800e041393f1f94fb2e054.jpg',NULL,NULL,'384559','0','6','1322032203','1');

INSERT INTO `shopnc_voucher_price` (`voucher_price_id`,`voucher_price_describe`,`voucher_price`,`voucher_defaultpoints`) VALUES('1','10元面额','10','0');
INSERT INTO `shopnc_voucher_price` (`voucher_price_id`,`voucher_price_describe`,`voucher_price`,`voucher_defaultpoints`) VALUES('2','50元面额','50','0');

INSERT INTO `shopnc_web` (`web_id`,`web_name`,`style_name`,`web_page`,`update_time`,`web_sort`,`web_show`,`web_html`) VALUES('1','红色','red','index','1361905636','1','1','
  <div class="nc-home-pattern style-red">
    <div class="rightbar">
      <div class="title">
        <h3>商品排行</h3>
      </div>
      <ol class="saletop-list">
					        							        										        	        <li class="top">
          <dl>
            <dt class="goods-name"><a href="index.php?act=goods&goods_id=67&id=2" target="_blank" title="优之良品橡皮糖黄芒果橡皮糖软糖零食QQ糖250【演示数据】">
            	优之良品橡皮糖黄芒果橡皮糖软糖零食QQ糖250【演示数据】</a></dt>
            <dd class="nokey">1</dd>
            <dd class="goods-pic"><a href="index.php?act=goods&goods_id=67&id=2" target="_blank" title="优之良品橡皮糖黄芒果橡皮糖软糖零食QQ糖250【演示数据】"><span class="thumb size60"><i></i>
            <img src="http://www.rongyanyou.com/upload/store/goods/2/6f8ff741b6c12a2d6f9cce86eb6cf1ad.jpg_small.jpg" title="优之良品橡皮糖黄芒果橡皮糖软糖零食QQ糖250【演示数据】" onload="javascript:DrawImage(this,60,60);" target="_blank">
            </span></a></dd>
            <dd class="goods-price"><em>18.00</em></dd>
          </dl>
        </li>
										        								        										        	        <li class="top">
          <dl>
            <dt class="goods-name"><a href="index.php?act=goods&goods_id=69&id=2" target="_blank" title="福建特产蜜饯话梅旺梅酸甜可口肉质爽甜健脾开胃【演示数据】">
            	福建特产蜜饯话梅旺梅酸甜可口肉质爽甜健脾开胃【演示数据】</a></dt>
            <dd class="nokey">2</dd>
            <dd class="goods-pic"><a href="index.php?act=goods&goods_id=69&id=2" target="_blank" title="福建特产蜜饯话梅旺梅酸甜可口肉质爽甜健脾开胃【演示数据】"><span class="thumb size60"><i></i>
            <img src="http://www.rongyanyou.com/upload/store/goods/2/52f831e8e55240c3f9d529976b88f8f0.jpg_small.jpg" title="福建特产蜜饯话梅旺梅酸甜可口肉质爽甜健脾开胃【演示数据】" onload="javascript:DrawImage(this,60,60);" target="_blank">
            </span></a></dd>
            <dd class="goods-price"><em>22.80</em></dd>
          </dl>
        </li>
										        								        										        	        <li class="top">
          <dl>
            <dt class="goods-name"><a href="index.php?act=goods&goods_id=71&id=2" target="_blank" title="梅怡馆大畈屋梅饴馆生梅老梅干礼盒1/1 160克【演示数据】">
            	梅怡馆大畈屋梅饴馆生梅老梅干礼盒1/1 160克【演示数据】</a></dt>
            <dd class="nokey">3</dd>
            <dd class="goods-pic"><a href="index.php?act=goods&goods_id=71&id=2" target="_blank" title="梅怡馆大畈屋梅饴馆生梅老梅干礼盒1/1 160克【演示数据】"><span class="thumb size60"><i></i>
            <img src="http://www.rongyanyou.com/upload/store/goods/2/6d9d3912f417bb1cd5c77264e35a7431.jpeg_small.jpeg" title="梅怡馆大畈屋梅饴馆生梅老梅干礼盒1/1 160克【演示数据】" onload="javascript:DrawImage(this,60,60);" target="_blank">
            </span></a></dd>
            <dd class="goods-price"><em>39.00</em></dd>
          </dl>
        </li>
										        								        										        	        <li class="normal"><i>4</i>
        	<a href="index.php?act=goods&goods_id=30&id=2" target="_blank" title="燕之坊即冲粗粮豆米浆补气黑芝麻味单包28g【演示数据】">燕之坊即冲粗粮豆米浆补气黑芝麻味单包28g【演示数据】</a></li>
										        								        										        	        <li class="normal"><i>5</i>
        	<a href="index.php?act=goods&goods_id=23&id=2" target="_blank" title="武陵泰味酱板系列酱板鸭脖礼盒装400g/内含40【演示数据】">武陵泰味酱板系列酱板鸭脖礼盒装400g/内含40【演示数据】</a></li>
										        								        										        	        <li class="normal"><i>6</i>
        	<a href="index.php?act=goods&goods_id=29&id=2" target="_blank" title="Truffles德菲丝松露巧克力果仁味400g【演示数据】">Truffles德菲丝松露巧克力果仁味400g【演示数据】</a></li>
										        								        										        	        <li class="normal"><i>7</i>
        	<a href="index.php?act=goods&goods_id=26&id=2" target="_blank" title="法国进口德菲丝/德菲斯松露巧克力 浓情古典系列 【演示数据】">法国进口德菲丝/德菲斯松露巧克力 浓情古典系列 【演示数据】</a></li>
										        								                      		      </ol>
      <div class="ad-banner">
      	      	<a href="" target="_blank">
      	<img border=0 src="http://www.rongyanyou.com/upload/adv/web-1-18_4c91b4889516f10059e6ccf921542323.gif">
      	</a>
      	      </div>
    </div>
    <div class="leftbar">
      <div class="title">
      	      	<img border=0 src="http://www.rongyanyou.com/upload/adv/web-1-11_f3acb5954fbdeef69591fd5a84ac3adb.png" >
      	      </div>
      <div class="category">
      	
                                            <dl>
          <dt><a href="index.php?act=search&cate_id=200" title="休闲零食" target="_blank">休闲零食</a></dt>
		                  		                            <dd><a href="index.php?act=search&cate_id=203" title="鸭脖" target="_blank">鸭脖</a></dd>
		                            <dd><a href="index.php?act=search&cate_id=204" title="鸭舌" target="_blank">鸭舌</a></dd>
		                            <dd><a href="index.php?act=search&cate_id=205" title="鸡翅" target="_blank">鸡翅</a></dd>
		                            <dd><a href="index.php?act=search&cate_id=206" title="牛肉干" target="_blank">牛肉干</a></dd>
		                            <dd><a href="index.php?act=search&cate_id=207" title="猪肉脯" target="_blank">猪肉脯</a></dd>
		                            <dd><a href="index.php?act=search&cate_id=208" title="猪肉松" target="_blank">猪肉松</a></dd>
		                            <dd><a href="index.php?act=search&cate_id=209" title="糖果" target="_blank">糖果</a></dd>
		                            <dd><a href="index.php?act=search&cate_id=210" title="鱿鱼丝" target="_blank">鱿鱼丝</a></dd>
		                            <dd><a href="index.php?act=search&cate_id=211" title="饼干糕点" target="_blank">饼干糕点</a></dd>
		                  		                          </dl>
                          <dl>
          <dt><a href="index.php?act=search&cate_id=202" title="蜜饯果脯" target="_blank">蜜饯果脯</a></dt>
		                  		                            <dd><a href="index.php?act=search&cate_id=220" title="芒果干" target="_blank">芒果干</a></dd>
		                            <dd><a href="index.php?act=search&cate_id=221" title="葡萄干" target="_blank">葡萄干</a></dd>
		                            <dd><a href="index.php?act=search&cate_id=222" title="梅类" target="_blank">梅类</a></dd>
		                            <dd><a href="index.php?act=search&cate_id=223" title="菠萝干" target="_blank">菠萝干</a></dd>
		                            <dd><a href="index.php?act=search&cate_id=224" title="草莓干" target="_blank">草莓干</a></dd>
		                            <dd><a href="index.php?act=search&cate_id=225" title="香蕉干" target="_blank">香蕉干</a></dd>
		                            <dd><a href="index.php?act=search&cate_id=226" title="玫瑰脯" target="_blank">玫瑰脯</a></dd>
		                            <dd><a href="index.php?act=search&cate_id=227" title="蓝莓" target="_blank">蓝莓</a></dd>
		                  		                          </dl>
                                          </div>
      <div class="sale-pic">
      	      	<a href="" target="_blank">
      	<img border=0 src="http://www.rongyanyou.com/upload/adv/web-1-13_53bfbfc958cb55a435545033bd075bf3.png">
      	</a>
      	      </div>
    </div>
    <div class="middle">
      <ul class="tabs-nav">
      	
                                            <li class="tabs-selected"><a href="JavaScript:void(0);">食品保健</a></li>
                                          </ul>
      
                                          <div class="tabs-panel ">
        <ul>
                          <li>
            <dl>
              <dt class="goods-name"><a target="_blank" href="index.php?act=goods&goods_id=30&id=2" title="燕之坊即冲粗粮豆米浆补气黑芝麻味单包28g【演示数据】">
              	燕之坊即冲粗粮豆米浆补气黑芝麻味单包28g【演示数据】</a></dt>
              <dd class="goods-pic"><span class="thumb size120"><i></i>
              	<a target="_blank" href="index.php?act=goods&goods_id=30&id=2">
              	<img src="http://www.rongyanyou.com/upload/store/goods/2/984600f5e9d1a07163cbe01e7500ad11.jpg_small.jpg" alt="燕之坊即冲粗粮豆米浆补气黑芝麻味单包28g【演示数据】"  onload="javascript:DrawImage(this,120,120);" />
              	</a></span></dd>
              <dd class="goods-price">商城价：<em>1.00</em>元</dd>
            </dl>
          </li>
                  <li>
            <dl>
              <dt class="goods-name"><a target="_blank" href="index.php?act=goods&goods_id=67&id=2" title="优之良品橡皮糖黄芒果橡皮糖软糖零食QQ糖250【演示数据】">
              	优之良品橡皮糖黄芒果橡皮糖软糖零食QQ糖250【演示数据】</a></dt>
              <dd class="goods-pic"><span class="thumb size120"><i></i>
              	<a target="_blank" href="index.php?act=goods&goods_id=67&id=2">
              	<img src="http://www.rongyanyou.com/upload/store/goods/2/6f8ff741b6c12a2d6f9cce86eb6cf1ad.jpg_small.jpg" alt="优之良品橡皮糖黄芒果橡皮糖软糖零食QQ糖250【演示数据】"  onload="javascript:DrawImage(this,120,120);" />
              	</a></span></dd>
              <dd class="goods-price">商城价：<em>18.00</em>元</dd>
            </dl>
          </li>
                  <li>
            <dl>
              <dt class="goods-name"><a target="_blank" href="index.php?act=goods&goods_id=65&id=2" title="零食喜糖好利源软糖鲜乳球婚庆糖果250g混合口味【演示数据】">
              	零食喜糖好利源软糖鲜乳球婚庆糖果250g混合口味【演示数据】</a></dt>
              <dd class="goods-pic"><span class="thumb size120"><i></i>
              	<a target="_blank" href="index.php?act=goods&goods_id=65&id=2">
              	<img src="http://www.rongyanyou.com/upload/store/goods/2/c1cb7ee7bc9b9e4a13bb2d7cc488818b.jpg_small.jpg" alt="零食喜糖好利源软糖鲜乳球婚庆糖果250g混合口味【演示数据】"  onload="javascript:DrawImage(this,120,120);" />
              	</a></span></dd>
              <dd class="goods-price">商城价：<em>3.00</em>元</dd>
            </dl>
          </li>
                  <li>
            <dl>
              <dt class="goods-name"><a target="_blank" href="index.php?act=goods&goods_id=69&id=2" title="福建特产蜜饯话梅旺梅酸甜可口肉质爽甜健脾开胃【演示数据】">
              	福建特产蜜饯话梅旺梅酸甜可口肉质爽甜健脾开胃【演示数据】</a></dt>
              <dd class="goods-pic"><span class="thumb size120"><i></i>
              	<a target="_blank" href="index.php?act=goods&goods_id=69&id=2">
              	<img src="http://www.rongyanyou.com/upload/store/goods/2/52f831e8e55240c3f9d529976b88f8f0.jpg_small.jpg" alt="福建特产蜜饯话梅旺梅酸甜可口肉质爽甜健脾开胃【演示数据】"  onload="javascript:DrawImage(this,120,120);" />
              	</a></span></dd>
              <dd class="goods-price">商城价：<em>22.80</em>元</dd>
            </dl>
          </li>
                  <li>
            <dl>
              <dt class="goods-name"><a target="_blank" href="index.php?act=goods&goods_id=33&id=2" title="新疆特级哈密五堡大枣(500克)养颜滋补红枣 【演示数据】">
              	新疆特级哈密五堡大枣(500克)养颜滋补红枣 【演示数据】</a></dt>
              <dd class="goods-pic"><span class="thumb size120"><i></i>
              	<a target="_blank" href="index.php?act=goods&goods_id=33&id=2">
              	<img src="http://www.rongyanyou.com/upload/store/goods/2/70cd400bc29f748ebde074e04f1ad081.jpeg_small.jpeg" alt="新疆特级哈密五堡大枣(500克)养颜滋补红枣 【演示数据】"  onload="javascript:DrawImage(this,120,120);" />
              	</a></span></dd>
              <dd class="goods-price">商城价：<em>45.00</em>元</dd>
            </dl>
          </li>
                  <li>
            <dl>
              <dt class="goods-name"><a target="_blank" href="index.php?act=goods&goods_id=29&id=2" title="Truffles德菲丝松露巧克力果仁味400g【演示数据】">
              	Truffles德菲丝松露巧克力果仁味400g【演示数据】</a></dt>
              <dd class="goods-pic"><span class="thumb size120"><i></i>
              	<a target="_blank" href="index.php?act=goods&goods_id=29&id=2">
              	<img src="http://www.rongyanyou.com/upload/store/goods/2/b3fa422271ee0e974af458a049ca7e77.jpg_small.jpg" alt="Truffles德菲丝松露巧克力果仁味400g【演示数据】"  onload="javascript:DrawImage(this,120,120);" />
              	</a></span></dd>
              <dd class="goods-price">商城价：<em>99.00</em>元</dd>
            </dl>
          </li>
                        </ul>
      </div>
                                        </div>
    <div class="bottom-bar">
      <ul class="brands">
                                            <li>
          <div class="brands-logo"><i></i><a href="index.php?act=brand&op=list&brand=11" target="_blank">
          	<img src="http://www.rongyanyou.com/upload/brand/354b80528d2fbeefbab33c563532517e.gif" alt="卡帕"  onload="javascript:DrawImage(this,88,44);"></a></div>
          <div class="brands-name"><a href="index.php?act=brand&op=list&brand=11" target="_blank" title="卡帕">卡帕</a></div>
        </li>
                          <li>
          <div class="brands-logo"><i></i><a href="index.php?act=brand&op=list&brand=1" target="_blank">
          	<img src="http://www.rongyanyou.com/upload/brand/1d2dfbead590510046a6522551db8139.gif" alt="耐克/Nike"  onload="javascript:DrawImage(this,88,44);"></a></div>
          <div class="brands-name"><a href="index.php?act=brand&op=list&brand=1" target="_blank" title="耐克/Nike">耐克/Nike</a></div>
        </li>
                          <li>
          <div class="brands-logo"><i></i><a href="index.php?act=brand&op=list&brand=15" target="_blank">
          	<img src="http://www.rongyanyou.com/upload/brand/26247430b09daa1b441b46008bfb6e6e.gif" alt="茵宝"  onload="javascript:DrawImage(this,88,44);"></a></div>
          <div class="brands-name"><a href="index.php?act=brand&op=list&brand=15" target="_blank" title="茵宝">茵宝</a></div>
        </li>
                          <li>
          <div class="brands-logo"><i></i><a href="index.php?act=brand&op=list&brand=10" target="_blank">
          	<img src="http://www.rongyanyou.com/upload/brand/a0ac8c6d2d3dc1470d5876923182a8e2.gif" alt="匡威"  onload="javascript:DrawImage(this,88,44);"></a></div>
          <div class="brands-name"><a href="index.php?act=brand&op=list&brand=10" target="_blank" title="匡威">匡威</a></div>
        </li>
                          <li>
          <div class="brands-logo"><i></i><a href="index.php?act=brand&op=list&brand=12" target="_blank">
          	<img src="http://www.rongyanyou.com/upload/brand/9c5dee77a6ecdafd9e152fed8c6a4e90.gif" alt="新百伦/new balance"  onload="javascript:DrawImage(this,88,44);"></a></div>
          <div class="brands-name"><a href="index.php?act=brand&op=list&brand=12" target="_blank" title="新百伦/new balance">新百伦/new balance</a></div>
        </li>
                          <li>
          <div class="brands-logo"><i></i><a href="index.php?act=brand&op=list&brand=2" target="_blank">
          	<img src="http://www.rongyanyou.com/upload/brand/b175883eba95e793affb1b1ebbbf85a5.gif" alt="阿迪达斯/adidas"  onload="javascript:DrawImage(this,88,44);"></a></div>
          <div class="brands-name"><a href="index.php?act=brand&op=list&brand=2" target="_blank" title="阿迪达斯/adidas">阿迪达斯/adidas</a></div>
        </li>
                          <li>
          <div class="brands-logo"><i></i><a href="index.php?act=brand&op=list&brand=9" target="_blank">
          	<img src="http://www.rongyanyou.com/upload/brand/6e61a1c953e5bc8c5f1ffdac36862245.gif" alt="安踏"  onload="javascript:DrawImage(this,88,44);"></a></div>
          <div class="brands-name"><a href="index.php?act=brand&op=list&brand=9" target="_blank" title="安踏">安踏</a></div>
        </li>
                          <li>
          <div class="brands-logo"><i></i><a href="index.php?act=brand&op=list&brand=8" target="_blank">
          	<img src="http://www.rongyanyou.com/upload/brand/209abd835cd2ce2208f2dc42ba10efb4.gif" alt="李宁/LINING"  onload="javascript:DrawImage(this,88,44);"></a></div>
          <div class="brands-name"><a href="index.php?act=brand&op=list&brand=8" target="_blank" title="李宁/LINING">李宁/LINING</a></div>
        </li>
                                          </ul>
    </div>
  </div>');
INSERT INTO `shopnc_web` (`web_id`,`web_name`,`style_name`,`web_page`,`update_time`,`web_sort`,`web_show`,`web_html`) VALUES('2','粉色','pink','index','1361905636','2','1','
  <div class="nc-home-pattern style-pink">
    <div class="rightbar">
      <div class="title">
        <h3>商品排行</h3>
      </div>
      <ol class="saletop-list">
					        							        										        	        <li class="top">
          <dl>
            <dt class="goods-name"><a href="index.php?act=goods&goods_id=41&id=2" target="_blank" title="金致润白弹力精华胶囊 美白保湿补水抗氧化抗衰老【演示数据】">
            	金致润白弹力精华胶囊 美白保湿补水抗氧化抗衰老【演示数据】</a></dt>
            <dd class="nokey">1</dd>
            <dd class="goods-pic"><a href="index.php?act=goods&goods_id=41&id=2" target="_blank" title="金致润白弹力精华胶囊 美白保湿补水抗氧化抗衰老【演示数据】"><span class="thumb size60"><i></i>
            <img src="http://www.rongyanyou.com/upload/store/goods/2/fdde88fceb45f66e35d9da05b23e3e40.jpg_small.jpg" title="金致润白弹力精华胶囊 美白保湿补水抗氧化抗衰老【演示数据】" onload="javascript:DrawImage(this,60,60);" target="_blank">
            </span></a></dd>
            <dd class="goods-price"><em>358.00</em></dd>
          </dl>
        </li>
										        								        										        	        <li class="top">
          <dl>
            <dt class="goods-name"><a href="index.php?act=goods&goods_id=40&id=2" target="_blank" title="玫瑰嫩白保湿面膜 美白保湿抗衰老 专柜正品【演示数据】">
            	玫瑰嫩白保湿面膜 美白保湿抗衰老 专柜正品【演示数据】</a></dt>
            <dd class="nokey">2</dd>
            <dd class="goods-pic"><a href="index.php?act=goods&goods_id=40&id=2" target="_blank" title="玫瑰嫩白保湿面膜 美白保湿抗衰老 专柜正品【演示数据】"><span class="thumb size60"><i></i>
            <img src="http://www.rongyanyou.com/upload/store/goods/2/4881e7d174693f1196e669b86643ddd8.jpg_small.jpg" title="玫瑰嫩白保湿面膜 美白保湿抗衰老 专柜正品【演示数据】" onload="javascript:DrawImage(this,60,60);" target="_blank">
            </span></a></dd>
            <dd class="goods-price"><em>138.00</em></dd>
          </dl>
        </li>
										        								        										        	        <li class="top">
          <dl>
            <dt class="goods-name"><a href="index.php?act=goods&goods_id=39&id=2" target="_blank" title="正品补水眼部护理2件套 补水保湿 去黑眼圈/眼袋【演示数据】">
            	正品补水眼部护理2件套 补水保湿 去黑眼圈/眼袋【演示数据】</a></dt>
            <dd class="nokey">3</dd>
            <dd class="goods-pic"><a href="index.php?act=goods&goods_id=39&id=2" target="_blank" title="正品补水眼部护理2件套 补水保湿 去黑眼圈/眼袋【演示数据】"><span class="thumb size60"><i></i>
            <img src="http://www.rongyanyou.com/upload/store/goods/2/57ec6dae05bcb152e946401f1327c17a.jpg_small.jpg" title="正品补水眼部护理2件套 补水保湿 去黑眼圈/眼袋【演示数据】" onload="javascript:DrawImage(this,60,60);" target="_blank">
            </span></a></dd>
            <dd class="goods-price"><em>84.00</em></dd>
          </dl>
        </li>
										        								        										        	        <li class="normal"><i>4</i>
        	<a href="index.php?act=goods&goods_id=38&id=2" target="_blank" title="御白3件套/面部护肤套装 美白保湿去黄气/暗沉肌【演示数据】">御白3件套/面部护肤套装 美白保湿去黄气/暗沉肌【演示数据】</a></li>
										        								        										        	        <li class="normal"><i>5</i>
        	<a href="index.php?act=goods&goods_id=49&id=2" target="_blank" title="无暇矿物精华BB霜精华胶囊 尊贵包材享优惠价格【演示数据】">无暇矿物精华BB霜精华胶囊 尊贵包材享优惠价格【演示数据】</a></li>
										        								        										        	        <li class="normal"><i>6</i>
        	<a href="index.php?act=goods&goods_id=47&id=2" target="_blank" title="补水修颜2件套 深层补水保湿 美白修颜【演示数据】">补水修颜2件套 深层补水保湿 美白修颜【演示数据】</a></li>
										        								        										        	        <li class="normal"><i>7</i>
        	<a href="index.php?act=goods&goods_id=44&id=2" target="_blank" title="茶盐柔润护手霜50ml 防水 滋润保湿美白【演示数据】">茶盐柔润护手霜50ml 防水 滋润保湿美白【演示数据】</a></li>
										        								                      		      </ol>
      <div class="ad-banner">
      	      	<a href="" target="_blank">
      	<img border=0 src="http://www.rongyanyou.com/upload/adv/web-2-28_9f2f7dcad3049df7450cecd179e142d8.gif">
      	</a>
      	      </div>
    </div>
    <div class="leftbar">
      <div class="title">
      	      	<img border=0 src="http://www.rongyanyou.com/upload/adv/web-2-21_82132e2a55300f4e3a32be07af077d63.png" >
      	      </div>
      <div class="category">
      	
                                            <dl>
          <dt><a href="index.php?act=search&cate_id=122" title="护肤" target="_blank">护肤</a></dt>
		                  		                            <dd><a href="index.php?act=search&cate_id=136" title="面膜" target="_blank">面膜</a></dd>
		                            <dd><a href="index.php?act=search&cate_id=137" title="洁面" target="_blank">洁面</a></dd>
		                            <dd><a href="index.php?act=search&cate_id=138" title="爽肤水" target="_blank">爽肤水</a></dd>
		                            <dd><a href="index.php?act=search&cate_id=139" title="面霜/乳液" target="_blank">面霜/乳液</a></dd>
		                            <dd><a href="index.php?act=search&cate_id=140" title="护肤套装" target="_blank">护肤套装</a></dd>
		                            <dd><a href="index.php?act=search&cate_id=141" title="面部精华" target="_blank">面部精华</a></dd>
		                            <dd><a href="index.php?act=search&cate_id=142" title="喷雾" target="_blank">喷雾</a></dd>
		                            <dd><a href="index.php?act=search&cate_id=143" title="隔离/防晒" target="_blank">隔离/防晒</a></dd>
		                            <dd><a href="index.php?act=search&cate_id=144" title="眼霜" target="_blank">眼霜</a></dd>
		                            <dd><a href="index.php?act=search&cate_id=145" title="润唇膏" target="_blank">润唇膏</a></dd>
		                            <dd><a href="index.php?act=search&cate_id=146" title="T区护理" target="_blank">T区护理</a></dd>
		                            <dd><a href="index.php?act=search&cate_id=147" title="卸妆" target="_blank">卸妆</a></dd>
		                  		                          </dl>
                          <dl>
          <dt><a href="index.php?act=search&cate_id=123" title="彩妆" target="_blank">彩妆</a></dt>
		                  		                            <dd><a href="index.php?act=search&cate_id=129" title="睫毛膏" target="_blank">睫毛膏</a></dd>
		                            <dd><a href="index.php?act=search&cate_id=130" title="粉底液" target="_blank">粉底液</a></dd>
		                            <dd><a href="index.php?act=search&cate_id=131" title="粉饼" target="_blank">粉饼</a></dd>
		                            <dd><a href="index.php?act=search&cate_id=132" title="眼线" target="_blank">眼线</a></dd>
		                            <dd><a href="index.php?act=search&cate_id=133" title="唇彩" target="_blank">唇彩</a></dd>
		                            <dd><a href="index.php?act=search&cate_id=134" title="眼影" target="_blank">眼影</a></dd>
		                            <dd><a href="index.php?act=search&cate_id=135" title="指甲油" target="_blank">指甲油</a></dd>
		                  		                          </dl>
                                          </div>
      <div class="sale-pic">
      	      	<a href="" target="_blank">
      	<img border=0 src="http://www.rongyanyou.com/upload/adv/web-1-13_53bfbfc958cb55a435545033bd075bf3.png">
      	</a>
      	      </div>
    </div>
    <div class="middle">
      <ul class="tabs-nav">
      	
                                            <li class="tabs-selected"><a href="JavaScript:void(0);">美容美妆</a></li>
                                          </ul>
      
                                          <div class="tabs-panel ">
        <ul>
                          <li>
            <dl>
              <dt class="goods-name"><a target="_blank" href="index.php?act=goods&goods_id=38&id=2" title="御白3件套/面部护肤套装 美白保湿去黄气/暗沉肌【演示数据】">
              	御白3件套/面部护肤套装 美白保湿去黄气/暗沉肌【演示数据】</a></dt>
              <dd class="goods-pic"><span class="thumb size120"><i></i>
              	<a target="_blank" href="index.php?act=goods&goods_id=38&id=2">
              	<img src="http://www.rongyanyou.com/upload/store/goods/2/16ad561a77804f7c76b03462d852f5ef.jpg_small.jpg" alt="御白3件套/面部护肤套装 美白保湿去黄气/暗沉肌【演示数据】"  onload="javascript:DrawImage(this,120,120);" />
              	</a></span></dd>
              <dd class="goods-price">商城价：<em>119.00</em>元</dd>
            </dl>
          </li>
                  <li>
            <dl>
              <dt class="goods-name"><a target="_blank" href="index.php?act=goods&goods_id=49&id=2" title="无暇矿物精华BB霜精华胶囊 尊贵包材享优惠价格【演示数据】">
              	无暇矿物精华BB霜精华胶囊 尊贵包材享优惠价格【演示数据】</a></dt>
              <dd class="goods-pic"><span class="thumb size120"><i></i>
              	<a target="_blank" href="index.php?act=goods&goods_id=49&id=2">
              	<img src="http://www.rongyanyou.com/upload/store/goods/2/4148eb0114cca80333da1f6924856bba.jpg_small.jpg" alt="无暇矿物精华BB霜精华胶囊 尊贵包材享优惠价格【演示数据】"  onload="javascript:DrawImage(this,120,120);" />
              	</a></span></dd>
              <dd class="goods-price">商城价：<em>8.00</em>元</dd>
            </dl>
          </li>
                  <li>
            <dl>
              <dt class="goods-name"><a target="_blank" href="index.php?act=goods&goods_id=42&id=2" title="专柜正品 隐形面膜贴蚕丝面膜【演示数据】">
              	专柜正品 隐形面膜贴蚕丝面膜【演示数据】</a></dt>
              <dd class="goods-pic"><span class="thumb size120"><i></i>
              	<a target="_blank" href="index.php?act=goods&goods_id=42&id=2">
              	<img src="http://www.rongyanyou.com/upload/store/goods/2/911ebbce6dcce91a5855f025eb9d8df7.jpg_small.jpg" alt="专柜正品 隐形面膜贴蚕丝面膜【演示数据】"  onload="javascript:DrawImage(this,120,120);" />
              	</a></span></dd>
              <dd class="goods-price">商城价：<em>47.00</em>元</dd>
            </dl>
          </li>
                  <li>
            <dl>
              <dt class="goods-name"><a target="_blank" href="index.php?act=goods&goods_id=44&id=2" title="茶盐柔润护手霜50ml 防水 滋润保湿美白【演示数据】">
              	茶盐柔润护手霜50ml 防水 滋润保湿美白【演示数据】</a></dt>
              <dd class="goods-pic"><span class="thumb size120"><i></i>
              	<a target="_blank" href="index.php?act=goods&goods_id=44&id=2">
              	<img src="http://www.rongyanyou.com/upload/store/goods/2/84fcb7c4a35bd01af150ca5c0e068374.jpg_small.jpg" alt="茶盐柔润护手霜50ml 防水 滋润保湿美白【演示数据】"  onload="javascript:DrawImage(this,120,120);" />
              	</a></span></dd>
              <dd class="goods-price">商城价：<em>32.00</em>元</dd>
            </dl>
          </li>
                  <li>
            <dl>
              <dt class="goods-name"><a target="_blank" href="index.php?act=goods&goods_id=40&id=2" title="玫瑰嫩白保湿面膜 美白保湿抗衰老 专柜正品【演示数据】">
              	玫瑰嫩白保湿面膜 美白保湿抗衰老 专柜正品【演示数据】</a></dt>
              <dd class="goods-pic"><span class="thumb size120"><i></i>
              	<a target="_blank" href="index.php?act=goods&goods_id=40&id=2">
              	<img src="http://www.rongyanyou.com/upload/store/goods/2/4881e7d174693f1196e669b86643ddd8.jpg_small.jpg" alt="玫瑰嫩白保湿面膜 美白保湿抗衰老 专柜正品【演示数据】"  onload="javascript:DrawImage(this,120,120);" />
              	</a></span></dd>
              <dd class="goods-price">商城价：<em>138.00</em>元</dd>
            </dl>
          </li>
                  <li>
            <dl>
              <dt class="goods-name"><a target="_blank" href="index.php?act=goods&goods_id=41&id=2" title="金致润白弹力精华胶囊 美白保湿补水抗氧化抗衰老【演示数据】">
              	金致润白弹力精华胶囊 美白保湿补水抗氧化抗衰老【演示数据】</a></dt>
              <dd class="goods-pic"><span class="thumb size120"><i></i>
              	<a target="_blank" href="index.php?act=goods&goods_id=41&id=2">
              	<img src="http://www.rongyanyou.com/upload/store/goods/2/fdde88fceb45f66e35d9da05b23e3e40.jpg_small.jpg" alt="金致润白弹力精华胶囊 美白保湿补水抗氧化抗衰老【演示数据】"  onload="javascript:DrawImage(this,120,120);" />
              	</a></span></dd>
              <dd class="goods-price">商城价：<em>358.00</em>元</dd>
            </dl>
          </li>
                        </ul>
      </div>
                                        </div>
    <div class="bottom-bar">
      <ul class="brands">
                                            <li>
          <div class="brands-logo"><i></i><a href="index.php?act=brand&op=list&brand=1" target="_blank">
          	<img src="http://www.rongyanyou.com/upload/brand/1d2dfbead590510046a6522551db8139.gif" alt="耐克/Nike"  onload="javascript:DrawImage(this,88,44);"></a></div>
          <div class="brands-name"><a href="index.php?act=brand&op=list&brand=1" target="_blank" title="耐克/Nike">耐克/Nike</a></div>
        </li>
                          <li>
          <div class="brands-logo"><i></i><a href="index.php?act=brand&op=list&brand=15" target="_blank">
          	<img src="http://www.rongyanyou.com/upload/brand/26247430b09daa1b441b46008bfb6e6e.gif" alt="茵宝"  onload="javascript:DrawImage(this,88,44);"></a></div>
          <div class="brands-name"><a href="index.php?act=brand&op=list&brand=15" target="_blank" title="茵宝">茵宝</a></div>
        </li>
                          <li>
          <div class="brands-logo"><i></i><a href="index.php?act=brand&op=list&brand=10" target="_blank">
          	<img src="http://www.rongyanyou.com/upload/brand/a0ac8c6d2d3dc1470d5876923182a8e2.gif" alt="匡威"  onload="javascript:DrawImage(this,88,44);"></a></div>
          <div class="brands-name"><a href="index.php?act=brand&op=list&brand=10" target="_blank" title="匡威">匡威</a></div>
        </li>
                          <li>
          <div class="brands-logo"><i></i><a href="index.php?act=brand&op=list&brand=12" target="_blank">
          	<img src="http://www.rongyanyou.com/upload/brand/9c5dee77a6ecdafd9e152fed8c6a4e90.gif" alt="新百伦/new balance"  onload="javascript:DrawImage(this,88,44);"></a></div>
          <div class="brands-name"><a href="index.php?act=brand&op=list&brand=12" target="_blank" title="新百伦/new balance">新百伦/new balance</a></div>
        </li>
                          <li>
          <div class="brands-logo"><i></i><a href="index.php?act=brand&op=list&brand=2" target="_blank">
          	<img src="http://www.rongyanyou.com/upload/brand/b175883eba95e793affb1b1ebbbf85a5.gif" alt="阿迪达斯/adidas"  onload="javascript:DrawImage(this,88,44);"></a></div>
          <div class="brands-name"><a href="index.php?act=brand&op=list&brand=2" target="_blank" title="阿迪达斯/adidas">阿迪达斯/adidas</a></div>
        </li>
                          <li>
          <div class="brands-logo"><i></i><a href="index.php?act=brand&op=list&brand=9" target="_blank">
          	<img src="http://www.rongyanyou.com/upload/brand/6e61a1c953e5bc8c5f1ffdac36862245.gif" alt="安踏"  onload="javascript:DrawImage(this,88,44);"></a></div>
          <div class="brands-name"><a href="index.php?act=brand&op=list&brand=9" target="_blank" title="安踏">安踏</a></div>
        </li>
                          <li>
          <div class="brands-logo"><i></i><a href="index.php?act=brand&op=list&brand=8" target="_blank">
          	<img src="http://www.rongyanyou.com/upload/brand/209abd835cd2ce2208f2dc42ba10efb4.gif" alt="李宁/LINING"  onload="javascript:DrawImage(this,88,44);"></a></div>
          <div class="brands-name"><a href="index.php?act=brand&op=list&brand=8" target="_blank" title="李宁/LINING">李宁/LINING</a></div>
        </li>
                          <li>
          <div class="brands-logo"><i></i><a href="index.php?act=brand&op=list&brand=13" target="_blank">
          	<img src="http://www.rongyanyou.com/upload/brand/c820846e7f95b467a4c5f86140b26c28.gif" alt="彪马/PUMA"  onload="javascript:DrawImage(this,88,44);"></a></div>
          <div class="brands-name"><a href="index.php?act=brand&op=list&brand=13" target="_blank" title="彪马/PUMA">彪马/PUMA</a></div>
        </li>
                                          </ul>
    </div>
  </div>');
INSERT INTO `shopnc_web` (`web_id`,`web_name`,`style_name`,`web_page`,`update_time`,`web_sort`,`web_show`,`web_html`) VALUES('3','橘色','orange','index','1361905636','3','1','
  <div class="nc-home-pattern style-orange">
    <div class="rightbar">
      <div class="title">
        <h3>商品排行</h3>
      </div>
      <ol class="saletop-list">
					        							        										        	        <li class="top">
          <dl>
            <dt class="goods-name"><a href="index.php?act=goods&goods_id=22&id=2" target="_blank" title="正品菱格连帽针织外套【演示数据】">
            	正品菱格连帽针织外套【演示数据】</a></dt>
            <dd class="nokey">1</dd>
            <dd class="goods-pic"><a href="index.php?act=goods&goods_id=22&id=2" target="_blank" title="正品菱格连帽针织外套【演示数据】"><span class="thumb size60"><i></i>
            <img src="http://www.rongyanyou.com/upload/store/goods/2/3f81874d594894d19150843c42fb1f8e.jpg_small.jpg" title="正品菱格连帽针织外套【演示数据】" onload="javascript:DrawImage(this,60,60);" target="_blank">
            </span></a></dd>
            <dd class="goods-price"><em>398.00</em></dd>
          </dl>
        </li>
										        								        										        	        <li class="top">
          <dl>
            <dt class="goods-name"><a href="index.php?act=goods&goods_id=24&id=2" target="_blank" title="时尚都市舒适潮流长袖T恤edc-JE0722【演示数据】">
            	时尚都市舒适潮流长袖T恤edc-JE0722【演示数据】</a></dt>
            <dd class="nokey">2</dd>
            <dd class="goods-pic"><a href="index.php?act=goods&goods_id=24&id=2" target="_blank" title="时尚都市舒适潮流长袖T恤edc-JE0722【演示数据】"><span class="thumb size60"><i></i>
            <img src="http://www.rongyanyou.com/upload/store/goods/2/ea36f7ea0aff6af0a50674b1619f7702.jpg_small.jpg" title="时尚都市舒适潮流长袖T恤edc-JE0722【演示数据】" onload="javascript:DrawImage(this,60,60);" target="_blank">
            </span></a></dd>
            <dd class="goods-price"><em>133.00</em></dd>
          </dl>
        </li>
										        								        										        	        <li class="top">
          <dl>
            <dt class="goods-name"><a href="index.php?act=goods&goods_id=19&id=2" target="_blank" title="2011秋冬装新款女装韩版大码呢子大衣【演示数据】">
            	2011秋冬装新款女装韩版大码呢子大衣【演示数据】</a></dt>
            <dd class="nokey">3</dd>
            <dd class="goods-pic"><a href="index.php?act=goods&goods_id=19&id=2" target="_blank" title="2011秋冬装新款女装韩版大码呢子大衣【演示数据】"><span class="thumb size60"><i></i>
            <img src="http://www.rongyanyou.com/upload/store/goods/2/e9c053b2f4273024dab81dce35bdedec.jpg_small.jpg" title="2011秋冬装新款女装韩版大码呢子大衣【演示数据】" onload="javascript:DrawImage(this,60,60);" target="_blank">
            </span></a></dd>
            <dd class="goods-price"><em>300.00</em></dd>
          </dl>
        </li>
										        								        										        	        <li class="normal"><i>4</i>
        	<a href="index.php?act=goods&goods_id=21&id=2" target="_blank" title="正品edc系列连帽休闲夹克【演示数据】">正品edc系列连帽休闲夹克【演示数据】</a></li>
										        								        										        	        <li class="normal"><i>5</i>
        	<a href="index.php?act=goods&goods_id=16&id=2" target="_blank" title="2011秋冬新款韩版大码毛领毛呢外套呢子大衣【演示数据】">2011秋冬新款韩版大码毛领毛呢外套呢子大衣【演示数据】</a></li>
										        								        										        	        <li class="normal"><i>6</i>
        	<a href="index.php?act=goods&goods_id=12&id=2" target="_blank" title="2011冬季收腰中长款时尚狐狸毛领羽绒衣服外套【演示数据】">2011冬季收腰中长款时尚狐狸毛领羽绒衣服外套【演示数据】</a></li>
										        								        										        	        <li class="normal"><i>7</i>
        	<a href="index.php?act=goods&goods_id=28&id=2" target="_blank" title="正品都市时尚女装假两件优雅针织衫【演示数据】">正品都市时尚女装假两件优雅针织衫【演示数据】</a></li>
										        								                      		      </ol>
      <div class="ad-banner">
      	      	<a href="" target="_blank">
      	<img border=0 src="http://www.rongyanyou.com/upload/adv/web-3-38_ff9bd2d724f7138cec1b1937000f4feb.jpg">
      	</a>
      	      </div>
    </div>
    <div class="leftbar">
      <div class="title">
      	      	<img border=0 src="http://www.rongyanyou.com/upload/adv/web-3-31_ebd488bcb4e1e97798cc0528135fbdd6.png" >
      	      </div>
      <div class="category">
      	
                                            <dl>
          <dt><a href="index.php?act=search&cate_id=12" title="女装" target="_blank">女装</a></dt>
		                  		                            <dd><a href="index.php?act=search&cate_id=16" title="棉衣" target="_blank">棉衣</a></dd>
		                            <dd><a href="index.php?act=search&cate_id=17" title="毛呢大衣" target="_blank">毛呢大衣</a></dd>
		                            <dd><a href="index.php?act=search&cate_id=18" title="风衣" target="_blank">风衣</a></dd>
		                            <dd><a href="index.php?act=search&cate_id=19" title="打底衫" target="_blank">打底衫</a></dd>
		                            <dd><a href="index.php?act=search&cate_id=20" title="情侣装" target="_blank">情侣装</a></dd>
		                            <dd><a href="index.php?act=search&cate_id=21" title="毛呢短裤" target="_blank">毛呢短裤</a></dd>
		                            <dd><a href="index.php?act=search&cate_id=22" title="牛仔裤" target="_blank">牛仔裤</a></dd>
		                            <dd><a href="index.php?act=search&cate_id=23" title="加绒打底裤" target="_blank">加绒打底裤</a></dd>
		                            <dd><a href="index.php?act=search&cate_id=24" title="小脚裤" target="_blank">小脚裤</a></dd>
		                            <dd><a href="index.php?act=search&cate_id=25" title="半身裙" target="_blank">半身裙</a></dd>
		                  		                          </dl>
                          <dl>
          <dt><a href="index.php?act=search&cate_id=13" title="男装" target="_blank">男装</a></dt>
		                  		                            <dd><a href="index.php?act=search&cate_id=15" title="羽绒服" target="_blank">羽绒服</a></dd>
		                            <dd><a href="index.php?act=search&cate_id=28" title="卫衣" target="_blank">卫衣</a></dd>
		                            <dd><a href="index.php?act=search&cate_id=29" title="长袖T恤" target="_blank">长袖T恤</a></dd>
		                            <dd><a href="index.php?act=search&cate_id=30" title="长袖衬衫" target="_blank">长袖衬衫</a></dd>
		                            <dd><a href="index.php?act=search&cate_id=32" title="风衣" target="_blank">风衣</a></dd>
		                            <dd><a href="index.php?act=search&cate_id=33" title="休闲西装" target="_blank">休闲西装</a></dd>
		                            <dd><a href="index.php?act=search&cate_id=34" title="棉衣" target="_blank">棉衣</a></dd>
		                            <dd><a href="index.php?act=search&cate_id=35" title="休闲长裤" target="_blank">休闲长裤</a></dd>
		                            <dd><a href="index.php?act=search&cate_id=36" title="内衣内裤" target="_blank">内衣内裤</a></dd>
		                  		                          </dl>
                                          </div>
      <div class="sale-pic">
      	      	<a href="" target="_blank">
      	<img border=0 src="http://www.rongyanyou.com/upload/adv/web-1-13_53bfbfc958cb55a435545033bd075bf3.png">
      	</a>
      	      </div>
    </div>
    <div class="middle">
      <ul class="tabs-nav">
      	
                                            <li class="tabs-selected"><a href="JavaScript:void(0);">男女服饰</a></li>
                                          </ul>
      
                                          <div class="tabs-panel ">
        <ul>
                          <li>
            <dl>
              <dt class="goods-name"><a target="_blank" href="index.php?act=goods&goods_id=28&id=2" title="正品都市时尚女装假两件优雅针织衫【演示数据】">
              	正品都市时尚女装假两件优雅针织衫【演示数据】</a></dt>
              <dd class="goods-pic"><span class="thumb size120"><i></i>
              	<a target="_blank" href="index.php?act=goods&goods_id=28&id=2">
              	<img src="http://www.rongyanyou.com/upload/store/goods/2/04fb225ea46bd1346f330400eedb7ef2.jpg_small.jpg" alt="正品都市时尚女装假两件优雅针织衫【演示数据】"  onload="javascript:DrawImage(this,120,120);" />
              	</a></span></dd>
              <dd class="goods-price">商城价：<em>182.00</em>元</dd>
            </dl>
          </li>
                  <li>
            <dl>
              <dt class="goods-name"><a target="_blank" href="index.php?act=goods&goods_id=27&id=2" title="女装收腰长款羽绒服【演示数据】">
              	女装收腰长款羽绒服【演示数据】</a></dt>
              <dd class="goods-pic"><span class="thumb size120"><i></i>
              	<a target="_blank" href="index.php?act=goods&goods_id=27&id=2">
              	<img src="http://www.rongyanyou.com/upload/store/goods/2/ea64cc34f663159a68fde6872718541c.jpg_small.jpg" alt="女装收腰长款羽绒服【演示数据】"  onload="javascript:DrawImage(this,120,120);" />
              	</a></span></dd>
              <dd class="goods-price">商城价：<em>798.00</em>元</dd>
            </dl>
          </li>
                  <li>
            <dl>
              <dt class="goods-name"><a target="_blank" href="index.php?act=goods&goods_id=25&id=2" title="正品连帽硬朗帅气夹克【演示数据】">
              	正品连帽硬朗帅气夹克【演示数据】</a></dt>
              <dd class="goods-pic"><span class="thumb size120"><i></i>
              	<a target="_blank" href="index.php?act=goods&goods_id=25&id=2">
              	<img src="http://www.rongyanyou.com/upload/store/goods/2/ed3755ac3f250e8a7be3c14343c67832.jpg_small.jpg" alt="正品连帽硬朗帅气夹克【演示数据】"  onload="javascript:DrawImage(this,120,120);" />
              	</a></span></dd>
              <dd class="goods-price">商城价：<em>348.00</em>元</dd>
            </dl>
          </li>
                  <li>
            <dl>
              <dt class="goods-name"><a target="_blank" href="index.php?act=goods&goods_id=24&id=2" title="时尚都市舒适潮流长袖T恤edc-JE0722【演示数据】">
              	时尚都市舒适潮流长袖T恤edc-JE0722【演示数据】</a></dt>
              <dd class="goods-pic"><span class="thumb size120"><i></i>
              	<a target="_blank" href="index.php?act=goods&goods_id=24&id=2">
              	<img src="http://www.rongyanyou.com/upload/store/goods/2/ea36f7ea0aff6af0a50674b1619f7702.jpg_small.jpg" alt="时尚都市舒适潮流长袖T恤edc-JE0722【演示数据】"  onload="javascript:DrawImage(this,120,120);" />
              	</a></span></dd>
              <dd class="goods-price">商城价：<em>133.00</em>元</dd>
            </dl>
          </li>
                  <li>
            <dl>
              <dt class="goods-name"><a target="_blank" href="index.php?act=goods&goods_id=22&id=2" title="正品菱格连帽针织外套【演示数据】">
              	正品菱格连帽针织外套【演示数据】</a></dt>
              <dd class="goods-pic"><span class="thumb size120"><i></i>
              	<a target="_blank" href="index.php?act=goods&goods_id=22&id=2">
              	<img src="http://www.rongyanyou.com/upload/store/goods/2/3f81874d594894d19150843c42fb1f8e.jpg_small.jpg" alt="正品菱格连帽针织外套【演示数据】"  onload="javascript:DrawImage(this,120,120);" />
              	</a></span></dd>
              <dd class="goods-price">商城价：<em>398.00</em>元</dd>
            </dl>
          </li>
                  <li>
            <dl>
              <dt class="goods-name"><a target="_blank" href="index.php?act=goods&goods_id=21&id=2" title="正品edc系列连帽休闲夹克【演示数据】">
              	正品edc系列连帽休闲夹克【演示数据】</a></dt>
              <dd class="goods-pic"><span class="thumb size120"><i></i>
              	<a target="_blank" href="index.php?act=goods&goods_id=21&id=2">
              	<img src="http://www.rongyanyou.com/upload/store/goods/2/ddfcab24bd812c466788eeba587f4057.jpg_small.jpg" alt="正品edc系列连帽休闲夹克【演示数据】"  onload="javascript:DrawImage(this,120,120);" />
              	</a></span></dd>
              <dd class="goods-price">商城价：<em>300.00</em>元</dd>
            </dl>
          </li>
                        </ul>
      </div>
                                        </div>
    <div class="bottom-bar">
      <ul class="brands">
                                            <li>
          <div class="brands-logo"><i></i><a href="index.php?act=brand&op=list&brand=11" target="_blank">
          	<img src="http://www.rongyanyou.com/upload/brand/354b80528d2fbeefbab33c563532517e.gif" alt="卡帕"  onload="javascript:DrawImage(this,88,44);"></a></div>
          <div class="brands-name"><a href="index.php?act=brand&op=list&brand=11" target="_blank" title="卡帕">卡帕</a></div>
        </li>
                          <li>
          <div class="brands-logo"><i></i><a href="index.php?act=brand&op=list&brand=1" target="_blank">
          	<img src="http://www.rongyanyou.com/upload/brand/1d2dfbead590510046a6522551db8139.gif" alt="耐克/Nike"  onload="javascript:DrawImage(this,88,44);"></a></div>
          <div class="brands-name"><a href="index.php?act=brand&op=list&brand=1" target="_blank" title="耐克/Nike">耐克/Nike</a></div>
        </li>
                          <li>
          <div class="brands-logo"><i></i><a href="index.php?act=brand&op=list&brand=15" target="_blank">
          	<img src="http://www.rongyanyou.com/upload/brand/26247430b09daa1b441b46008bfb6e6e.gif" alt="茵宝"  onload="javascript:DrawImage(this,88,44);"></a></div>
          <div class="brands-name"><a href="index.php?act=brand&op=list&brand=15" target="_blank" title="茵宝">茵宝</a></div>
        </li>
                          <li>
          <div class="brands-logo"><i></i><a href="index.php?act=brand&op=list&brand=10" target="_blank">
          	<img src="http://www.rongyanyou.com/upload/brand/a0ac8c6d2d3dc1470d5876923182a8e2.gif" alt="匡威"  onload="javascript:DrawImage(this,88,44);"></a></div>
          <div class="brands-name"><a href="index.php?act=brand&op=list&brand=10" target="_blank" title="匡威">匡威</a></div>
        </li>
                          <li>
          <div class="brands-logo"><i></i><a href="index.php?act=brand&op=list&brand=12" target="_blank">
          	<img src="http://www.rongyanyou.com/upload/brand/9c5dee77a6ecdafd9e152fed8c6a4e90.gif" alt="新百伦/new balance"  onload="javascript:DrawImage(this,88,44);"></a></div>
          <div class="brands-name"><a href="index.php?act=brand&op=list&brand=12" target="_blank" title="新百伦/new balance">新百伦/new balance</a></div>
        </li>
                          <li>
          <div class="brands-logo"><i></i><a href="index.php?act=brand&op=list&brand=2" target="_blank">
          	<img src="http://www.rongyanyou.com/upload/brand/b175883eba95e793affb1b1ebbbf85a5.gif" alt="阿迪达斯/adidas"  onload="javascript:DrawImage(this,88,44);"></a></div>
          <div class="brands-name"><a href="index.php?act=brand&op=list&brand=2" target="_blank" title="阿迪达斯/adidas">阿迪达斯/adidas</a></div>
        </li>
                          <li>
          <div class="brands-logo"><i></i><a href="index.php?act=brand&op=list&brand=9" target="_blank">
          	<img src="http://www.rongyanyou.com/upload/brand/6e61a1c953e5bc8c5f1ffdac36862245.gif" alt="安踏"  onload="javascript:DrawImage(this,88,44);"></a></div>
          <div class="brands-name"><a href="index.php?act=brand&op=list&brand=9" target="_blank" title="安踏">安踏</a></div>
        </li>
                          <li>
          <div class="brands-logo"><i></i><a href="index.php?act=brand&op=list&brand=8" target="_blank">
          	<img src="http://www.rongyanyou.com/upload/brand/209abd835cd2ce2208f2dc42ba10efb4.gif" alt="李宁/LINING"  onload="javascript:DrawImage(this,88,44);"></a></div>
          <div class="brands-name"><a href="index.php?act=brand&op=list&brand=8" target="_blank" title="李宁/LINING">李宁/LINING</a></div>
        </li>
                                          </ul>
    </div>
  </div>');
INSERT INTO `shopnc_web` (`web_id`,`web_name`,`style_name`,`web_page`,`update_time`,`web_sort`,`web_show`,`web_html`) VALUES('4','绿色','green','index','1361905636','4','1','
  <div class="nc-home-pattern style-green">
    <div class="rightbar">
      <div class="title">
        <h3>商品排行</h3>
      </div>
      <ol class="saletop-list">
					        							        										        	        <li class="top">
          <dl>
            <dt class="goods-name"><a href="index.php?act=goods&goods_id=52&id=2" target="_blank" title="LINING 李宁服装 男圆领短袖T恤【演示数据】">
            	LINING 李宁服装 男圆领短袖T恤【演示数据】</a></dt>
            <dd class="nokey">1</dd>
            <dd class="goods-pic"><a href="index.php?act=goods&goods_id=52&id=2" target="_blank" title="LINING 李宁服装 男圆领短袖T恤【演示数据】"><span class="thumb size60"><i></i>
            <img src="http://www.rongyanyou.com/upload/store/goods/2/60ade3674d042f47b1bce40ae42df2c8.jpg_small.jpg" title="LINING 李宁服装 男圆领短袖T恤【演示数据】" onload="javascript:DrawImage(this,60,60);" target="_blank">
            </span></a></dd>
            <dd class="goods-price"><em>99.00</em></dd>
          </dl>
        </li>
										        								        										        	        <li class="top">
          <dl>
            <dt class="goods-name"><a href="index.php?act=goods&goods_id=58&id=2" target="_blank" title="LINING/李宁服装 女短袖翻领POLO衫">
            	LINING/李宁服装 女短袖翻领POLO衫</a></dt>
            <dd class="nokey">2</dd>
            <dd class="goods-pic"><a href="index.php?act=goods&goods_id=58&id=2" target="_blank" title="LINING/李宁服装 女短袖翻领POLO衫"><span class="thumb size60"><i></i>
            <img src="http://www.rongyanyou.com/upload/store/goods/2/a490e4e7242f80d4dcf4d7fa55f2b1d5.jpg_small.jpg" title="LINING/李宁服装 女短袖翻领POLO衫" onload="javascript:DrawImage(this,60,60);" target="_blank">
            </span></a></dd>
            <dd class="goods-price"><em>99.00</em></dd>
          </dl>
        </li>
										        								        										        	        <li class="top">
          <dl>
            <dt class="goods-name"><a href="index.php?act=goods&goods_id=60&id=2" target="_blank" title="专柜正品/李宁服装 男短袖翻领POLO衫【演示数据】">
            	专柜正品/李宁服装 男短袖翻领POLO衫【演示数据】</a></dt>
            <dd class="nokey">3</dd>
            <dd class="goods-pic"><a href="index.php?act=goods&goods_id=60&id=2" target="_blank" title="专柜正品/李宁服装 男短袖翻领POLO衫【演示数据】"><span class="thumb size60"><i></i>
            <img src="http://www.rongyanyou.com/upload/store/goods/2/2dd23ee4eab519f1ab3492306039d888.jpg_small.jpg" title="专柜正品/李宁服装 男短袖翻领POLO衫【演示数据】" onload="javascript:DrawImage(this,60,60);" target="_blank">
            </span></a></dd>
            <dd class="goods-price"><em>99.00</em></dd>
          </dl>
        </li>
										        								        										        	        <li class="normal"><i>4</i>
        	<a href="index.php?act=goods&goods_id=61&id=2" target="_blank" title="New Balance/新百伦服装 女短袖圆领T恤">New Balance/新百伦服装 女短袖圆领T恤</a></li>
										        								        										        	        <li class="normal"><i>5</i>
        	<a href="index.php?act=goods&goods_id=55&id=2" target="_blank" title="李宁服装 男短袖翻领Polo衫【演示数据】">李宁服装 男短袖翻领Polo衫【演示数据】</a></li>
										        								        										        	        <li class="normal"><i>6</i>
        	<a href="index.php?act=goods&goods_id=62&id=2" target="_blank" title="New Balance/新百伦服装 男式短袖圆领T恤">New Balance/新百伦服装 男式短袖圆领T恤</a></li>
										        								        										        	        <li class="normal"><i>7</i>
        	<a href="index.php?act=goods&goods_id=63&id=2" target="_blank" title="正品 LINING 李宁服装 女无袖圆领背心【演示数据】">正品 LINING 李宁服装 女无袖圆领背心【演示数据】</a></li>
										        								                      		      </ol>
      <div class="ad-banner">
      	      	<a href="" target="_blank">
      	<img border=0 src="http://www.rongyanyou.com/upload/adv/web-4-48_cce6e8b8852046a712028b85f99bfe20.jpg">
      	</a>
      	      </div>
    </div>
    <div class="leftbar">
      <div class="title">
      	      	<img border=0 src="http://www.rongyanyou.com/upload/adv/web-4-41_aa1184ab1026c95ec8cc3c6f8c282287.png" >
      	      </div>
      <div class="category">
      	
                                            <dl>
          <dt><a href="index.php?act=search&cate_id=286" title="运动鞋帽" target="_blank">运动鞋帽</a></dt>
		                  		                            <dd><a href="index.php?act=search&cate_id=289" title="板鞋" target="_blank">板鞋</a></dd>
		                            <dd><a href="index.php?act=search&cate_id=290" title="休闲鞋" target="_blank">休闲鞋</a></dd>
		                            <dd><a href="index.php?act=search&cate_id=291" title="篮球鞋" target="_blank">篮球鞋</a></dd>
		                            <dd><a href="index.php?act=search&cate_id=292" title="帆布鞋" target="_blank">帆布鞋</a></dd>
		                            <dd><a href="index.php?act=search&cate_id=293" title="跑步鞋" target="_blank">跑步鞋</a></dd>
		                            <dd><a href="index.php?act=search&cate_id=294" title="足球鞋" target="_blank">足球鞋</a></dd>
		                            <dd><a href="index.php?act=search&cate_id=295" title="网球鞋" target="_blank">网球鞋</a></dd>
		                            <dd><a href="index.php?act=search&cate_id=296" title="训练鞋" target="_blank">训练鞋</a></dd>
		                  		                          </dl>
                          <dl>
          <dt><a href="index.php?act=search&cate_id=287" title="运动服包" target="_blank">运动服包</a></dt>
		                  		                            <dd><a href="index.php?act=search&cate_id=297" title="套装" target="_blank">套装</a></dd>
		                            <dd><a href="index.php?act=search&cate_id=298" title="运动裤/裙" target="_blank">运动裤/裙</a></dd>
		                            <dd><a href="index.php?act=search&cate_id=299" title="颈环/手环" target="_blank">颈环/手环</a></dd>
		                            <dd><a href="index.php?act=search&cate_id=300" title="夹克" target="_blank">夹克</a></dd>
		                            <dd><a href="index.php?act=search&cate_id=301" title="运动包" target="_blank">运动包</a></dd>
		                            <dd><a href="index.php?act=search&cate_id=302" title="运动风衣" target="_blank">运动风衣</a></dd>
		                            <dd><a href="index.php?act=search&cate_id=303" title="休闲裤" target="_blank">休闲裤</a></dd>
		                            <dd><a href="index.php?act=search&cate_id=304" title="运动配件" target="_blank">运动配件</a></dd>
		                            <dd><a href="index.php?act=search&cate_id=305" title="运动POLO" target="_blank">运动POLO</a></dd>
		                            <dd><a href="index.php?act=search&cate_id=306" title="针织衫" target="_blank">针织衫</a></dd>
		                  		                          </dl>
                                          </div>
      <div class="sale-pic">
      	      	<a href="" target="_blank">
      	<img border=0 src="http://www.rongyanyou.com/upload/adv/web-1-13_53bfbfc958cb55a435545033bd075bf3.png">
      	</a>
      	      </div>
    </div>
    <div class="middle">
      <ul class="tabs-nav">
      	
                                            <li class="tabs-selected"><a href="JavaScript:void(0);">运动户外</a></li>
                                          </ul>
      
                                          <div class="tabs-panel ">
        <ul>
                          <li>
            <dl>
              <dt class="goods-name"><a target="_blank" href="index.php?act=goods&goods_id=61&id=2" title="New Balance/新百伦服装 女短袖圆领T恤">
              	New Balance/新百伦服装 女短袖圆领T恤</a></dt>
              <dd class="goods-pic"><span class="thumb size120"><i></i>
              	<a target="_blank" href="index.php?act=goods&goods_id=61&id=2">
              	<img src="http://www.rongyanyou.com/upload/store/goods/2/822d3f8d9c9330f074a2eb993a92d5c5.jpg_small.jpg" alt="New Balance/新百伦服装 女短袖圆领T恤"  onload="javascript:DrawImage(this,120,120);" />
              	</a></span></dd>
              <dd class="goods-price">商城价：<em>169.00</em>元</dd>
            </dl>
          </li>
                  <li>
            <dl>
              <dt class="goods-name"><a target="_blank" href="index.php?act=goods&goods_id=62&id=2" title="New Balance/新百伦服装 男式短袖圆领T恤">
              	New Balance/新百伦服装 男式短袖圆领T恤</a></dt>
              <dd class="goods-pic"><span class="thumb size120"><i></i>
              	<a target="_blank" href="index.php?act=goods&goods_id=62&id=2">
              	<img src="http://www.rongyanyou.com/upload/store/goods/2/b16a7e3f6731b29fbb6bd236d4c9d300.jpg_small.jpg" alt="New Balance/新百伦服装 男式短袖圆领T恤"  onload="javascript:DrawImage(this,120,120);" />
              	</a></span></dd>
              <dd class="goods-price">商城价：<em>99.00</em>元</dd>
            </dl>
          </li>
                  <li>
            <dl>
              <dt class="goods-name"><a target="_blank" href="index.php?act=goods&goods_id=63&id=2" title="正品 LINING 李宁服装 女无袖圆领背心【演示数据】">
              	正品 LINING 李宁服装 女无袖圆领背心【演示数据】</a></dt>
              <dd class="goods-pic"><span class="thumb size120"><i></i>
              	<a target="_blank" href="index.php?act=goods&goods_id=63&id=2">
              	<img src="http://www.rongyanyou.com/upload/store/goods/2/5c169228f0f4d8ad2cae5b132c2b269c.jpg_small.jpg" alt="正品 LINING 李宁服装 女无袖圆领背心【演示数据】"  onload="javascript:DrawImage(this,120,120);" />
              	</a></span></dd>
              <dd class="goods-price">商城价：<em>80.00</em>元</dd>
            </dl>
          </li>
                  <li>
            <dl>
              <dt class="goods-name"><a target="_blank" href="index.php?act=goods&goods_id=66&id=2" title="李宁 lining 专柜正品 足球鞋 女式运动鞋【演示数据】">
              	李宁 lining 专柜正品 足球鞋 女式运动鞋【演示数据】</a></dt>
              <dd class="goods-pic"><span class="thumb size120"><i></i>
              	<a target="_blank" href="index.php?act=goods&goods_id=66&id=2">
              	<img src="http://www.rongyanyou.com/upload/store/goods/2/1dbc94fa0d60cba3990b89ccb01f82c2.jpg_small.jpg" alt="李宁 lining 专柜正品 足球鞋 女式运动鞋【演示数据】"  onload="javascript:DrawImage(this,120,120);" />
              	</a></span></dd>
              <dd class="goods-price">商城价：<em>98.00</em>元</dd>
            </dl>
          </li>
                  <li>
            <dl>
              <dt class="goods-name"><a target="_blank" href="index.php?act=goods&goods_id=70&id=2" title="三叶草adidasSUPERSTARIICQ正品男式运动鞋">
              	三叶草adidasSUPERSTARIICQ正品男式运动鞋</a></dt>
              <dd class="goods-pic"><span class="thumb size120"><i></i>
              	<a target="_blank" href="index.php?act=goods&goods_id=70&id=2">
              	<img src="http://www.rongyanyou.com/upload/store/goods/2/49612054bdba0511da6eeb3a474abdee.jpg_small.jpg" alt="三叶草adidasSUPERSTARIICQ正品男式运动鞋"  onload="javascript:DrawImage(this,120,120);" />
              	</a></span></dd>
              <dd class="goods-price">商城价：<em>519.00</em>元</dd>
            </dl>
          </li>
                  <li>
            <dl>
              <dt class="goods-name"><a target="_blank" href="index.php?act=goods&goods_id=64&id=2" title="新百伦newbalance专柜正品男式运动鞋【演示数据】">
              	新百伦newbalance专柜正品男式运动鞋【演示数据】</a></dt>
              <dd class="goods-pic"><span class="thumb size120"><i></i>
              	<a target="_blank" href="index.php?act=goods&goods_id=64&id=2">
              	<img src="http://www.rongyanyou.com/upload/store/goods/2/10edbe1528c2eef0feb5a956410f5b3b.jpg_small.jpg" alt="新百伦newbalance专柜正品男式运动鞋【演示数据】"  onload="javascript:DrawImage(this,120,120);" />
              	</a></span></dd>
              <dd class="goods-price">商城价：<em>580.00</em>元</dd>
            </dl>
          </li>
                        </ul>
      </div>
                                        </div>
    <div class="bottom-bar">
      <ul class="brands">
                                            <li>
          <div class="brands-logo"><i></i><a href="index.php?act=brand&op=list&brand=11" target="_blank">
          	<img src="http://www.rongyanyou.com/upload/brand/354b80528d2fbeefbab33c563532517e.gif" alt="卡帕"  onload="javascript:DrawImage(this,88,44);"></a></div>
          <div class="brands-name"><a href="index.php?act=brand&op=list&brand=11" target="_blank" title="卡帕">卡帕</a></div>
        </li>
                          <li>
          <div class="brands-logo"><i></i><a href="index.php?act=brand&op=list&brand=1" target="_blank">
          	<img src="http://www.rongyanyou.com/upload/brand/1d2dfbead590510046a6522551db8139.gif" alt="耐克/Nike"  onload="javascript:DrawImage(this,88,44);"></a></div>
          <div class="brands-name"><a href="index.php?act=brand&op=list&brand=1" target="_blank" title="耐克/Nike">耐克/Nike</a></div>
        </li>
                          <li>
          <div class="brands-logo"><i></i><a href="index.php?act=brand&op=list&brand=15" target="_blank">
          	<img src="http://www.rongyanyou.com/upload/brand/26247430b09daa1b441b46008bfb6e6e.gif" alt="茵宝"  onload="javascript:DrawImage(this,88,44);"></a></div>
          <div class="brands-name"><a href="index.php?act=brand&op=list&brand=15" target="_blank" title="茵宝">茵宝</a></div>
        </li>
                          <li>
          <div class="brands-logo"><i></i><a href="index.php?act=brand&op=list&brand=10" target="_blank">
          	<img src="http://www.rongyanyou.com/upload/brand/a0ac8c6d2d3dc1470d5876923182a8e2.gif" alt="匡威"  onload="javascript:DrawImage(this,88,44);"></a></div>
          <div class="brands-name"><a href="index.php?act=brand&op=list&brand=10" target="_blank" title="匡威">匡威</a></div>
        </li>
                          <li>
          <div class="brands-logo"><i></i><a href="index.php?act=brand&op=list&brand=12" target="_blank">
          	<img src="http://www.rongyanyou.com/upload/brand/9c5dee77a6ecdafd9e152fed8c6a4e90.gif" alt="新百伦/new balance"  onload="javascript:DrawImage(this,88,44);"></a></div>
          <div class="brands-name"><a href="index.php?act=brand&op=list&brand=12" target="_blank" title="新百伦/new balance">新百伦/new balance</a></div>
        </li>
                          <li>
          <div class="brands-logo"><i></i><a href="index.php?act=brand&op=list&brand=2" target="_blank">
          	<img src="http://www.rongyanyou.com/upload/brand/b175883eba95e793affb1b1ebbbf85a5.gif" alt="阿迪达斯/adidas"  onload="javascript:DrawImage(this,88,44);"></a></div>
          <div class="brands-name"><a href="index.php?act=brand&op=list&brand=2" target="_blank" title="阿迪达斯/adidas">阿迪达斯/adidas</a></div>
        </li>
                          <li>
          <div class="brands-logo"><i></i><a href="index.php?act=brand&op=list&brand=9" target="_blank">
          	<img src="http://www.rongyanyou.com/upload/brand/6e61a1c953e5bc8c5f1ffdac36862245.gif" alt="安踏"  onload="javascript:DrawImage(this,88,44);"></a></div>
          <div class="brands-name"><a href="index.php?act=brand&op=list&brand=9" target="_blank" title="安踏">安踏</a></div>
        </li>
                          <li>
          <div class="brands-logo"><i></i><a href="index.php?act=brand&op=list&brand=8" target="_blank">
          	<img src="http://www.rongyanyou.com/upload/brand/209abd835cd2ce2208f2dc42ba10efb4.gif" alt="李宁/LINING"  onload="javascript:DrawImage(this,88,44);"></a></div>
          <div class="brands-name"><a href="index.php?act=brand&op=list&brand=8" target="_blank" title="李宁/LINING">李宁/LINING</a></div>
        </li>
                                          </ul>
    </div>
  </div>');
INSERT INTO `shopnc_web` (`web_id`,`web_name`,`style_name`,`web_page`,`update_time`,`web_sort`,`web_show`,`web_html`) VALUES('5','蓝色','blue','index','1346654957','5',NULL,NULL);
INSERT INTO `shopnc_web` (`web_id`,`web_name`,`style_name`,`web_page`,`update_time`,`web_sort`,`web_show`,`web_html`) VALUES('6','紫色','purple','index','1346654976','6',NULL,NULL);
INSERT INTO `shopnc_web` (`web_id`,`web_name`,`style_name`,`web_page`,`update_time`,`web_sort`,`web_show`,`web_html`) VALUES('7','褐色','brown','index','1346654987','7',NULL,NULL);
INSERT INTO `shopnc_web` (`web_id`,`web_name`,`style_name`,`web_page`,`update_time`,`web_sort`,`web_show`,`web_html`) VALUES('8','灰色','gray','index','1346654998','8',NULL,NULL);

INSERT INTO `shopnc_web_code` (`code_id`,`web_id`,`code_type`,`var_name`,`code_info`,`show_name`) VALUES('11','1','array','tit','a:2:{s:3:"pic";s:56:"upload/adv/web-1-11_f3acb5954fbdeef69591fd5a84ac3adb.png";s:3:"url";s:0:"";}','标题图片');
INSERT INTO `shopnc_web_code` (`code_id`,`web_id`,`code_type`,`var_name`,`code_info`,`show_name`) VALUES('12','1','array','category_list','a:2:{i:200;a:2:{s:9:"gc_parent";a:2:{s:5:"gc_id";s:3:"200";s:7:"gc_name";s:12:"休闲零食";}s:11:"goods_class";a:9:{i:203;a:2:{s:5:"gc_id";s:3:"203";s:7:"gc_name";s:6:"鸭脖";}i:204;a:2:{s:5:"gc_id";s:3:"204";s:7:"gc_name";s:6:"鸭舌";}i:205;a:2:{s:5:"gc_id";s:3:"205";s:7:"gc_name";s:6:"鸡翅";}i:206;a:2:{s:5:"gc_id";s:3:"206";s:7:"gc_name";s:9:"牛肉干";}i:207;a:2:{s:5:"gc_id";s:3:"207";s:7:"gc_name";s:9:"猪肉脯";}i:208;a:2:{s:5:"gc_id";s:3:"208";s:7:"gc_name";s:9:"猪肉松";}i:209;a:2:{s:5:"gc_id";s:3:"209";s:7:"gc_name";s:6:"糖果";}i:210;a:2:{s:5:"gc_id";s:3:"210";s:7:"gc_name";s:9:"鱿鱼丝";}i:211;a:2:{s:5:"gc_id";s:3:"211";s:7:"gc_name";s:12:"饼干糕点";}}}i:202;a:2:{s:9:"gc_parent";a:2:{s:5:"gc_id";s:3:"202";s:7:"gc_name";s:12:"蜜饯果脯";}s:11:"goods_class";a:8:{i:220;a:2:{s:5:"gc_id";s:3:"220";s:7:"gc_name";s:9:"芒果干";}i:221;a:2:{s:5:"gc_id";s:3:"221";s:7:"gc_name";s:9:"葡萄干";}i:222;a:2:{s:5:"gc_id";s:3:"222";s:7:"gc_name";s:6:"梅类";}i:223;a:2:{s:5:"gc_id";s:3:"223";s:7:"gc_name";s:9:"菠萝干";}i:224;a:2:{s:5:"gc_id";s:3:"224";s:7:"gc_name";s:9:"草莓干";}i:225;a:2:{s:5:"gc_id";s:3:"225";s:7:"gc_name";s:9:"香蕉干";}i:226;a:2:{s:5:"gc_id";s:3:"226";s:7:"gc_name";s:9:"玫瑰脯";}i:227;a:2:{s:5:"gc_id";s:3:"227";s:7:"gc_name";s:6:"蓝莓";}}}}','推荐分类');
INSERT INTO `shopnc_web_code` (`code_id`,`web_id`,`code_type`,`var_name`,`code_info`,`show_name`) VALUES('13','1','array','act','a:2:{s:3:"pic";s:56:"upload/adv/web-1-13_53bfbfc958cb55a435545033bd075bf3.png";s:3:"url";s:0:"";}','活动图片');
INSERT INTO `shopnc_web_code` (`code_id`,`web_id`,`code_type`,`var_name`,`code_info`,`show_name`) VALUES('15','1','array','recommend_list','a:2:{i:1;a:2:{s:9:"recommend";a:1:{s:4:"name";s:12:"食品保健";}s:10:"goods_list";a:6:{i:30;a:5:{s:8:"goods_id";s:2:"30";s:8:"store_id";s:1:"2";s:10:"goods_name";s:75:"燕之坊即冲粗粮豆米浆补气黑芝麻味单包28g【演示数据】";s:11:"goods_price";s:4:"1.00";s:9:"goods_pic";s:67:"upload/store/goods/2/984600f5e9d1a07163cbe01e7500ad11.jpg_small.jpg";}i:67;a:5:{s:8:"goods_id";s:2:"67";s:8:"store_id";s:1:"2";s:10:"goods_name";s:77:"优之良品橡皮糖黄芒果橡皮糖软糖零食QQ糖250【演示数据】";s:11:"goods_price";s:5:"18.00";s:9:"goods_pic";s:67:"upload/store/goods/2/6f8ff741b6c12a2d6f9cce86eb6cf1ad.jpg_small.jpg";}i:65;a:5:{s:8:"goods_id";s:2:"65";s:8:"store_id";s:1:"2";s:10:"goods_name";s:82:"零食喜糖好利源软糖鲜乳球婚庆糖果250g混合口味【演示数据】";s:11:"goods_price";s:4:"3.00";s:9:"goods_pic";s:67:"upload/store/goods/2/c1cb7ee7bc9b9e4a13bb2d7cc488818b.jpg_small.jpg";}i:69;a:5:{s:8:"goods_id";s:2:"69";s:8:"store_id";s:1:"2";s:10:"goods_name";s:84:"福建特产蜜饯话梅旺梅酸甜可口肉质爽甜健脾开胃【演示数据】";s:11:"goods_price";s:5:"22.80";s:9:"goods_pic";s:67:"upload/store/goods/2/52f831e8e55240c3f9d529976b88f8f0.jpg_small.jpg";}i:33;a:5:{s:8:"goods_id";s:2:"33";s:8:"store_id";s:1:"2";s:10:"goods_name";s:75:"新疆特级哈密五堡大枣(500克)养颜滋补红枣 【演示数据】";s:11:"goods_price";s:5:"45.00";s:9:"goods_pic";s:69:"upload/store/goods/2/70cd400bc29f748ebde074e04f1ad081.jpeg_small.jpeg";}i:29;a:5:{s:8:"goods_id";s:2:"29";s:8:"store_id";s:1:"2";s:10:"goods_name";s:63:"Truffles德菲丝松露巧克力果仁味400g【演示数据】";s:11:"goods_price";s:5:"99.00";s:9:"goods_pic";s:67:"upload/store/goods/2/b3fa422271ee0e974af458a049ca7e77.jpg_small.jpg";}}}i:2;a:1:{s:9:"recommend";a:1:{s:4:"name";s:12:"商品推荐";}}}','商品推荐');
INSERT INTO `shopnc_web_code` (`code_id`,`web_id`,`code_type`,`var_name`,`code_info`,`show_name`) VALUES('17','1','array','goods_list','a:2:{s:4:"name";s:12:"商品排行";s:5:"goods";a:7:{i:67;a:5:{s:8:"goods_id";s:2:"67";s:8:"store_id";s:1:"2";s:10:"goods_name";s:77:"优之良品橡皮糖黄芒果橡皮糖软糖零食QQ糖250【演示数据】";s:11:"goods_price";s:5:"18.00";s:9:"goods_pic";s:67:"upload/store/goods/2/6f8ff741b6c12a2d6f9cce86eb6cf1ad.jpg_small.jpg";}i:69;a:5:{s:8:"goods_id";s:2:"69";s:8:"store_id";s:1:"2";s:10:"goods_name";s:84:"福建特产蜜饯话梅旺梅酸甜可口肉质爽甜健脾开胃【演示数据】";s:11:"goods_price";s:5:"22.80";s:9:"goods_pic";s:67:"upload/store/goods/2/52f831e8e55240c3f9d529976b88f8f0.jpg_small.jpg";}i:71;a:5:{s:8:"goods_id";s:2:"71";s:8:"store_id";s:1:"2";s:10:"goods_name";s:76:"梅怡馆大畈屋梅饴馆生梅老梅干礼盒1/1 160克【演示数据】";s:11:"goods_price";s:5:"39.00";s:9:"goods_pic";s:69:"upload/store/goods/2/6d9d3912f417bb1cd5c77264e35a7431.jpeg_small.jpeg";}i:30;a:5:{s:8:"goods_id";s:2:"30";s:8:"store_id";s:1:"2";s:10:"goods_name";s:75:"燕之坊即冲粗粮豆米浆补气黑芝麻味单包28g【演示数据】";s:11:"goods_price";s:4:"1.00";s:9:"goods_pic";s:67:"upload/store/goods/2/984600f5e9d1a07163cbe01e7500ad11.jpg_small.jpg";}i:23;a:5:{s:8:"goods_id";s:2:"23";s:8:"store_id";s:1:"2";s:10:"goods_name";s:76:"武陵泰味酱板系列酱板鸭脖礼盒装400g/内含40【演示数据】";s:11:"goods_price";s:5:"40.00";s:9:"goods_pic";s:69:"upload/store/goods/2/c9d06fe0d1bdbbef07b4a68fb6d826b8.jpeg_small.jpeg";}i:29;a:5:{s:8:"goods_id";s:2:"29";s:8:"store_id";s:1:"2";s:10:"goods_name";s:63:"Truffles德菲丝松露巧克力果仁味400g【演示数据】";s:11:"goods_price";s:5:"99.00";s:9:"goods_pic";s:67:"upload/store/goods/2/b3fa422271ee0e974af458a049ca7e77.jpg_small.jpg";}i:26;a:5:{s:8:"goods_id";s:2:"26";s:8:"store_id";s:1:"2";s:10:"goods_name";s:84:"法国进口德菲丝/德菲斯松露巧克力 浓情古典系列 【演示数据】";s:11:"goods_price";s:5:"99.00";s:9:"goods_pic";s:67:"upload/store/goods/2/8a0cfade0b152c137a6855c580efeaa9.jpg_small.jpg";}}}','排行类型');
INSERT INTO `shopnc_web_code` (`code_id`,`web_id`,`code_type`,`var_name`,`code_info`,`show_name`) VALUES('18','1','array','adv','a:2:{s:3:"pic";s:56:"upload/adv/web-1-18_4c91b4889516f10059e6ccf921542323.gif";s:3:"url";s:0:"";}','广告图片');
INSERT INTO `shopnc_web_code` (`code_id`,`web_id`,`code_type`,`var_name`,`code_info`,`show_name`) VALUES('19','1','array','brand_list','a:8:{i:11;a:3:{s:8:"brand_id";s:2:"11";s:10:"brand_name";s:6:"卡帕";s:9:"brand_pic";s:49:"upload/brand/354b80528d2fbeefbab33c563532517e.gif";}i:1;a:3:{s:8:"brand_id";s:1:"1";s:10:"brand_name";s:11:"耐克/Nike";s:9:"brand_pic";s:49:"upload/brand/1d2dfbead590510046a6522551db8139.gif";}i:15;a:3:{s:8:"brand_id";s:2:"15";s:10:"brand_name";s:6:"茵宝";s:9:"brand_pic";s:49:"upload/brand/26247430b09daa1b441b46008bfb6e6e.gif";}i:10;a:3:{s:8:"brand_id";s:2:"10";s:10:"brand_name";s:6:"匡威";s:9:"brand_pic";s:49:"upload/brand/a0ac8c6d2d3dc1470d5876923182a8e2.gif";}i:12;a:3:{s:8:"brand_id";s:2:"12";s:10:"brand_name";s:21:"新百伦/new balance";s:9:"brand_pic";s:49:"upload/brand/9c5dee77a6ecdafd9e152fed8c6a4e90.gif";}i:2;a:3:{s:8:"brand_id";s:1:"2";s:10:"brand_name";s:19:"阿迪达斯/adidas";s:9:"brand_pic";s:49:"upload/brand/b175883eba95e793affb1b1ebbbf85a5.gif";}i:9;a:3:{s:8:"brand_id";s:1:"9";s:10:"brand_name";s:6:"安踏";s:9:"brand_pic";s:49:"upload/brand/6e61a1c953e5bc8c5f1ffdac36862245.gif";}i:8;a:3:{s:8:"brand_id";s:1:"8";s:10:"brand_name";s:13:"李宁/LINING";s:9:"brand_pic";s:49:"upload/brand/209abd835cd2ce2208f2dc42ba10efb4.gif";}}','品牌推荐');
INSERT INTO `shopnc_web_code` (`code_id`,`web_id`,`code_type`,`var_name`,`code_info`,`show_name`) VALUES('21','2','array','tit','a:2:{s:3:"pic";s:56:"upload/adv/web-2-21_82132e2a55300f4e3a32be07af077d63.png";s:3:"url";s:0:"";}','标题图片');
INSERT INTO `shopnc_web_code` (`code_id`,`web_id`,`code_type`,`var_name`,`code_info`,`show_name`) VALUES('22','2','array','category_list','a:2:{i:122;a:2:{s:9:"gc_parent";a:2:{s:5:"gc_id";s:3:"122";s:7:"gc_name";s:6:"护肤";}s:11:"goods_class";a:12:{i:136;a:2:{s:5:"gc_id";s:3:"136";s:7:"gc_name";s:6:"面膜";}i:137;a:2:{s:5:"gc_id";s:3:"137";s:7:"gc_name";s:6:"洁面";}i:138;a:2:{s:5:"gc_id";s:3:"138";s:7:"gc_name";s:9:"爽肤水";}i:139;a:2:{s:5:"gc_id";s:3:"139";s:7:"gc_name";s:13:"面霜/乳液";}i:140;a:2:{s:5:"gc_id";s:3:"140";s:7:"gc_name";s:12:"护肤套装";}i:141;a:2:{s:5:"gc_id";s:3:"141";s:7:"gc_name";s:12:"面部精华";}i:142;a:2:{s:5:"gc_id";s:3:"142";s:7:"gc_name";s:6:"喷雾";}i:143;a:2:{s:5:"gc_id";s:3:"143";s:7:"gc_name";s:13:"隔离/防晒";}i:144;a:2:{s:5:"gc_id";s:3:"144";s:7:"gc_name";s:6:"眼霜";}i:145;a:2:{s:5:"gc_id";s:3:"145";s:7:"gc_name";s:9:"润唇膏";}i:146;a:2:{s:5:"gc_id";s:3:"146";s:7:"gc_name";s:10:"T区护理";}i:147;a:2:{s:5:"gc_id";s:3:"147";s:7:"gc_name";s:6:"卸妆";}}}i:123;a:2:{s:9:"gc_parent";a:2:{s:5:"gc_id";s:3:"123";s:7:"gc_name";s:6:"彩妆";}s:11:"goods_class";a:7:{i:129;a:2:{s:5:"gc_id";s:3:"129";s:7:"gc_name";s:9:"睫毛膏";}i:130;a:2:{s:5:"gc_id";s:3:"130";s:7:"gc_name";s:9:"粉底液";}i:131;a:2:{s:5:"gc_id";s:3:"131";s:7:"gc_name";s:6:"粉饼";}i:132;a:2:{s:5:"gc_id";s:3:"132";s:7:"gc_name";s:6:"眼线";}i:133;a:2:{s:5:"gc_id";s:3:"133";s:7:"gc_name";s:6:"唇彩";}i:134;a:2:{s:5:"gc_id";s:3:"134";s:7:"gc_name";s:6:"眼影";}i:135;a:2:{s:5:"gc_id";s:3:"135";s:7:"gc_name";s:9:"指甲油";}}}}','推荐分类');
INSERT INTO `shopnc_web_code` (`code_id`,`web_id`,`code_type`,`var_name`,`code_info`,`show_name`) VALUES('23','2','array','act','a:2:{s:3:"pic";s:56:"upload/adv/web-1-13_53bfbfc958cb55a435545033bd075bf3.png";s:3:"url";s:0:"";}','活动图片');
INSERT INTO `shopnc_web_code` (`code_id`,`web_id`,`code_type`,`var_name`,`code_info`,`show_name`) VALUES('25','2','array','recommend_list','a:1:{i:1;a:2:{s:9:"recommend";a:1:{s:4:"name";s:12:"美容美妆";}s:10:"goods_list";a:6:{i:38;a:5:{s:8:"goods_id";s:2:"38";s:8:"store_id";s:1:"2";s:10:"goods_name";s:82:"御白3件套/面部护肤套装 美白保湿去黄气/暗沉肌【演示数据】";s:11:"goods_price";s:6:"119.00";s:9:"goods_pic";s:67:"upload/store/goods/2/16ad561a77804f7c76b03462d852f5ef.jpg_small.jpg";}i:49;a:5:{s:8:"goods_id";s:2:"49";s:8:"store_id";s:1:"2";s:10:"goods_name";s:81:"无暇矿物精华BB霜精华胶囊 尊贵包材享优惠价格【演示数据】";s:11:"goods_price";s:4:"8.00";s:9:"goods_pic";s:67:"upload/store/goods/2/4148eb0114cca80333da1f6924856bba.jpg_small.jpg";}i:42;a:5:{s:8:"goods_id";s:2:"42";s:8:"store_id";s:1:"2";s:10:"goods_name";s:58:"专柜正品 隐形面膜贴蚕丝面膜【演示数据】";s:11:"goods_price";s:5:"47.00";s:9:"goods_pic";s:67:"upload/store/goods/2/911ebbce6dcce91a5855f025eb9d8df7.jpg_small.jpg";}i:44;a:5:{s:8:"goods_id";s:2:"44";s:8:"store_id";s:1:"2";s:10:"goods_name";s:69:"茶盐柔润护手霜50ml 防水 滋润保湿美白【演示数据】";s:11:"goods_price";s:5:"32.00";s:9:"goods_pic";s:67:"upload/store/goods/2/84fcb7c4a35bd01af150ca5c0e068374.jpg_small.jpg";}i:40;a:5:{s:8:"goods_id";s:2:"40";s:8:"store_id";s:1:"2";s:10:"goods_name";s:77:"玫瑰嫩白保湿面膜 美白保湿抗衰老 专柜正品【演示数据】";s:11:"goods_price";s:6:"138.00";s:9:"goods_pic";s:67:"upload/store/goods/2/4881e7d174693f1196e669b86643ddd8.jpg_small.jpg";}i:41;a:5:{s:8:"goods_id";s:2:"41";s:8:"store_id";s:1:"2";s:10:"goods_name";s:85:"金致润白弹力精华胶囊 美白保湿补水抗氧化抗衰老【演示数据】";s:11:"goods_price";s:6:"358.00";s:9:"goods_pic";s:67:"upload/store/goods/2/fdde88fceb45f66e35d9da05b23e3e40.jpg_small.jpg";}}}}','商品推荐');
INSERT INTO `shopnc_web_code` (`code_id`,`web_id`,`code_type`,`var_name`,`code_info`,`show_name`) VALUES('27','2','array','goods_list','a:2:{s:4:"name";s:12:"商品排行";s:5:"goods";a:7:{i:41;a:5:{s:8:"goods_id";s:2:"41";s:8:"store_id";s:1:"2";s:10:"goods_name";s:85:"金致润白弹力精华胶囊 美白保湿补水抗氧化抗衰老【演示数据】";s:11:"goods_price";s:6:"358.00";s:9:"goods_pic";s:67:"upload/store/goods/2/fdde88fceb45f66e35d9da05b23e3e40.jpg_small.jpg";}i:40;a:5:{s:8:"goods_id";s:2:"40";s:8:"store_id";s:1:"2";s:10:"goods_name";s:77:"玫瑰嫩白保湿面膜 美白保湿抗衰老 专柜正品【演示数据】";s:11:"goods_price";s:6:"138.00";s:9:"goods_pic";s:67:"upload/store/goods/2/4881e7d174693f1196e669b86643ddd8.jpg_small.jpg";}i:39;a:5:{s:8:"goods_id";s:2:"39";s:8:"store_id";s:1:"2";s:10:"goods_name";s:82:"正品补水眼部护理2件套 补水保湿 去黑眼圈/眼袋【演示数据】";s:11:"goods_price";s:5:"84.00";s:9:"goods_pic";s:67:"upload/store/goods/2/57ec6dae05bcb152e946401f1327c17a.jpg_small.jpg";}i:38;a:5:{s:8:"goods_id";s:2:"38";s:8:"store_id";s:1:"2";s:10:"goods_name";s:82:"御白3件套/面部护肤套装 美白保湿去黄气/暗沉肌【演示数据】";s:11:"goods_price";s:6:"119.00";s:9:"goods_pic";s:67:"upload/store/goods/2/16ad561a77804f7c76b03462d852f5ef.jpg_small.jpg";}i:49;a:5:{s:8:"goods_id";s:2:"49";s:8:"store_id";s:1:"2";s:10:"goods_name";s:81:"无暇矿物精华BB霜精华胶囊 尊贵包材享优惠价格【演示数据】";s:11:"goods_price";s:4:"8.00";s:9:"goods_pic";s:67:"upload/store/goods/2/4148eb0114cca80333da1f6924856bba.jpg_small.jpg";}i:47;a:5:{s:8:"goods_id";s:2:"47";s:8:"store_id";s:1:"2";s:10:"goods_name";s:69:"补水修颜2件套 深层补水保湿 美白修颜【演示数据】";s:11:"goods_price";s:5:"74.00";s:9:"goods_pic";s:67:"upload/store/goods/2/f047591bb2eb594d94849d08a652e184.jpg_small.jpg";}i:44;a:5:{s:8:"goods_id";s:2:"44";s:8:"store_id";s:1:"2";s:10:"goods_name";s:69:"茶盐柔润护手霜50ml 防水 滋润保湿美白【演示数据】";s:11:"goods_price";s:5:"32.00";s:9:"goods_pic";s:67:"upload/store/goods/2/84fcb7c4a35bd01af150ca5c0e068374.jpg_small.jpg";}}}','排行类型');
INSERT INTO `shopnc_web_code` (`code_id`,`web_id`,`code_type`,`var_name`,`code_info`,`show_name`) VALUES('28','2','array','adv','a:2:{s:3:"pic";s:56:"upload/adv/web-2-28_9f2f7dcad3049df7450cecd179e142d8.gif";s:3:"url";s:0:"";}','广告图片');
INSERT INTO `shopnc_web_code` (`code_id`,`web_id`,`code_type`,`var_name`,`code_info`,`show_name`) VALUES('29','2','array','brand_list','a:8:{i:1;a:3:{s:8:"brand_id";s:1:"1";s:10:"brand_name";s:11:"耐克/Nike";s:9:"brand_pic";s:49:"upload/brand/1d2dfbead590510046a6522551db8139.gif";}i:15;a:3:{s:8:"brand_id";s:2:"15";s:10:"brand_name";s:6:"茵宝";s:9:"brand_pic";s:49:"upload/brand/26247430b09daa1b441b46008bfb6e6e.gif";}i:10;a:3:{s:8:"brand_id";s:2:"10";s:10:"brand_name";s:6:"匡威";s:9:"brand_pic";s:49:"upload/brand/a0ac8c6d2d3dc1470d5876923182a8e2.gif";}i:12;a:3:{s:8:"brand_id";s:2:"12";s:10:"brand_name";s:21:"新百伦/new balance";s:9:"brand_pic";s:49:"upload/brand/9c5dee77a6ecdafd9e152fed8c6a4e90.gif";}i:2;a:3:{s:8:"brand_id";s:1:"2";s:10:"brand_name";s:19:"阿迪达斯/adidas";s:9:"brand_pic";s:49:"upload/brand/b175883eba95e793affb1b1ebbbf85a5.gif";}i:9;a:3:{s:8:"brand_id";s:1:"9";s:10:"brand_name";s:6:"安踏";s:9:"brand_pic";s:49:"upload/brand/6e61a1c953e5bc8c5f1ffdac36862245.gif";}i:8;a:3:{s:8:"brand_id";s:1:"8";s:10:"brand_name";s:13:"李宁/LINING";s:9:"brand_pic";s:49:"upload/brand/209abd835cd2ce2208f2dc42ba10efb4.gif";}i:13;a:3:{s:8:"brand_id";s:2:"13";s:10:"brand_name";s:11:"彪马/PUMA";s:9:"brand_pic";s:49:"upload/brand/c820846e7f95b467a4c5f86140b26c28.gif";}}','品牌推荐');
INSERT INTO `shopnc_web_code` (`code_id`,`web_id`,`code_type`,`var_name`,`code_info`,`show_name`) VALUES('31','3','array','tit','a:2:{s:3:"pic";s:56:"upload/adv/web-3-31_ebd488bcb4e1e97798cc0528135fbdd6.png";s:3:"url";s:0:"";}','标题图片');
INSERT INTO `shopnc_web_code` (`code_id`,`web_id`,`code_type`,`var_name`,`code_info`,`show_name`) VALUES('32','3','array','category_list','a:2:{i:12;a:2:{s:9:"gc_parent";a:2:{s:5:"gc_id";s:2:"12";s:7:"gc_name";s:6:"女装";}s:11:"goods_class";a:10:{i:16;a:2:{s:5:"gc_id";s:2:"16";s:7:"gc_name";s:6:"棉衣";}i:17;a:2:{s:5:"gc_id";s:2:"17";s:7:"gc_name";s:12:"毛呢大衣";}i:18;a:2:{s:5:"gc_id";s:2:"18";s:7:"gc_name";s:6:"风衣";}i:19;a:2:{s:5:"gc_id";s:2:"19";s:7:"gc_name";s:9:"打底衫";}i:20;a:2:{s:5:"gc_id";s:2:"20";s:7:"gc_name";s:9:"情侣装";}i:21;a:2:{s:5:"gc_id";s:2:"21";s:7:"gc_name";s:12:"毛呢短裤";}i:22;a:2:{s:5:"gc_id";s:2:"22";s:7:"gc_name";s:9:"牛仔裤";}i:23;a:2:{s:5:"gc_id";s:2:"23";s:7:"gc_name";s:15:"加绒打底裤";}i:24;a:2:{s:5:"gc_id";s:2:"24";s:7:"gc_name";s:9:"小脚裤";}i:25;a:2:{s:5:"gc_id";s:2:"25";s:7:"gc_name";s:9:"半身裙";}}}i:13;a:2:{s:9:"gc_parent";a:2:{s:5:"gc_id";s:2:"13";s:7:"gc_name";s:6:"男装";}s:11:"goods_class";a:9:{i:15;a:2:{s:5:"gc_id";s:2:"15";s:7:"gc_name";s:9:"羽绒服";}i:28;a:2:{s:5:"gc_id";s:2:"28";s:7:"gc_name";s:6:"卫衣";}i:29;a:2:{s:5:"gc_id";s:2:"29";s:7:"gc_name";s:10:"长袖T恤";}i:30;a:2:{s:5:"gc_id";s:2:"30";s:7:"gc_name";s:12:"长袖衬衫";}i:32;a:2:{s:5:"gc_id";s:2:"32";s:7:"gc_name";s:6:"风衣";}i:33;a:2:{s:5:"gc_id";s:2:"33";s:7:"gc_name";s:12:"休闲西装";}i:34;a:2:{s:5:"gc_id";s:2:"34";s:7:"gc_name";s:6:"棉衣";}i:35;a:2:{s:5:"gc_id";s:2:"35";s:7:"gc_name";s:12:"休闲长裤";}i:36;a:2:{s:5:"gc_id";s:2:"36";s:7:"gc_name";s:12:"内衣内裤";}}}}','推荐分类');
INSERT INTO `shopnc_web_code` (`code_id`,`web_id`,`code_type`,`var_name`,`code_info`,`show_name`) VALUES('33','3','array','act','a:2:{s:3:"pic";s:56:"upload/adv/web-1-13_53bfbfc958cb55a435545033bd075bf3.png";s:3:"url";s:0:"";}','活动图片');
INSERT INTO `shopnc_web_code` (`code_id`,`web_id`,`code_type`,`var_name`,`code_info`,`show_name`) VALUES('35','3','array','recommend_list','a:1:{i:1;a:2:{s:9:"recommend";a:1:{s:4:"name";s:12:"男女服饰";}s:10:"goods_list";a:6:{i:28;a:5:{s:8:"goods_id";s:2:"28";s:8:"store_id";s:1:"2";s:10:"goods_name";s:66:"正品都市时尚女装假两件优雅针织衫【演示数据】";s:11:"goods_price";s:6:"182.00";s:9:"goods_pic";s:67:"upload/store/goods/2/04fb225ea46bd1346f330400eedb7ef2.jpg_small.jpg";}i:27;a:5:{s:8:"goods_id";s:2:"27";s:8:"store_id";s:1:"2";s:10:"goods_name";s:45:"女装收腰长款羽绒服【演示数据】";s:11:"goods_price";s:6:"798.00";s:9:"goods_pic";s:67:"upload/store/goods/2/ea64cc34f663159a68fde6872718541c.jpg_small.jpg";}i:25;a:5:{s:8:"goods_id";s:2:"25";s:8:"store_id";s:1:"2";s:10:"goods_name";s:48:"正品连帽硬朗帅气夹克【演示数据】";s:11:"goods_price";s:6:"348.00";s:9:"goods_pic";s:67:"upload/store/goods/2/ed3755ac3f250e8a7be3c14343c67832.jpg_small.jpg";}i:24;a:5:{s:8:"goods_id";s:2:"24";s:8:"store_id";s:1:"2";s:10:"goods_name";s:62:"时尚都市舒适潮流长袖T恤edc-JE0722【演示数据】";s:11:"goods_price";s:6:"133.00";s:9:"goods_pic";s:67:"upload/store/goods/2/ea36f7ea0aff6af0a50674b1619f7702.jpg_small.jpg";}i:22;a:5:{s:8:"goods_id";s:2:"22";s:8:"store_id";s:1:"2";s:10:"goods_name";s:48:"正品菱格连帽针织外套【演示数据】";s:11:"goods_price";s:6:"398.00";s:9:"goods_pic";s:67:"upload/store/goods/2/3f81874d594894d19150843c42fb1f8e.jpg_small.jpg";}i:21;a:5:{s:8:"goods_id";s:2:"21";s:8:"store_id";s:1:"2";s:10:"goods_name";s:51:"正品edc系列连帽休闲夹克【演示数据】";s:11:"goods_price";s:6:"300.00";s:9:"goods_pic";s:67:"upload/store/goods/2/ddfcab24bd812c466788eeba587f4057.jpg_small.jpg";}}}}','商品推荐');
INSERT INTO `shopnc_web_code` (`code_id`,`web_id`,`code_type`,`var_name`,`code_info`,`show_name`) VALUES('37','3','array','goods_list','a:2:{s:4:"name";s:12:"商品排行";s:5:"goods";a:7:{i:22;a:5:{s:8:"goods_id";s:2:"22";s:8:"store_id";s:1:"2";s:10:"goods_name";s:48:"正品菱格连帽针织外套【演示数据】";s:11:"goods_price";s:6:"398.00";s:9:"goods_pic";s:67:"upload/store/goods/2/3f81874d594894d19150843c42fb1f8e.jpg_small.jpg";}i:24;a:5:{s:8:"goods_id";s:2:"24";s:8:"store_id";s:1:"2";s:10:"goods_name";s:62:"时尚都市舒适潮流长袖T恤edc-JE0722【演示数据】";s:11:"goods_price";s:6:"133.00";s:9:"goods_pic";s:67:"upload/store/goods/2/ea36f7ea0aff6af0a50674b1619f7702.jpg_small.jpg";}i:19;a:5:{s:8:"goods_id";s:2:"19";s:8:"store_id";s:1:"2";s:10:"goods_name";s:67:"2011秋冬装新款女装韩版大码呢子大衣【演示数据】";s:11:"goods_price";s:6:"300.00";s:9:"goods_pic";s:67:"upload/store/goods/2/e9c053b2f4273024dab81dce35bdedec.jpg_small.jpg";}i:21;a:5:{s:8:"goods_id";s:2:"21";s:8:"store_id";s:1:"2";s:10:"goods_name";s:51:"正品edc系列连帽休闲夹克【演示数据】";s:11:"goods_price";s:6:"300.00";s:9:"goods_pic";s:67:"upload/store/goods/2/ddfcab24bd812c466788eeba587f4057.jpg_small.jpg";}i:16;a:5:{s:8:"goods_id";s:2:"16";s:8:"store_id";s:1:"2";s:10:"goods_name";s:76:"2011秋冬新款韩版大码毛领毛呢外套呢子大衣【演示数据】";s:11:"goods_price";s:6:"299.00";s:9:"goods_pic";s:67:"upload/store/goods/2/3f167760d8640f6c5c11f7f47efcd18d.jpg_small.jpg";}i:12;a:5:{s:8:"goods_id";s:2:"12";s:8:"store_id";s:1:"2";s:10:"goods_name";s:79:"2011冬季收腰中长款时尚狐狸毛领羽绒衣服外套【演示数据】";s:11:"goods_price";s:6:"439.00";s:9:"goods_pic";s:67:"upload/store/goods/2/e953812764730143d073f2a0d89a0226.jpg_small.jpg";}i:28;a:5:{s:8:"goods_id";s:2:"28";s:8:"store_id";s:1:"2";s:10:"goods_name";s:66:"正品都市时尚女装假两件优雅针织衫【演示数据】";s:11:"goods_price";s:6:"182.00";s:9:"goods_pic";s:67:"upload/store/goods/2/04fb225ea46bd1346f330400eedb7ef2.jpg_small.jpg";}}}','排行类型');
INSERT INTO `shopnc_web_code` (`code_id`,`web_id`,`code_type`,`var_name`,`code_info`,`show_name`) VALUES('38','3','array','adv','a:2:{s:3:"pic";s:56:"upload/adv/web-3-38_ff9bd2d724f7138cec1b1937000f4feb.jpg";s:3:"url";s:0:"";}','广告图片');
INSERT INTO `shopnc_web_code` (`code_id`,`web_id`,`code_type`,`var_name`,`code_info`,`show_name`) VALUES('39','3','array','brand_list','a:8:{i:11;a:3:{s:8:"brand_id";s:2:"11";s:10:"brand_name";s:6:"卡帕";s:9:"brand_pic";s:49:"upload/brand/354b80528d2fbeefbab33c563532517e.gif";}i:1;a:3:{s:8:"brand_id";s:1:"1";s:10:"brand_name";s:11:"耐克/Nike";s:9:"brand_pic";s:49:"upload/brand/1d2dfbead590510046a6522551db8139.gif";}i:15;a:3:{s:8:"brand_id";s:2:"15";s:10:"brand_name";s:6:"茵宝";s:9:"brand_pic";s:49:"upload/brand/26247430b09daa1b441b46008bfb6e6e.gif";}i:10;a:3:{s:8:"brand_id";s:2:"10";s:10:"brand_name";s:6:"匡威";s:9:"brand_pic";s:49:"upload/brand/a0ac8c6d2d3dc1470d5876923182a8e2.gif";}i:12;a:3:{s:8:"brand_id";s:2:"12";s:10:"brand_name";s:21:"新百伦/new balance";s:9:"brand_pic";s:49:"upload/brand/9c5dee77a6ecdafd9e152fed8c6a4e90.gif";}i:2;a:3:{s:8:"brand_id";s:1:"2";s:10:"brand_name";s:19:"阿迪达斯/adidas";s:9:"brand_pic";s:49:"upload/brand/b175883eba95e793affb1b1ebbbf85a5.gif";}i:9;a:3:{s:8:"brand_id";s:1:"9";s:10:"brand_name";s:6:"安踏";s:9:"brand_pic";s:49:"upload/brand/6e61a1c953e5bc8c5f1ffdac36862245.gif";}i:8;a:3:{s:8:"brand_id";s:1:"8";s:10:"brand_name";s:13:"李宁/LINING";s:9:"brand_pic";s:49:"upload/brand/209abd835cd2ce2208f2dc42ba10efb4.gif";}}','品牌推荐');
INSERT INTO `shopnc_web_code` (`code_id`,`web_id`,`code_type`,`var_name`,`code_info`,`show_name`) VALUES('41','4','array','tit','a:2:{s:3:"pic";s:56:"upload/adv/web-4-41_aa1184ab1026c95ec8cc3c6f8c282287.png";s:3:"url";s:0:"";}','标题图片');
INSERT INTO `shopnc_web_code` (`code_id`,`web_id`,`code_type`,`var_name`,`code_info`,`show_name`) VALUES('42','4','array','category_list','a:2:{i:286;a:2:{s:9:"gc_parent";a:2:{s:5:"gc_id";s:3:"286";s:7:"gc_name";s:12:"运动鞋帽";}s:11:"goods_class";a:8:{i:289;a:2:{s:5:"gc_id";s:3:"289";s:7:"gc_name";s:6:"板鞋";}i:290;a:2:{s:5:"gc_id";s:3:"290";s:7:"gc_name";s:9:"休闲鞋";}i:291;a:2:{s:5:"gc_id";s:3:"291";s:7:"gc_name";s:9:"篮球鞋";}i:292;a:2:{s:5:"gc_id";s:3:"292";s:7:"gc_name";s:9:"帆布鞋";}i:293;a:2:{s:5:"gc_id";s:3:"293";s:7:"gc_name";s:9:"跑步鞋";}i:294;a:2:{s:5:"gc_id";s:3:"294";s:7:"gc_name";s:9:"足球鞋";}i:295;a:2:{s:5:"gc_id";s:3:"295";s:7:"gc_name";s:9:"网球鞋";}i:296;a:2:{s:5:"gc_id";s:3:"296";s:7:"gc_name";s:9:"训练鞋";}}}i:287;a:2:{s:9:"gc_parent";a:2:{s:5:"gc_id";s:3:"287";s:7:"gc_name";s:12:"运动服包";}s:11:"goods_class";a:10:{i:297;a:2:{s:5:"gc_id";s:3:"297";s:7:"gc_name";s:6:"套装";}i:298;a:2:{s:5:"gc_id";s:3:"298";s:7:"gc_name";s:13:"运动裤/裙";}i:299;a:2:{s:5:"gc_id";s:3:"299";s:7:"gc_name";s:13:"颈环/手环";}i:300;a:2:{s:5:"gc_id";s:3:"300";s:7:"gc_name";s:6:"夹克";}i:301;a:2:{s:5:"gc_id";s:3:"301";s:7:"gc_name";s:9:"运动包";}i:302;a:2:{s:5:"gc_id";s:3:"302";s:7:"gc_name";s:12:"运动风衣";}i:303;a:2:{s:5:"gc_id";s:3:"303";s:7:"gc_name";s:9:"休闲裤";}i:304;a:2:{s:5:"gc_id";s:3:"304";s:7:"gc_name";s:12:"运动配件";}i:305;a:2:{s:5:"gc_id";s:3:"305";s:7:"gc_name";s:10:"运动POLO";}i:306;a:2:{s:5:"gc_id";s:3:"306";s:7:"gc_name";s:9:"针织衫";}}}}','推荐分类');
INSERT INTO `shopnc_web_code` (`code_id`,`web_id`,`code_type`,`var_name`,`code_info`,`show_name`) VALUES('43','4','array','act','a:2:{s:3:"pic";s:56:"upload/adv/web-1-13_53bfbfc958cb55a435545033bd075bf3.png";s:3:"url";s:0:"";}','活动图片');
INSERT INTO `shopnc_web_code` (`code_id`,`web_id`,`code_type`,`var_name`,`code_info`,`show_name`) VALUES('45','4','array','recommend_list','a:1:{i:1;a:2:{s:9:"recommend";a:1:{s:4:"name";s:12:"运动户外";}s:10:"goods_list";a:6:{i:61;a:5:{s:8:"goods_id";s:2:"61";s:8:"store_id";s:1:"2";s:10:"goods_name";s:47:"New Balance/新百伦服装 女短袖圆领T恤";s:11:"goods_price";s:6:"169.00";s:9:"goods_pic";s:67:"upload/store/goods/2/822d3f8d9c9330f074a2eb993a92d5c5.jpg_small.jpg";}i:62;a:5:{s:8:"goods_id";s:2:"62";s:8:"store_id";s:1:"2";s:10:"goods_name";s:50:"New Balance/新百伦服装 男式短袖圆领T恤";s:11:"goods_price";s:5:"99.00";s:9:"goods_pic";s:67:"upload/store/goods/2/b16a7e3f6731b29fbb6bd236d4c9d300.jpg_small.jpg";}i:63;a:5:{s:8:"goods_id";s:2:"63";s:8:"store_id";s:1:"2";s:10:"goods_name";s:66:"正品 LINING 李宁服装 女无袖圆领背心【演示数据】";s:11:"goods_price";s:5:"80.00";s:9:"goods_pic";s:67:"upload/store/goods/2/5c169228f0f4d8ad2cae5b132c2b269c.jpg_small.jpg";}i:66;a:5:{s:8:"goods_id";s:2:"66";s:8:"store_id";s:1:"2";s:10:"goods_name";s:70:"李宁 lining 专柜正品 足球鞋 女式运动鞋【演示数据】";s:11:"goods_price";s:5:"98.00";s:9:"goods_pic";s:67:"upload/store/goods/2/1dbc94fa0d60cba3990b89ccb01f82c2.jpg_small.jpg";}i:70;a:5:{s:8:"goods_id";s:2:"70";s:8:"store_id";s:1:"2";s:10:"goods_name";s:49:"三叶草adidasSUPERSTARIICQ正品男式运动鞋";s:11:"goods_price";s:6:"519.00";s:9:"goods_pic";s:67:"upload/store/goods/2/49612054bdba0511da6eeb3a474abdee.jpg_small.jpg";}i:64;a:5:{s:8:"goods_id";s:2:"64";s:8:"store_id";s:1:"2";s:10:"goods_name";s:64:"新百伦newbalance专柜正品男式运动鞋【演示数据】";s:11:"goods_price";s:6:"580.00";s:9:"goods_pic";s:67:"upload/store/goods/2/10edbe1528c2eef0feb5a956410f5b3b.jpg_small.jpg";}}}}','商品推荐');
INSERT INTO `shopnc_web_code` (`code_id`,`web_id`,`code_type`,`var_name`,`code_info`,`show_name`) VALUES('47','4','array','goods_list','a:2:{s:4:"name";s:12:"商品排行";s:5:"goods";a:7:{i:52;a:5:{s:8:"goods_id";s:2:"52";s:8:"store_id";s:1:"2";s:10:"goods_name";s:57:"LINING 李宁服装 男圆领短袖T恤【演示数据】";s:11:"goods_price";s:5:"99.00";s:9:"goods_pic";s:67:"upload/store/goods/2/60ade3674d042f47b1bce40ae42df2c8.jpg_small.jpg";}i:58;a:5:{s:8:"goods_id";s:2:"58";s:8:"store_id";s:1:"2";s:10:"goods_name";s:42:"LINING/李宁服装 女短袖翻领POLO衫";s:11:"goods_price";s:5:"99.00";s:9:"goods_pic";s:67:"upload/store/goods/2/a490e4e7242f80d4dcf4d7fa55f2b1d5.jpg_small.jpg";}i:60;a:5:{s:8:"goods_id";s:2:"60";s:8:"store_id";s:1:"2";s:10:"goods_name";s:66:"专柜正品/李宁服装 男短袖翻领POLO衫【演示数据】";s:11:"goods_price";s:5:"99.00";s:9:"goods_pic";s:67:"upload/store/goods/2/2dd23ee4eab519f1ab3492306039d888.jpg_small.jpg";}i:61;a:5:{s:8:"goods_id";s:2:"61";s:8:"store_id";s:1:"2";s:10:"goods_name";s:47:"New Balance/新百伦服装 女短袖圆领T恤";s:11:"goods_price";s:6:"169.00";s:9:"goods_pic";s:67:"upload/store/goods/2/822d3f8d9c9330f074a2eb993a92d5c5.jpg_small.jpg";}i:55;a:5:{s:8:"goods_id";s:2:"55";s:8:"store_id";s:1:"2";s:10:"goods_name";s:53:"李宁服装 男短袖翻领Polo衫【演示数据】";s:11:"goods_price";s:5:"99.00";s:9:"goods_pic";s:67:"upload/store/goods/2/9cefcbe37e9c0d4f488e1b8bde91d2ba.jpg_small.jpg";}i:62;a:5:{s:8:"goods_id";s:2:"62";s:8:"store_id";s:1:"2";s:10:"goods_name";s:50:"New Balance/新百伦服装 男式短袖圆领T恤";s:11:"goods_price";s:5:"99.00";s:9:"goods_pic";s:67:"upload/store/goods/2/b16a7e3f6731b29fbb6bd236d4c9d300.jpg_small.jpg";}i:63;a:5:{s:8:"goods_id";s:2:"63";s:8:"store_id";s:1:"2";s:10:"goods_name";s:66:"正品 LINING 李宁服装 女无袖圆领背心【演示数据】";s:11:"goods_price";s:5:"80.00";s:9:"goods_pic";s:67:"upload/store/goods/2/5c169228f0f4d8ad2cae5b132c2b269c.jpg_small.jpg";}}}','排行类型');
INSERT INTO `shopnc_web_code` (`code_id`,`web_id`,`code_type`,`var_name`,`code_info`,`show_name`) VALUES('48','4','array','adv','a:2:{s:3:"pic";s:56:"upload/adv/web-4-48_cce6e8b8852046a712028b85f99bfe20.jpg";s:3:"url";s:0:"";}','广告图片');
INSERT INTO `shopnc_web_code` (`code_id`,`web_id`,`code_type`,`var_name`,`code_info`,`show_name`) VALUES('49','4','array','brand_list','a:8:{i:11;a:3:{s:8:"brand_id";s:2:"11";s:10:"brand_name";s:6:"卡帕";s:9:"brand_pic";s:49:"upload/brand/354b80528d2fbeefbab33c563532517e.gif";}i:1;a:3:{s:8:"brand_id";s:1:"1";s:10:"brand_name";s:11:"耐克/Nike";s:9:"brand_pic";s:49:"upload/brand/1d2dfbead590510046a6522551db8139.gif";}i:15;a:3:{s:8:"brand_id";s:2:"15";s:10:"brand_name";s:6:"茵宝";s:9:"brand_pic";s:49:"upload/brand/26247430b09daa1b441b46008bfb6e6e.gif";}i:10;a:3:{s:8:"brand_id";s:2:"10";s:10:"brand_name";s:6:"匡威";s:9:"brand_pic";s:49:"upload/brand/a0ac8c6d2d3dc1470d5876923182a8e2.gif";}i:12;a:3:{s:8:"brand_id";s:2:"12";s:10:"brand_name";s:21:"新百伦/new balance";s:9:"brand_pic";s:49:"upload/brand/9c5dee77a6ecdafd9e152fed8c6a4e90.gif";}i:2;a:3:{s:8:"brand_id";s:1:"2";s:10:"brand_name";s:19:"阿迪达斯/adidas";s:9:"brand_pic";s:49:"upload/brand/b175883eba95e793affb1b1ebbbf85a5.gif";}i:9;a:3:{s:8:"brand_id";s:1:"9";s:10:"brand_name";s:6:"安踏";s:9:"brand_pic";s:49:"upload/brand/6e61a1c953e5bc8c5f1ffdac36862245.gif";}i:8;a:3:{s:8:"brand_id";s:1:"8";s:10:"brand_name";s:13:"李宁/LINING";s:9:"brand_pic";s:49:"upload/brand/209abd835cd2ce2208f2dc42ba10efb4.gif";}}','品牌推荐');
INSERT INTO `shopnc_web_code` (`code_id`,`web_id`,`code_type`,`var_name`,`code_info`,`show_name`) VALUES('51','5','array','tit','a:2:{s:3:"pic";s:56:"upload/adv/web-1-11_f3acb5954fbdeef69591fd5a84ac3adb.png";s:3:"url";s:0:"";}','标题图片');
INSERT INTO `shopnc_web_code` (`code_id`,`web_id`,`code_type`,`var_name`,`code_info`,`show_name`) VALUES('52','5','array','category_list','a:2:{i:200;a:2:{s:9:"gc_parent";a:2:{s:5:"gc_id";s:3:"200";s:7:"gc_name";s:12:"休闲零食";}s:11:"goods_class";a:9:{i:203;a:2:{s:5:"gc_id";s:3:"203";s:7:"gc_name";s:6:"鸭脖";}i:204;a:2:{s:5:"gc_id";s:3:"204";s:7:"gc_name";s:6:"鸭舌";}i:205;a:2:{s:5:"gc_id";s:3:"205";s:7:"gc_name";s:6:"鸡翅";}i:206;a:2:{s:5:"gc_id";s:3:"206";s:7:"gc_name";s:9:"牛肉干";}i:207;a:2:{s:5:"gc_id";s:3:"207";s:7:"gc_name";s:9:"猪肉脯";}i:208;a:2:{s:5:"gc_id";s:3:"208";s:7:"gc_name";s:9:"猪肉松";}i:209;a:2:{s:5:"gc_id";s:3:"209";s:7:"gc_name";s:6:"糖果";}i:210;a:2:{s:5:"gc_id";s:3:"210";s:7:"gc_name";s:9:"鱿鱼丝";}i:211;a:2:{s:5:"gc_id";s:3:"211";s:7:"gc_name";s:12:"饼干糕点";}}}i:202;a:2:{s:9:"gc_parent";a:2:{s:5:"gc_id";s:3:"202";s:7:"gc_name";s:12:"蜜饯果脯";}s:11:"goods_class";a:8:{i:220;a:2:{s:5:"gc_id";s:3:"220";s:7:"gc_name";s:9:"芒果干";}i:221;a:2:{s:5:"gc_id";s:3:"221";s:7:"gc_name";s:9:"葡萄干";}i:222;a:2:{s:5:"gc_id";s:3:"222";s:7:"gc_name";s:6:"梅类";}i:223;a:2:{s:5:"gc_id";s:3:"223";s:7:"gc_name";s:9:"菠萝干";}i:224;a:2:{s:5:"gc_id";s:3:"224";s:7:"gc_name";s:9:"草莓干";}i:225;a:2:{s:5:"gc_id";s:3:"225";s:7:"gc_name";s:9:"香蕉干";}i:226;a:2:{s:5:"gc_id";s:3:"226";s:7:"gc_name";s:9:"玫瑰脯";}i:227;a:2:{s:5:"gc_id";s:3:"227";s:7:"gc_name";s:6:"蓝莓";}}}}','推荐分类');
INSERT INTO `shopnc_web_code` (`code_id`,`web_id`,`code_type`,`var_name`,`code_info`,`show_name`) VALUES('53','5','array','act','a:2:{s:3:"pic";s:56:"upload/adv/web-1-13_53bfbfc958cb55a435545033bd075bf3.png";s:3:"url";s:0:"";}','活动图片');
INSERT INTO `shopnc_web_code` (`code_id`,`web_id`,`code_type`,`var_name`,`code_info`,`show_name`) VALUES('55','5','array','recommend_list','a:1:{i:1;a:2:{s:9:"recommend";a:1:{s:4:"name";s:12:"食品保健";}s:10:"goods_list";a:6:{i:30;a:5:{s:8:"goods_id";s:2:"30";s:8:"store_id";s:1:"2";s:10:"goods_name";s:75:"燕之坊即冲粗粮豆米浆补气黑芝麻味单包28g【演示数据】";s:11:"goods_price";s:4:"1.00";s:9:"goods_pic";s:67:"upload/store/goods/2/984600f5e9d1a07163cbe01e7500ad11.jpg_small.jpg";}i:67;a:5:{s:8:"goods_id";s:2:"67";s:8:"store_id";s:1:"2";s:10:"goods_name";s:77:"优之良品橡皮糖黄芒果橡皮糖软糖零食QQ糖250【演示数据】";s:11:"goods_price";s:5:"18.00";s:9:"goods_pic";s:67:"upload/store/goods/2/6f8ff741b6c12a2d6f9cce86eb6cf1ad.jpg_small.jpg";}i:65;a:5:{s:8:"goods_id";s:2:"65";s:8:"store_id";s:1:"2";s:10:"goods_name";s:82:"零食喜糖好利源软糖鲜乳球婚庆糖果250g混合口味【演示数据】";s:11:"goods_price";s:4:"3.00";s:9:"goods_pic";s:67:"upload/store/goods/2/c1cb7ee7bc9b9e4a13bb2d7cc488818b.jpg_small.jpg";}i:69;a:5:{s:8:"goods_id";s:2:"69";s:8:"store_id";s:1:"2";s:10:"goods_name";s:84:"福建特产蜜饯话梅旺梅酸甜可口肉质爽甜健脾开胃【演示数据】";s:11:"goods_price";s:5:"22.80";s:9:"goods_pic";s:67:"upload/store/goods/2/52f831e8e55240c3f9d529976b88f8f0.jpg_small.jpg";}i:33;a:5:{s:8:"goods_id";s:2:"33";s:8:"store_id";s:1:"2";s:10:"goods_name";s:75:"新疆特级哈密五堡大枣(500克)养颜滋补红枣 【演示数据】";s:11:"goods_price";s:5:"45.00";s:9:"goods_pic";s:69:"upload/store/goods/2/70cd400bc29f748ebde074e04f1ad081.jpeg_small.jpeg";}i:29;a:5:{s:8:"goods_id";s:2:"29";s:8:"store_id";s:1:"2";s:10:"goods_name";s:63:"Truffles德菲丝松露巧克力果仁味400g【演示数据】";s:11:"goods_price";s:5:"99.00";s:9:"goods_pic";s:67:"upload/store/goods/2/b3fa422271ee0e974af458a049ca7e77.jpg_small.jpg";}}}}','商品推荐');
INSERT INTO `shopnc_web_code` (`code_id`,`web_id`,`code_type`,`var_name`,`code_info`,`show_name`) VALUES('57','5','array','goods_list','a:2:{s:4:"name";s:12:"商品排行";s:5:"goods";a:7:{i:67;a:5:{s:8:"goods_id";s:2:"67";s:8:"store_id";s:1:"2";s:10:"goods_name";s:77:"优之良品橡皮糖黄芒果橡皮糖软糖零食QQ糖250【演示数据】";s:11:"goods_price";s:5:"18.00";s:9:"goods_pic";s:67:"upload/store/goods/2/6f8ff741b6c12a2d6f9cce86eb6cf1ad.jpg_small.jpg";}i:69;a:5:{s:8:"goods_id";s:2:"69";s:8:"store_id";s:1:"2";s:10:"goods_name";s:84:"福建特产蜜饯话梅旺梅酸甜可口肉质爽甜健脾开胃【演示数据】";s:11:"goods_price";s:5:"22.80";s:9:"goods_pic";s:67:"upload/store/goods/2/52f831e8e55240c3f9d529976b88f8f0.jpg_small.jpg";}i:71;a:5:{s:8:"goods_id";s:2:"71";s:8:"store_id";s:1:"2";s:10:"goods_name";s:76:"梅怡馆大畈屋梅饴馆生梅老梅干礼盒1/1 160克【演示数据】";s:11:"goods_price";s:5:"39.00";s:9:"goods_pic";s:69:"upload/store/goods/2/6d9d3912f417bb1cd5c77264e35a7431.jpeg_small.jpeg";}i:30;a:5:{s:8:"goods_id";s:2:"30";s:8:"store_id";s:1:"2";s:10:"goods_name";s:75:"燕之坊即冲粗粮豆米浆补气黑芝麻味单包28g【演示数据】";s:11:"goods_price";s:4:"1.00";s:9:"goods_pic";s:67:"upload/store/goods/2/984600f5e9d1a07163cbe01e7500ad11.jpg_small.jpg";}i:23;a:5:{s:8:"goods_id";s:2:"23";s:8:"store_id";s:1:"2";s:10:"goods_name";s:76:"武陵泰味酱板系列酱板鸭脖礼盒装400g/内含40【演示数据】";s:11:"goods_price";s:5:"40.00";s:9:"goods_pic";s:69:"upload/store/goods/2/c9d06fe0d1bdbbef07b4a68fb6d826b8.jpeg_small.jpeg";}i:29;a:5:{s:8:"goods_id";s:2:"29";s:8:"store_id";s:1:"2";s:10:"goods_name";s:63:"Truffles德菲丝松露巧克力果仁味400g【演示数据】";s:11:"goods_price";s:5:"99.00";s:9:"goods_pic";s:67:"upload/store/goods/2/b3fa422271ee0e974af458a049ca7e77.jpg_small.jpg";}i:26;a:5:{s:8:"goods_id";s:2:"26";s:8:"store_id";s:1:"2";s:10:"goods_name";s:84:"法国进口德菲丝/德菲斯松露巧克力 浓情古典系列 【演示数据】";s:11:"goods_price";s:5:"99.00";s:9:"goods_pic";s:67:"upload/store/goods/2/8a0cfade0b152c137a6855c580efeaa9.jpg_small.jpg";}}}','排行类型');
INSERT INTO `shopnc_web_code` (`code_id`,`web_id`,`code_type`,`var_name`,`code_info`,`show_name`) VALUES('58','5','array','adv','a:2:{s:3:"pic";s:56:"upload/adv/web-1-18_4c91b4889516f10059e6ccf921542323.gif";s:3:"url";s:0:"";}','广告图片');
INSERT INTO `shopnc_web_code` (`code_id`,`web_id`,`code_type`,`var_name`,`code_info`,`show_name`) VALUES('59','5','array','brand_list','a:8:{i:11;a:3:{s:8:"brand_id";s:2:"11";s:10:"brand_name";s:6:"卡帕";s:9:"brand_pic";s:49:"upload/brand/354b80528d2fbeefbab33c563532517e.gif";}i:1;a:3:{s:8:"brand_id";s:1:"1";s:10:"brand_name";s:11:"耐克/Nike";s:9:"brand_pic";s:49:"upload/brand/1d2dfbead590510046a6522551db8139.gif";}i:15;a:3:{s:8:"brand_id";s:2:"15";s:10:"brand_name";s:6:"茵宝";s:9:"brand_pic";s:49:"upload/brand/26247430b09daa1b441b46008bfb6e6e.gif";}i:10;a:3:{s:8:"brand_id";s:2:"10";s:10:"brand_name";s:6:"匡威";s:9:"brand_pic";s:49:"upload/brand/a0ac8c6d2d3dc1470d5876923182a8e2.gif";}i:12;a:3:{s:8:"brand_id";s:2:"12";s:10:"brand_name";s:21:"新百伦/new balance";s:9:"brand_pic";s:49:"upload/brand/9c5dee77a6ecdafd9e152fed8c6a4e90.gif";}i:2;a:3:{s:8:"brand_id";s:1:"2";s:10:"brand_name";s:19:"阿迪达斯/adidas";s:9:"brand_pic";s:49:"upload/brand/b175883eba95e793affb1b1ebbbf85a5.gif";}i:9;a:3:{s:8:"brand_id";s:1:"9";s:10:"brand_name";s:6:"安踏";s:9:"brand_pic";s:49:"upload/brand/6e61a1c953e5bc8c5f1ffdac36862245.gif";}i:8;a:3:{s:8:"brand_id";s:1:"8";s:10:"brand_name";s:13:"李宁/LINING";s:9:"brand_pic";s:49:"upload/brand/209abd835cd2ce2208f2dc42ba10efb4.gif";}}','品牌推荐');
INSERT INTO `shopnc_web_code` (`code_id`,`web_id`,`code_type`,`var_name`,`code_info`,`show_name`) VALUES('61','6','array','tit','a:2:{s:3:"pic";s:56:"upload/adv/web-1-11_f3acb5954fbdeef69591fd5a84ac3adb.png";s:3:"url";s:0:"";}','标题图片');
INSERT INTO `shopnc_web_code` (`code_id`,`web_id`,`code_type`,`var_name`,`code_info`,`show_name`) VALUES('62','6','array','category_list','a:2:{i:200;a:2:{s:9:"gc_parent";a:2:{s:5:"gc_id";s:3:"200";s:7:"gc_name";s:12:"休闲零食";}s:11:"goods_class";a:9:{i:203;a:2:{s:5:"gc_id";s:3:"203";s:7:"gc_name";s:6:"鸭脖";}i:204;a:2:{s:5:"gc_id";s:3:"204";s:7:"gc_name";s:6:"鸭舌";}i:205;a:2:{s:5:"gc_id";s:3:"205";s:7:"gc_name";s:6:"鸡翅";}i:206;a:2:{s:5:"gc_id";s:3:"206";s:7:"gc_name";s:9:"牛肉干";}i:207;a:2:{s:5:"gc_id";s:3:"207";s:7:"gc_name";s:9:"猪肉脯";}i:208;a:2:{s:5:"gc_id";s:3:"208";s:7:"gc_name";s:9:"猪肉松";}i:209;a:2:{s:5:"gc_id";s:3:"209";s:7:"gc_name";s:6:"糖果";}i:210;a:2:{s:5:"gc_id";s:3:"210";s:7:"gc_name";s:9:"鱿鱼丝";}i:211;a:2:{s:5:"gc_id";s:3:"211";s:7:"gc_name";s:12:"饼干糕点";}}}i:202;a:2:{s:9:"gc_parent";a:2:{s:5:"gc_id";s:3:"202";s:7:"gc_name";s:12:"蜜饯果脯";}s:11:"goods_class";a:8:{i:220;a:2:{s:5:"gc_id";s:3:"220";s:7:"gc_name";s:9:"芒果干";}i:221;a:2:{s:5:"gc_id";s:3:"221";s:7:"gc_name";s:9:"葡萄干";}i:222;a:2:{s:5:"gc_id";s:3:"222";s:7:"gc_name";s:6:"梅类";}i:223;a:2:{s:5:"gc_id";s:3:"223";s:7:"gc_name";s:9:"菠萝干";}i:224;a:2:{s:5:"gc_id";s:3:"224";s:7:"gc_name";s:9:"草莓干";}i:225;a:2:{s:5:"gc_id";s:3:"225";s:7:"gc_name";s:9:"香蕉干";}i:226;a:2:{s:5:"gc_id";s:3:"226";s:7:"gc_name";s:9:"玫瑰脯";}i:227;a:2:{s:5:"gc_id";s:3:"227";s:7:"gc_name";s:6:"蓝莓";}}}}','推荐分类');
INSERT INTO `shopnc_web_code` (`code_id`,`web_id`,`code_type`,`var_name`,`code_info`,`show_name`) VALUES('63','6','array','act','a:2:{s:3:"pic";s:56:"upload/adv/web-1-13_53bfbfc958cb55a435545033bd075bf3.png";s:3:"url";s:0:"";}','活动图片');
INSERT INTO `shopnc_web_code` (`code_id`,`web_id`,`code_type`,`var_name`,`code_info`,`show_name`) VALUES('65','6','array','recommend_list','a:1:{i:1;a:2:{s:9:"recommend";a:1:{s:4:"name";s:12:"食品保健";}s:10:"goods_list";a:6:{i:30;a:5:{s:8:"goods_id";s:2:"30";s:8:"store_id";s:1:"2";s:10:"goods_name";s:75:"燕之坊即冲粗粮豆米浆补气黑芝麻味单包28g【演示数据】";s:11:"goods_price";s:4:"1.00";s:9:"goods_pic";s:67:"upload/store/goods/2/984600f5e9d1a07163cbe01e7500ad11.jpg_small.jpg";}i:67;a:5:{s:8:"goods_id";s:2:"67";s:8:"store_id";s:1:"2";s:10:"goods_name";s:77:"优之良品橡皮糖黄芒果橡皮糖软糖零食QQ糖250【演示数据】";s:11:"goods_price";s:5:"18.00";s:9:"goods_pic";s:67:"upload/store/goods/2/6f8ff741b6c12a2d6f9cce86eb6cf1ad.jpg_small.jpg";}i:65;a:5:{s:8:"goods_id";s:2:"65";s:8:"store_id";s:1:"2";s:10:"goods_name";s:82:"零食喜糖好利源软糖鲜乳球婚庆糖果250g混合口味【演示数据】";s:11:"goods_price";s:4:"3.00";s:9:"goods_pic";s:67:"upload/store/goods/2/c1cb7ee7bc9b9e4a13bb2d7cc488818b.jpg_small.jpg";}i:69;a:5:{s:8:"goods_id";s:2:"69";s:8:"store_id";s:1:"2";s:10:"goods_name";s:84:"福建特产蜜饯话梅旺梅酸甜可口肉质爽甜健脾开胃【演示数据】";s:11:"goods_price";s:5:"22.80";s:9:"goods_pic";s:67:"upload/store/goods/2/52f831e8e55240c3f9d529976b88f8f0.jpg_small.jpg";}i:33;a:5:{s:8:"goods_id";s:2:"33";s:8:"store_id";s:1:"2";s:10:"goods_name";s:75:"新疆特级哈密五堡大枣(500克)养颜滋补红枣 【演示数据】";s:11:"goods_price";s:5:"45.00";s:9:"goods_pic";s:69:"upload/store/goods/2/70cd400bc29f748ebde074e04f1ad081.jpeg_small.jpeg";}i:29;a:5:{s:8:"goods_id";s:2:"29";s:8:"store_id";s:1:"2";s:10:"goods_name";s:63:"Truffles德菲丝松露巧克力果仁味400g【演示数据】";s:11:"goods_price";s:5:"99.00";s:9:"goods_pic";s:67:"upload/store/goods/2/b3fa422271ee0e974af458a049ca7e77.jpg_small.jpg";}}}}','商品推荐');
INSERT INTO `shopnc_web_code` (`code_id`,`web_id`,`code_type`,`var_name`,`code_info`,`show_name`) VALUES('67','6','array','goods_list','a:2:{s:4:"name";s:12:"商品排行";s:5:"goods";a:7:{i:67;a:5:{s:8:"goods_id";s:2:"67";s:8:"store_id";s:1:"2";s:10:"goods_name";s:77:"优之良品橡皮糖黄芒果橡皮糖软糖零食QQ糖250【演示数据】";s:11:"goods_price";s:5:"18.00";s:9:"goods_pic";s:67:"upload/store/goods/2/6f8ff741b6c12a2d6f9cce86eb6cf1ad.jpg_small.jpg";}i:69;a:5:{s:8:"goods_id";s:2:"69";s:8:"store_id";s:1:"2";s:10:"goods_name";s:84:"福建特产蜜饯话梅旺梅酸甜可口肉质爽甜健脾开胃【演示数据】";s:11:"goods_price";s:5:"22.80";s:9:"goods_pic";s:67:"upload/store/goods/2/52f831e8e55240c3f9d529976b88f8f0.jpg_small.jpg";}i:71;a:5:{s:8:"goods_id";s:2:"71";s:8:"store_id";s:1:"2";s:10:"goods_name";s:76:"梅怡馆大畈屋梅饴馆生梅老梅干礼盒1/1 160克【演示数据】";s:11:"goods_price";s:5:"39.00";s:9:"goods_pic";s:69:"upload/store/goods/2/6d9d3912f417bb1cd5c77264e35a7431.jpeg_small.jpeg";}i:30;a:5:{s:8:"goods_id";s:2:"30";s:8:"store_id";s:1:"2";s:10:"goods_name";s:75:"燕之坊即冲粗粮豆米浆补气黑芝麻味单包28g【演示数据】";s:11:"goods_price";s:4:"1.00";s:9:"goods_pic";s:67:"upload/store/goods/2/984600f5e9d1a07163cbe01e7500ad11.jpg_small.jpg";}i:23;a:5:{s:8:"goods_id";s:2:"23";s:8:"store_id";s:1:"2";s:10:"goods_name";s:76:"武陵泰味酱板系列酱板鸭脖礼盒装400g/内含40【演示数据】";s:11:"goods_price";s:5:"40.00";s:9:"goods_pic";s:69:"upload/store/goods/2/c9d06fe0d1bdbbef07b4a68fb6d826b8.jpeg_small.jpeg";}i:29;a:5:{s:8:"goods_id";s:2:"29";s:8:"store_id";s:1:"2";s:10:"goods_name";s:63:"Truffles德菲丝松露巧克力果仁味400g【演示数据】";s:11:"goods_price";s:5:"99.00";s:9:"goods_pic";s:67:"upload/store/goods/2/b3fa422271ee0e974af458a049ca7e77.jpg_small.jpg";}i:26;a:5:{s:8:"goods_id";s:2:"26";s:8:"store_id";s:1:"2";s:10:"goods_name";s:84:"法国进口德菲丝/德菲斯松露巧克力 浓情古典系列 【演示数据】";s:11:"goods_price";s:5:"99.00";s:9:"goods_pic";s:67:"upload/store/goods/2/8a0cfade0b152c137a6855c580efeaa9.jpg_small.jpg";}}}','排行类型');
INSERT INTO `shopnc_web_code` (`code_id`,`web_id`,`code_type`,`var_name`,`code_info`,`show_name`) VALUES('68','6','array','adv','a:2:{s:3:"pic";s:56:"upload/adv/web-1-18_4c91b4889516f10059e6ccf921542323.gif";s:3:"url";s:0:"";}','广告图片');
INSERT INTO `shopnc_web_code` (`code_id`,`web_id`,`code_type`,`var_name`,`code_info`,`show_name`) VALUES('69','6','array','brand_list','a:8:{i:11;a:3:{s:8:"brand_id";s:2:"11";s:10:"brand_name";s:6:"卡帕";s:9:"brand_pic";s:49:"upload/brand/354b80528d2fbeefbab33c563532517e.gif";}i:1;a:3:{s:8:"brand_id";s:1:"1";s:10:"brand_name";s:11:"耐克/Nike";s:9:"brand_pic";s:49:"upload/brand/1d2dfbead590510046a6522551db8139.gif";}i:15;a:3:{s:8:"brand_id";s:2:"15";s:10:"brand_name";s:6:"茵宝";s:9:"brand_pic";s:49:"upload/brand/26247430b09daa1b441b46008bfb6e6e.gif";}i:10;a:3:{s:8:"brand_id";s:2:"10";s:10:"brand_name";s:6:"匡威";s:9:"brand_pic";s:49:"upload/brand/a0ac8c6d2d3dc1470d5876923182a8e2.gif";}i:12;a:3:{s:8:"brand_id";s:2:"12";s:10:"brand_name";s:21:"新百伦/new balance";s:9:"brand_pic";s:49:"upload/brand/9c5dee77a6ecdafd9e152fed8c6a4e90.gif";}i:2;a:3:{s:8:"brand_id";s:1:"2";s:10:"brand_name";s:19:"阿迪达斯/adidas";s:9:"brand_pic";s:49:"upload/brand/b175883eba95e793affb1b1ebbbf85a5.gif";}i:9;a:3:{s:8:"brand_id";s:1:"9";s:10:"brand_name";s:6:"安踏";s:9:"brand_pic";s:49:"upload/brand/6e61a1c953e5bc8c5f1ffdac36862245.gif";}i:8;a:3:{s:8:"brand_id";s:1:"8";s:10:"brand_name";s:13:"李宁/LINING";s:9:"brand_pic";s:49:"upload/brand/209abd835cd2ce2208f2dc42ba10efb4.gif";}}','品牌推荐');
INSERT INTO `shopnc_web_code` (`code_id`,`web_id`,`code_type`,`var_name`,`code_info`,`show_name`) VALUES('71','7','array','tit','a:2:{s:3:"pic";s:56:"upload/adv/web-1-11_f3acb5954fbdeef69591fd5a84ac3adb.png";s:3:"url";s:0:"";}','标题图片');
INSERT INTO `shopnc_web_code` (`code_id`,`web_id`,`code_type`,`var_name`,`code_info`,`show_name`) VALUES('72','7','array','category_list','a:2:{i:200;a:2:{s:9:"gc_parent";a:2:{s:5:"gc_id";s:3:"200";s:7:"gc_name";s:12:"休闲零食";}s:11:"goods_class";a:9:{i:203;a:2:{s:5:"gc_id";s:3:"203";s:7:"gc_name";s:6:"鸭脖";}i:204;a:2:{s:5:"gc_id";s:3:"204";s:7:"gc_name";s:6:"鸭舌";}i:205;a:2:{s:5:"gc_id";s:3:"205";s:7:"gc_name";s:6:"鸡翅";}i:206;a:2:{s:5:"gc_id";s:3:"206";s:7:"gc_name";s:9:"牛肉干";}i:207;a:2:{s:5:"gc_id";s:3:"207";s:7:"gc_name";s:9:"猪肉脯";}i:208;a:2:{s:5:"gc_id";s:3:"208";s:7:"gc_name";s:9:"猪肉松";}i:209;a:2:{s:5:"gc_id";s:3:"209";s:7:"gc_name";s:6:"糖果";}i:210;a:2:{s:5:"gc_id";s:3:"210";s:7:"gc_name";s:9:"鱿鱼丝";}i:211;a:2:{s:5:"gc_id";s:3:"211";s:7:"gc_name";s:12:"饼干糕点";}}}i:202;a:2:{s:9:"gc_parent";a:2:{s:5:"gc_id";s:3:"202";s:7:"gc_name";s:12:"蜜饯果脯";}s:11:"goods_class";a:8:{i:220;a:2:{s:5:"gc_id";s:3:"220";s:7:"gc_name";s:9:"芒果干";}i:221;a:2:{s:5:"gc_id";s:3:"221";s:7:"gc_name";s:9:"葡萄干";}i:222;a:2:{s:5:"gc_id";s:3:"222";s:7:"gc_name";s:6:"梅类";}i:223;a:2:{s:5:"gc_id";s:3:"223";s:7:"gc_name";s:9:"菠萝干";}i:224;a:2:{s:5:"gc_id";s:3:"224";s:7:"gc_name";s:9:"草莓干";}i:225;a:2:{s:5:"gc_id";s:3:"225";s:7:"gc_name";s:9:"香蕉干";}i:226;a:2:{s:5:"gc_id";s:3:"226";s:7:"gc_name";s:9:"玫瑰脯";}i:227;a:2:{s:5:"gc_id";s:3:"227";s:7:"gc_name";s:6:"蓝莓";}}}}','推荐分类');
INSERT INTO `shopnc_web_code` (`code_id`,`web_id`,`code_type`,`var_name`,`code_info`,`show_name`) VALUES('73','7','array','act','a:2:{s:3:"pic";s:56:"upload/adv/web-1-13_53bfbfc958cb55a435545033bd075bf3.png";s:3:"url";s:0:"";}','活动图片');
INSERT INTO `shopnc_web_code` (`code_id`,`web_id`,`code_type`,`var_name`,`code_info`,`show_name`) VALUES('75','7','array','recommend_list','a:1:{i:1;a:2:{s:9:"recommend";a:1:{s:4:"name";s:12:"食品保健";}s:10:"goods_list";a:6:{i:30;a:5:{s:8:"goods_id";s:2:"30";s:8:"store_id";s:1:"2";s:10:"goods_name";s:75:"燕之坊即冲粗粮豆米浆补气黑芝麻味单包28g【演示数据】";s:11:"goods_price";s:4:"1.00";s:9:"goods_pic";s:67:"upload/store/goods/2/984600f5e9d1a07163cbe01e7500ad11.jpg_small.jpg";}i:67;a:5:{s:8:"goods_id";s:2:"67";s:8:"store_id";s:1:"2";s:10:"goods_name";s:77:"优之良品橡皮糖黄芒果橡皮糖软糖零食QQ糖250【演示数据】";s:11:"goods_price";s:5:"18.00";s:9:"goods_pic";s:67:"upload/store/goods/2/6f8ff741b6c12a2d6f9cce86eb6cf1ad.jpg_small.jpg";}i:65;a:5:{s:8:"goods_id";s:2:"65";s:8:"store_id";s:1:"2";s:10:"goods_name";s:82:"零食喜糖好利源软糖鲜乳球婚庆糖果250g混合口味【演示数据】";s:11:"goods_price";s:4:"3.00";s:9:"goods_pic";s:67:"upload/store/goods/2/c1cb7ee7bc9b9e4a13bb2d7cc488818b.jpg_small.jpg";}i:69;a:5:{s:8:"goods_id";s:2:"69";s:8:"store_id";s:1:"2";s:10:"goods_name";s:84:"福建特产蜜饯话梅旺梅酸甜可口肉质爽甜健脾开胃【演示数据】";s:11:"goods_price";s:5:"22.80";s:9:"goods_pic";s:67:"upload/store/goods/2/52f831e8e55240c3f9d529976b88f8f0.jpg_small.jpg";}i:33;a:5:{s:8:"goods_id";s:2:"33";s:8:"store_id";s:1:"2";s:10:"goods_name";s:75:"新疆特级哈密五堡大枣(500克)养颜滋补红枣 【演示数据】";s:11:"goods_price";s:5:"45.00";s:9:"goods_pic";s:69:"upload/store/goods/2/70cd400bc29f748ebde074e04f1ad081.jpeg_small.jpeg";}i:29;a:5:{s:8:"goods_id";s:2:"29";s:8:"store_id";s:1:"2";s:10:"goods_name";s:63:"Truffles德菲丝松露巧克力果仁味400g【演示数据】";s:11:"goods_price";s:5:"99.00";s:9:"goods_pic";s:67:"upload/store/goods/2/b3fa422271ee0e974af458a049ca7e77.jpg_small.jpg";}}}}','商品推荐');
INSERT INTO `shopnc_web_code` (`code_id`,`web_id`,`code_type`,`var_name`,`code_info`,`show_name`) VALUES('77','7','array','goods_list','a:2:{s:4:"name";s:12:"商品排行";s:5:"goods";a:7:{i:67;a:5:{s:8:"goods_id";s:2:"67";s:8:"store_id";s:1:"2";s:10:"goods_name";s:77:"优之良品橡皮糖黄芒果橡皮糖软糖零食QQ糖250【演示数据】";s:11:"goods_price";s:5:"18.00";s:9:"goods_pic";s:67:"upload/store/goods/2/6f8ff741b6c12a2d6f9cce86eb6cf1ad.jpg_small.jpg";}i:69;a:5:{s:8:"goods_id";s:2:"69";s:8:"store_id";s:1:"2";s:10:"goods_name";s:84:"福建特产蜜饯话梅旺梅酸甜可口肉质爽甜健脾开胃【演示数据】";s:11:"goods_price";s:5:"22.80";s:9:"goods_pic";s:67:"upload/store/goods/2/52f831e8e55240c3f9d529976b88f8f0.jpg_small.jpg";}i:71;a:5:{s:8:"goods_id";s:2:"71";s:8:"store_id";s:1:"2";s:10:"goods_name";s:76:"梅怡馆大畈屋梅饴馆生梅老梅干礼盒1/1 160克【演示数据】";s:11:"goods_price";s:5:"39.00";s:9:"goods_pic";s:69:"upload/store/goods/2/6d9d3912f417bb1cd5c77264e35a7431.jpeg_small.jpeg";}i:30;a:5:{s:8:"goods_id";s:2:"30";s:8:"store_id";s:1:"2";s:10:"goods_name";s:75:"燕之坊即冲粗粮豆米浆补气黑芝麻味单包28g【演示数据】";s:11:"goods_price";s:4:"1.00";s:9:"goods_pic";s:67:"upload/store/goods/2/984600f5e9d1a07163cbe01e7500ad11.jpg_small.jpg";}i:23;a:5:{s:8:"goods_id";s:2:"23";s:8:"store_id";s:1:"2";s:10:"goods_name";s:76:"武陵泰味酱板系列酱板鸭脖礼盒装400g/内含40【演示数据】";s:11:"goods_price";s:5:"40.00";s:9:"goods_pic";s:69:"upload/store/goods/2/c9d06fe0d1bdbbef07b4a68fb6d826b8.jpeg_small.jpeg";}i:29;a:5:{s:8:"goods_id";s:2:"29";s:8:"store_id";s:1:"2";s:10:"goods_name";s:63:"Truffles德菲丝松露巧克力果仁味400g【演示数据】";s:11:"goods_price";s:5:"99.00";s:9:"goods_pic";s:67:"upload/store/goods/2/b3fa422271ee0e974af458a049ca7e77.jpg_small.jpg";}i:26;a:5:{s:8:"goods_id";s:2:"26";s:8:"store_id";s:1:"2";s:10:"goods_name";s:84:"法国进口德菲丝/德菲斯松露巧克力 浓情古典系列 【演示数据】";s:11:"goods_price";s:5:"99.00";s:9:"goods_pic";s:67:"upload/store/goods/2/8a0cfade0b152c137a6855c580efeaa9.jpg_small.jpg";}}}','排行类型');
INSERT INTO `shopnc_web_code` (`code_id`,`web_id`,`code_type`,`var_name`,`code_info`,`show_name`) VALUES('78','7','array','adv','a:2:{s:3:"pic";s:56:"upload/adv/web-1-18_4c91b4889516f10059e6ccf921542323.gif";s:3:"url";s:0:"";}','广告图片');
INSERT INTO `shopnc_web_code` (`code_id`,`web_id`,`code_type`,`var_name`,`code_info`,`show_name`) VALUES('79','7','array','brand_list','a:8:{i:11;a:3:{s:8:"brand_id";s:2:"11";s:10:"brand_name";s:6:"卡帕";s:9:"brand_pic";s:49:"upload/brand/354b80528d2fbeefbab33c563532517e.gif";}i:1;a:3:{s:8:"brand_id";s:1:"1";s:10:"brand_name";s:11:"耐克/Nike";s:9:"brand_pic";s:49:"upload/brand/1d2dfbead590510046a6522551db8139.gif";}i:15;a:3:{s:8:"brand_id";s:2:"15";s:10:"brand_name";s:6:"茵宝";s:9:"brand_pic";s:49:"upload/brand/26247430b09daa1b441b46008bfb6e6e.gif";}i:10;a:3:{s:8:"brand_id";s:2:"10";s:10:"brand_name";s:6:"匡威";s:9:"brand_pic";s:49:"upload/brand/a0ac8c6d2d3dc1470d5876923182a8e2.gif";}i:12;a:3:{s:8:"brand_id";s:2:"12";s:10:"brand_name";s:21:"新百伦/new balance";s:9:"brand_pic";s:49:"upload/brand/9c5dee77a6ecdafd9e152fed8c6a4e90.gif";}i:2;a:3:{s:8:"brand_id";s:1:"2";s:10:"brand_name";s:19:"阿迪达斯/adidas";s:9:"brand_pic";s:49:"upload/brand/b175883eba95e793affb1b1ebbbf85a5.gif";}i:9;a:3:{s:8:"brand_id";s:1:"9";s:10:"brand_name";s:6:"安踏";s:9:"brand_pic";s:49:"upload/brand/6e61a1c953e5bc8c5f1ffdac36862245.gif";}i:8;a:3:{s:8:"brand_id";s:1:"8";s:10:"brand_name";s:13:"李宁/LINING";s:9:"brand_pic";s:49:"upload/brand/209abd835cd2ce2208f2dc42ba10efb4.gif";}}','品牌推荐');
INSERT INTO `shopnc_web_code` (`code_id`,`web_id`,`code_type`,`var_name`,`code_info`,`show_name`) VALUES('81','8','array','tit','a:2:{s:3:"pic";s:56:"upload/adv/web-1-11_f3acb5954fbdeef69591fd5a84ac3adb.png";s:3:"url";s:0:"";}','标题图片');
INSERT INTO `shopnc_web_code` (`code_id`,`web_id`,`code_type`,`var_name`,`code_info`,`show_name`) VALUES('82','8','array','category_list','a:2:{i:200;a:2:{s:9:"gc_parent";a:2:{s:5:"gc_id";s:3:"200";s:7:"gc_name";s:12:"休闲零食";}s:11:"goods_class";a:9:{i:203;a:2:{s:5:"gc_id";s:3:"203";s:7:"gc_name";s:6:"鸭脖";}i:204;a:2:{s:5:"gc_id";s:3:"204";s:7:"gc_name";s:6:"鸭舌";}i:205;a:2:{s:5:"gc_id";s:3:"205";s:7:"gc_name";s:6:"鸡翅";}i:206;a:2:{s:5:"gc_id";s:3:"206";s:7:"gc_name";s:9:"牛肉干";}i:207;a:2:{s:5:"gc_id";s:3:"207";s:7:"gc_name";s:9:"猪肉脯";}i:208;a:2:{s:5:"gc_id";s:3:"208";s:7:"gc_name";s:9:"猪肉松";}i:209;a:2:{s:5:"gc_id";s:3:"209";s:7:"gc_name";s:6:"糖果";}i:210;a:2:{s:5:"gc_id";s:3:"210";s:7:"gc_name";s:9:"鱿鱼丝";}i:211;a:2:{s:5:"gc_id";s:3:"211";s:7:"gc_name";s:12:"饼干糕点";}}}i:202;a:2:{s:9:"gc_parent";a:2:{s:5:"gc_id";s:3:"202";s:7:"gc_name";s:12:"蜜饯果脯";}s:11:"goods_class";a:8:{i:220;a:2:{s:5:"gc_id";s:3:"220";s:7:"gc_name";s:9:"芒果干";}i:221;a:2:{s:5:"gc_id";s:3:"221";s:7:"gc_name";s:9:"葡萄干";}i:222;a:2:{s:5:"gc_id";s:3:"222";s:7:"gc_name";s:6:"梅类";}i:223;a:2:{s:5:"gc_id";s:3:"223";s:7:"gc_name";s:9:"菠萝干";}i:224;a:2:{s:5:"gc_id";s:3:"224";s:7:"gc_name";s:9:"草莓干";}i:225;a:2:{s:5:"gc_id";s:3:"225";s:7:"gc_name";s:9:"香蕉干";}i:226;a:2:{s:5:"gc_id";s:3:"226";s:7:"gc_name";s:9:"玫瑰脯";}i:227;a:2:{s:5:"gc_id";s:3:"227";s:7:"gc_name";s:6:"蓝莓";}}}}','推荐分类');
INSERT INTO `shopnc_web_code` (`code_id`,`web_id`,`code_type`,`var_name`,`code_info`,`show_name`) VALUES('83','8','array','act','a:2:{s:3:"pic";s:56:"upload/adv/web-1-13_53bfbfc958cb55a435545033bd075bf3.png";s:3:"url";s:0:"";}','活动图片');
INSERT INTO `shopnc_web_code` (`code_id`,`web_id`,`code_type`,`var_name`,`code_info`,`show_name`) VALUES('85','8','array','recommend_list','a:1:{i:1;a:2:{s:9:"recommend";a:1:{s:4:"name";s:12:"食品保健";}s:10:"goods_list";a:6:{i:30;a:5:{s:8:"goods_id";s:2:"30";s:8:"store_id";s:1:"2";s:10:"goods_name";s:75:"燕之坊即冲粗粮豆米浆补气黑芝麻味单包28g【演示数据】";s:11:"goods_price";s:4:"1.00";s:9:"goods_pic";s:67:"upload/store/goods/2/984600f5e9d1a07163cbe01e7500ad11.jpg_small.jpg";}i:67;a:5:{s:8:"goods_id";s:2:"67";s:8:"store_id";s:1:"2";s:10:"goods_name";s:77:"优之良品橡皮糖黄芒果橡皮糖软糖零食QQ糖250【演示数据】";s:11:"goods_price";s:5:"18.00";s:9:"goods_pic";s:67:"upload/store/goods/2/6f8ff741b6c12a2d6f9cce86eb6cf1ad.jpg_small.jpg";}i:65;a:5:{s:8:"goods_id";s:2:"65";s:8:"store_id";s:1:"2";s:10:"goods_name";s:82:"零食喜糖好利源软糖鲜乳球婚庆糖果250g混合口味【演示数据】";s:11:"goods_price";s:4:"3.00";s:9:"goods_pic";s:67:"upload/store/goods/2/c1cb7ee7bc9b9e4a13bb2d7cc488818b.jpg_small.jpg";}i:69;a:5:{s:8:"goods_id";s:2:"69";s:8:"store_id";s:1:"2";s:10:"goods_name";s:84:"福建特产蜜饯话梅旺梅酸甜可口肉质爽甜健脾开胃【演示数据】";s:11:"goods_price";s:5:"22.80";s:9:"goods_pic";s:67:"upload/store/goods/2/52f831e8e55240c3f9d529976b88f8f0.jpg_small.jpg";}i:33;a:5:{s:8:"goods_id";s:2:"33";s:8:"store_id";s:1:"2";s:10:"goods_name";s:75:"新疆特级哈密五堡大枣(500克)养颜滋补红枣 【演示数据】";s:11:"goods_price";s:5:"45.00";s:9:"goods_pic";s:69:"upload/store/goods/2/70cd400bc29f748ebde074e04f1ad081.jpeg_small.jpeg";}i:29;a:5:{s:8:"goods_id";s:2:"29";s:8:"store_id";s:1:"2";s:10:"goods_name";s:63:"Truffles德菲丝松露巧克力果仁味400g【演示数据】";s:11:"goods_price";s:5:"99.00";s:9:"goods_pic";s:67:"upload/store/goods/2/b3fa422271ee0e974af458a049ca7e77.jpg_small.jpg";}}}}','商品推荐');
INSERT INTO `shopnc_web_code` (`code_id`,`web_id`,`code_type`,`var_name`,`code_info`,`show_name`) VALUES('87','8','array','goods_list','a:2:{s:4:"name";s:12:"商品排行";s:5:"goods";a:7:{i:67;a:5:{s:8:"goods_id";s:2:"67";s:8:"store_id";s:1:"2";s:10:"goods_name";s:77:"优之良品橡皮糖黄芒果橡皮糖软糖零食QQ糖250【演示数据】";s:11:"goods_price";s:5:"18.00";s:9:"goods_pic";s:67:"upload/store/goods/2/6f8ff741b6c12a2d6f9cce86eb6cf1ad.jpg_small.jpg";}i:69;a:5:{s:8:"goods_id";s:2:"69";s:8:"store_id";s:1:"2";s:10:"goods_name";s:84:"福建特产蜜饯话梅旺梅酸甜可口肉质爽甜健脾开胃【演示数据】";s:11:"goods_price";s:5:"22.80";s:9:"goods_pic";s:67:"upload/store/goods/2/52f831e8e55240c3f9d529976b88f8f0.jpg_small.jpg";}i:71;a:5:{s:8:"goods_id";s:2:"71";s:8:"store_id";s:1:"2";s:10:"goods_name";s:76:"梅怡馆大畈屋梅饴馆生梅老梅干礼盒1/1 160克【演示数据】";s:11:"goods_price";s:5:"39.00";s:9:"goods_pic";s:69:"upload/store/goods/2/6d9d3912f417bb1cd5c77264e35a7431.jpeg_small.jpeg";}i:30;a:5:{s:8:"goods_id";s:2:"30";s:8:"store_id";s:1:"2";s:10:"goods_name";s:75:"燕之坊即冲粗粮豆米浆补气黑芝麻味单包28g【演示数据】";s:11:"goods_price";s:4:"1.00";s:9:"goods_pic";s:67:"upload/store/goods/2/984600f5e9d1a07163cbe01e7500ad11.jpg_small.jpg";}i:23;a:5:{s:8:"goods_id";s:2:"23";s:8:"store_id";s:1:"2";s:10:"goods_name";s:76:"武陵泰味酱板系列酱板鸭脖礼盒装400g/内含40【演示数据】";s:11:"goods_price";s:5:"40.00";s:9:"goods_pic";s:69:"upload/store/goods/2/c9d06fe0d1bdbbef07b4a68fb6d826b8.jpeg_small.jpeg";}i:29;a:5:{s:8:"goods_id";s:2:"29";s:8:"store_id";s:1:"2";s:10:"goods_name";s:63:"Truffles德菲丝松露巧克力果仁味400g【演示数据】";s:11:"goods_price";s:5:"99.00";s:9:"goods_pic";s:67:"upload/store/goods/2/b3fa422271ee0e974af458a049ca7e77.jpg_small.jpg";}i:26;a:5:{s:8:"goods_id";s:2:"26";s:8:"store_id";s:1:"2";s:10:"goods_name";s:84:"法国进口德菲丝/德菲斯松露巧克力 浓情古典系列 【演示数据】";s:11:"goods_price";s:5:"99.00";s:9:"goods_pic";s:67:"upload/store/goods/2/8a0cfade0b152c137a6855c580efeaa9.jpg_small.jpg";}}}','排行类型');
INSERT INTO `shopnc_web_code` (`code_id`,`web_id`,`code_type`,`var_name`,`code_info`,`show_name`) VALUES('88','8','array','adv','a:2:{s:3:"pic";s:56:"upload/adv/web-1-18_4c91b4889516f10059e6ccf921542323.gif";s:3:"url";s:0:"";}','广告图片');
INSERT INTO `shopnc_web_code` (`code_id`,`web_id`,`code_type`,`var_name`,`code_info`,`show_name`) VALUES('89','8','array','brand_list','a:8:{i:11;a:3:{s:8:"brand_id";s:2:"11";s:10:"brand_name";s:6:"卡帕";s:9:"brand_pic";s:49:"upload/brand/354b80528d2fbeefbab33c563532517e.gif";}i:1;a:3:{s:8:"brand_id";s:1:"1";s:10:"brand_name";s:11:"耐克/Nike";s:9:"brand_pic";s:49:"upload/brand/1d2dfbead590510046a6522551db8139.gif";}i:15;a:3:{s:8:"brand_id";s:2:"15";s:10:"brand_name";s:6:"茵宝";s:9:"brand_pic";s:49:"upload/brand/26247430b09daa1b441b46008bfb6e6e.gif";}i:10;a:3:{s:8:"brand_id";s:2:"10";s:10:"brand_name";s:6:"匡威";s:9:"brand_pic";s:49:"upload/brand/a0ac8c6d2d3dc1470d5876923182a8e2.gif";}i:12;a:3:{s:8:"brand_id";s:2:"12";s:10:"brand_name";s:21:"新百伦/new balance";s:9:"brand_pic";s:49:"upload/brand/9c5dee77a6ecdafd9e152fed8c6a4e90.gif";}i:2;a:3:{s:8:"brand_id";s:1:"2";s:10:"brand_name";s:19:"阿迪达斯/adidas";s:9:"brand_pic";s:49:"upload/brand/b175883eba95e793affb1b1ebbbf85a5.gif";}i:9;a:3:{s:8:"brand_id";s:1:"9";s:10:"brand_name";s:6:"安踏";s:9:"brand_pic";s:49:"upload/brand/6e61a1c953e5bc8c5f1ffdac36862245.gif";}i:8;a:3:{s:8:"brand_id";s:1:"8";s:10:"brand_name";s:13:"李宁/LINING";s:9:"brand_pic";s:49:"upload/brand/209abd835cd2ce2208f2dc42ba10efb4.gif";}}','品牌推荐');
